id,animal_zodiac,kr,fortune
1,rat,쥐띠,쥐띠에게 이번 주는 재물운이 상승하는 흐름입니다. 계획적인 소비와 저축을 추천합니다.
2,rat,쥐띠,쥐띠 이번 주는 감정적으로 안정된 흐름입니다. 오랫동안 묵혀둔 이야기를 꺼내보세요.
3,rat,쥐띠,쥐띠에게 이번 주는 예상치 못한 좋은 소식이 들려올 수 있습니다. 기대감을 가져보세요.
4,rat,쥐띠,쥐띠에게 이번 주는 예상치 못한 좋은 소식이 들려올 수 있습니다. 기대감을 가져보세요.
5,rat,쥐띠,쥐띠에게 이번 주는 예상치 못한 좋은 소식이 들려올 수 있습니다. 기대감을 가져보세요.
6,rat,쥐띠,쥐띠에게 이번 주는 재물운이 상승하는 흐름입니다. 계획적인 소비와 저축을 추천합니다.
7,rat,쥐띠,쥐띠에게 이번 주는 재물운이 상승하는 흐름입니다. 계획적인 소비와 저축을 추천합니다.
8,rat,쥐띠,쥐띠에게 이번 주는 적극적인 행동이 좋은 결과를 만드는 시기입니다. 망설이지 말고 도전해보세요.
9,rat,쥐띠,쥐띠 이번 주는 감정적으로 안정된 흐름입니다. 오랫동안 묵혀둔 이야기를 꺼내보세요.
10,rat,쥐띠,쥐띠 이번 주는 학습이나 자기계발에 투자하기 좋은 에너지입니다. 배움을 즐겨보세요.
11,rat,쥐띠,쥐띠 이번 주는 학습이나 자기계발에 투자하기 좋은 에너지입니다. 배움을 즐겨보세요.
12,rat,쥐띠,쥐띠 이번 주는 학습이나 자기계발에 투자하기 좋은 에너지입니다. 배움을 즐겨보세요.
13,rat,쥐띠,쥐띠에게 이번 주는 적극적인 행동이 좋은 결과를 만드는 시기입니다. 망설이지 말고 도전해보세요.
14,rat,쥐띠,쥐띠에게 이번 주는 예상치 못한 좋은 소식이 들려올 수 있습니다. 기대감을 가져보세요.
15,rat,쥐띠,쥐띠 이번 주는 감정적으로 안정된 흐름입니다. 오랫동안 묵혀둔 이야기를 꺼내보세요.
16,rat,쥐띠,쥐띠에게 이번 주는 예상치 못한 좋은 소식이 들려올 수 있습니다. 기대감을 가져보세요.
17,rat,쥐띠,쥐띠에게 이번 주는 새로운 아이디어가 떠오르기 쉬운 시기입니다. 창의적인 도전을 해보세요.
18,rat,쥐띠,쥐띠 이번 주는 학습이나 자기계발에 투자하기 좋은 에너지입니다. 배움을 즐겨보세요.
19,rat,쥐띠,쥐띠에게 이번 주는 예상치 못한 좋은 소식이 들려올 수 있습니다. 기대감을 가져보세요.
20,rat,쥐띠,쥐띠 이번 주는 학습이나 자기계발에 투자하기 좋은 에너지입니다. 배움을 즐겨보세요.
21,rat,쥐띠,쥐띠에게 이번 주는 재물운이 상승하는 흐름입니다. 계획적인 소비와 저축을 추천합니다.
22,rat,쥐띠,쥐띠에게 이번 주는 재물운이 상승하는 흐름입니다. 계획적인 소비와 저축을 추천합니다.
23,rat,쥐띠,쥐띠에게 이번 주는 새로운 아이디어가 떠오르기 쉬운 시기입니다. 창의적인 도전을 해보세요.
24,rat,쥐띠,쥐띠에게 이번 주는 재물운이 상승하는 흐름입니다. 계획적인 소비와 저축을 추천합니다.
25,rat,쥐띠,쥐띠 이번 주는 학습이나 자기계발에 투자하기 좋은 에너지입니다. 배움을 즐겨보세요.
26,rat,쥐띠,쥐띠에게 이번 주는 적극적인 행동이 좋은 결과를 만드는 시기입니다. 망설이지 말고 도전해보세요.
27,rat,쥐띠,쥐띠 이번 주는 감정적으로 안정된 흐름입니다. 오랫동안 묵혀둔 이야기를 꺼내보세요.
28,rat,쥐띠,쥐띠에게 이번 주는 재물운이 상승하는 흐름입니다. 계획적인 소비와 저축을 추천합니다.
29,rat,쥐띠,쥐띠에게 이번 주는 재물운이 상승하는 흐름입니다. 계획적인 소비와 저축을 추천합니다.
30,rat,쥐띠,쥐띠 이번 주는 건강 관리가 우선입니다. 충분한 수면과 규칙적인 식사를 챙기세요.
31,rat,쥐띠,쥐띠 이번 주는 감정적으로 안정된 흐름입니다. 오랫동안 묵혀둔 이야기를 꺼내보세요.
32,rat,쥐띠,쥐띠 이번 주는 학습이나 자기계발에 투자하기 좋은 에너지입니다. 배움을 즐겨보세요.
33,rat,쥐띠,쥐띠 이번 주는 건강 관리가 우선입니다. 충분한 수면과 규칙적인 식사를 챙기세요.
34,rat,쥐띠,쥐띠에게 이번 주는 예상치 못한 좋은 소식이 들려올 수 있습니다. 기대감을 가져보세요.
35,rat,쥐띠,쥐띠에게 이번 주는 예상치 못한 좋은 소식이 들려올 수 있습니다. 기대감을 가져보세요.
36,rat,쥐띠,쥐띠에게 이번 주는 예상치 못한 좋은 소식이 들려올 수 있습니다. 기대감을 가져보세요.
37,rat,쥐띠,쥐띠 이번 주는 학습이나 자기계발에 투자하기 좋은 에너지입니다. 배움을 즐겨보세요.
38,rat,쥐띠,쥐띠 이번 주는 건강 관리가 우선입니다. 충분한 수면과 규칙적인 식사를 챙기세요.
39,rat,쥐띠,쥐띠 이번 주는 주변 사람들과의 협력이 중요합니다. 혼자보다 함께할 때 더 큰 힘이 납니다.
40,rat,쥐띠,쥐띠 이번 주는 감정적으로 안정된 흐름입니다. 오랫동안 묵혀둔 이야기를 꺼내보세요.
41,rat,쥐띠,쥐띠 이번 주는 건강 관리가 우선입니다. 충분한 수면과 규칙적인 식사를 챙기세요.
42,rat,쥐띠,쥐띠 이번 주는 주변 사람들과의 협력이 중요합니다. 혼자보다 함께할 때 더 큰 힘이 납니다.
43,rat,쥐띠,쥐띠 이번 주는 감정적으로 안정된 흐름입니다. 오랫동안 묵혀둔 이야기를 꺼내보세요.
44,rat,쥐띠,쥐띠에게 이번 주는 예상치 못한 좋은 소식이 들려올 수 있습니다. 기대감을 가져보세요.
45,rat,쥐띠,쥐띠 이번 주는 주변 사람들과의 협력이 중요합니다. 혼자보다 함께할 때 더 큰 힘이 납니다.
46,rat,쥐띠,쥐띠에게 이번 주는 예상치 못한 좋은 소식이 들려올 수 있습니다. 기대감을 가져보세요.
47,rat,쥐띠,쥐띠 이번 주는 감정적으로 안정된 흐름입니다. 오랫동안 묵혀둔 이야기를 꺼내보세요.
48,rat,쥐띠,쥐띠 이번 주는 감정적으로 안정된 흐름입니다. 오랫동안 묵혀둔 이야기를 꺼내보세요.
49,rat,쥐띠,쥐띠에게 이번 주는 적극적인 행동이 좋은 결과를 만드는 시기입니다. 망설이지 말고 도전해보세요.
50,rat,쥐띠,쥐띠 이번 주는 주변 사람들과의 협력이 중요합니다. 혼자보다 함께할 때 더 큰 힘이 납니다.
51,rat,쥐띠,쥐띠에게 이번 주는 예상치 못한 좋은 소식이 들려올 수 있습니다. 기대감을 가져보세요.
52,rat,쥐띠,쥐띠 이번 주는 건강 관리가 우선입니다. 충분한 수면과 규칙적인 식사를 챙기세요.
53,rat,쥐띠,쥐띠 이번 주는 감정적으로 안정된 흐름입니다. 오랫동안 묵혀둔 이야기를 꺼내보세요.
54,rat,쥐띠,쥐띠 이번 주는 주변 사람들과의 협력이 중요합니다. 혼자보다 함께할 때 더 큰 힘이 납니다.
55,rat,쥐띠,쥐띠 이번 주는 감정적으로 안정된 흐름입니다. 오랫동안 묵혀둔 이야기를 꺼내보세요.
56,rat,쥐띠,쥐띠에게 이번 주는 적극적인 행동이 좋은 결과를 만드는 시기입니다. 망설이지 말고 도전해보세요.
57,rat,쥐띠,쥐띠에게 이번 주는 새로운 아이디어가 떠오르기 쉬운 시기입니다. 창의적인 도전을 해보세요.
58,rat,쥐띠,쥐띠에게 이번 주는 재물운이 상승하는 흐름입니다. 계획적인 소비와 저축을 추천합니다.
59,rat,쥐띠,쥐띠 이번 주는 감정적으로 안정된 흐름입니다. 오랫동안 묵혀둔 이야기를 꺼내보세요.
60,rat,쥐띠,쥐띠에게 이번 주는 새로운 아이디어가 떠오르기 쉬운 시기입니다. 창의적인 도전을 해보세요.
61,rat,쥐띠,쥐띠에게 이번 주는 재물운이 상승하는 흐름입니다. 계획적인 소비와 저축을 추천합니다.
62,rat,쥐띠,쥐띠 이번 주는 건강 관리가 우선입니다. 충분한 수면과 규칙적인 식사를 챙기세요.
63,rat,쥐띠,쥐띠 이번 주는 건강 관리가 우선입니다. 충분한 수면과 규칙적인 식사를 챙기세요.
64,rat,쥐띠,쥐띠에게 이번 주는 재물운이 상승하는 흐름입니다. 계획적인 소비와 저축을 추천합니다.
65,rat,쥐띠,쥐띠에게 이번 주는 새로운 아이디어가 떠오르기 쉬운 시기입니다. 창의적인 도전을 해보세요.
66,rat,쥐띠,쥐띠에게 이번 주는 재물운이 상승하는 흐름입니다. 계획적인 소비와 저축을 추천합니다.
67,rat,쥐띠,쥐띠 이번 주는 감정적으로 안정된 흐름입니다. 오랫동안 묵혀둔 이야기를 꺼내보세요.
68,rat,쥐띠,쥐띠에게 이번 주는 예상치 못한 좋은 소식이 들려올 수 있습니다. 기대감을 가져보세요.
69,rat,쥐띠,쥐띠 이번 주는 주변 사람들과의 협력이 중요합니다. 혼자보다 함께할 때 더 큰 힘이 납니다.
70,rat,쥐띠,쥐띠에게 이번 주는 예상치 못한 좋은 소식이 들려올 수 있습니다. 기대감을 가져보세요.
71,rat,쥐띠,쥐띠에게 이번 주는 새로운 아이디어가 떠오르기 쉬운 시기입니다. 창의적인 도전을 해보세요.
72,rat,쥐띠,쥐띠에게 이번 주는 예상치 못한 좋은 소식이 들려올 수 있습니다. 기대감을 가져보세요.
73,rat,쥐띠,쥐띠에게 이번 주는 예상치 못한 좋은 소식이 들려올 수 있습니다. 기대감을 가져보세요.
74,rat,쥐띠,쥐띠 이번 주는 학습이나 자기계발에 투자하기 좋은 에너지입니다. 배움을 즐겨보세요.
75,rat,쥐띠,쥐띠에게 이번 주는 예상치 못한 좋은 소식이 들려올 수 있습니다. 기대감을 가져보세요.
76,rat,쥐띠,쥐띠 이번 주는 학습이나 자기계발에 투자하기 좋은 에너지입니다. 배움을 즐겨보세요.
77,rat,쥐띠,쥐띠에게 이번 주는 적극적인 행동이 좋은 결과를 만드는 시기입니다. 망설이지 말고 도전해보세요.
78,rat,쥐띠,쥐띠 이번 주는 건강 관리가 우선입니다. 충분한 수면과 규칙적인 식사를 챙기세요.
79,rat,쥐띠,쥐띠 이번 주는 학습이나 자기계발에 투자하기 좋은 에너지입니다. 배움을 즐겨보세요.
80,rat,쥐띠,쥐띠에게 이번 주는 적극적인 행동이 좋은 결과를 만드는 시기입니다. 망설이지 말고 도전해보세요.
81,rat,쥐띠,쥐띠 이번 주는 건강 관리가 우선입니다. 충분한 수면과 규칙적인 식사를 챙기세요.
82,rat,쥐띠,쥐띠 이번 주는 주변 사람들과의 협력이 중요합니다. 혼자보다 함께할 때 더 큰 힘이 납니다.
83,rat,쥐띠,쥐띠에게 이번 주는 재물운이 상승하는 흐름입니다. 계획적인 소비와 저축을 추천합니다.
84,rat,쥐띠,쥐띠 이번 주는 학습이나 자기계발에 투자하기 좋은 에너지입니다. 배움을 즐겨보세요.
85,ox,소띠,소띠에게 이번 주는 예상치 못한 좋은 소식이 들려올 수 있습니다. 기대감을 가져보세요.
86,ox,소띠,소띠에게 이번 주는 재물운이 상승하는 흐름입니다. 계획적인 소비와 저축을 추천합니다.
87,ox,소띠,소띠 이번 주는 건강 관리가 우선입니다. 충분한 수면과 규칙적인 식사를 챙기세요.
88,ox,소띠,소띠에게 이번 주는 예상치 못한 좋은 소식이 들려올 수 있습니다. 기대감을 가져보세요.
89,ox,소띠,소띠 이번 주는 주변 사람들과의 협력이 중요합니다. 혼자보다 함께할 때 더 큰 힘이 납니다.
90,ox,소띠,소띠 이번 주는 주변 사람들과의 협력이 중요합니다. 혼자보다 함께할 때 더 큰 힘이 납니다.
91,ox,소띠,소띠에게 이번 주는 새로운 아이디어가 떠오르기 쉬운 시기입니다. 창의적인 도전을 해보세요.
92,ox,소띠,소띠에게 이번 주는 예상치 못한 좋은 소식이 들려올 수 있습니다. 기대감을 가져보세요.
93,ox,소띠,소띠 이번 주는 학습이나 자기계발에 투자하기 좋은 에너지입니다. 배움을 즐겨보세요.
94,ox,소띠,소띠에게 이번 주는 재물운이 상승하는 흐름입니다. 계획적인 소비와 저축을 추천합니다.
95,ox,소띠,소띠 이번 주는 학습이나 자기계발에 투자하기 좋은 에너지입니다. 배움을 즐겨보세요.
96,ox,소띠,소띠 이번 주는 감정적으로 안정된 흐름입니다. 오랫동안 묵혀둔 이야기를 꺼내보세요.
97,ox,소띠,소띠에게 이번 주는 재물운이 상승하는 흐름입니다. 계획적인 소비와 저축을 추천합니다.
98,ox,소띠,소띠에게 이번 주는 예상치 못한 좋은 소식이 들려올 수 있습니다. 기대감을 가져보세요.
99,ox,소띠,소띠 이번 주는 감정적으로 안정된 흐름입니다. 오랫동안 묵혀둔 이야기를 꺼내보세요.
100,ox,소띠,소띠 이번 주는 주변 사람들과의 협력이 중요합니다. 혼자보다 함께할 때 더 큰 힘이 납니다.
101,ox,소띠,소띠 이번 주는 학습이나 자기계발에 투자하기 좋은 에너지입니다. 배움을 즐겨보세요.
102,ox,소띠,소띠에게 이번 주는 예상치 못한 좋은 소식이 들려올 수 있습니다. 기대감을 가져보세요.
103,ox,소띠,소띠 이번 주는 건강 관리가 우선입니다. 충분한 수면과 규칙적인 식사를 챙기세요.
104,ox,소띠,소띠 이번 주는 주변 사람들과의 협력이 중요합니다. 혼자보다 함께할 때 더 큰 힘이 납니다.
105,ox,소띠,소띠에게 이번 주는 새로운 아이디어가 떠오르기 쉬운 시기입니다. 창의적인 도전을 해보세요.
106,ox,소띠,소띠 이번 주는 건강 관리가 우선입니다. 충분한 수면과 규칙적인 식사를 챙기세요.
107,ox,소띠,소띠 이번 주는 건강 관리가 우선입니다. 충분한 수면과 규칙적인 식사를 챙기세요.
108,ox,소띠,소띠에게 이번 주는 재물운이 상승하는 흐름입니다. 계획적인 소비와 저축을 추천합니다.
109,ox,소띠,소띠에게 이번 주는 적극적인 행동이 좋은 결과를 만드는 시기입니다. 망설이지 말고 도전해보세요.
110,ox,소띠,소띠 이번 주는 건강 관리가 우선입니다. 충분한 수면과 규칙적인 식사를 챙기세요.
111,ox,소띠,소띠에게 이번 주는 적극적인 행동이 좋은 결과를 만드는 시기입니다. 망설이지 말고 도전해보세요.
112,ox,소띠,소띠에게 이번 주는 예상치 못한 좋은 소식이 들려올 수 있습니다. 기대감을 가져보세요.
113,ox,소띠,소띠에게 이번 주는 예상치 못한 좋은 소식이 들려올 수 있습니다. 기대감을 가져보세요.
114,ox,소띠,소띠 이번 주는 주변 사람들과의 협력이 중요합니다. 혼자보다 함께할 때 더 큰 힘이 납니다.
115,ox,소띠,소띠 이번 주는 주변 사람들과의 협력이 중요합니다. 혼자보다 함께할 때 더 큰 힘이 납니다.
116,ox,소띠,소띠에게 이번 주는 적극적인 행동이 좋은 결과를 만드는 시기입니다. 망설이지 말고 도전해보세요.
117,ox,소띠,소띠에게 이번 주는 재물운이 상승하는 흐름입니다. 계획적인 소비와 저축을 추천합니다.
118,ox,소띠,소띠에게 이번 주는 예상치 못한 좋은 소식이 들려올 수 있습니다. 기대감을 가져보세요.
119,ox,소띠,소띠 이번 주는 학습이나 자기계발에 투자하기 좋은 에너지입니다. 배움을 즐겨보세요.
120,ox,소띠,소띠에게 이번 주는 새로운 아이디어가 떠오르기 쉬운 시기입니다. 창의적인 도전을 해보세요.
121,ox,소띠,소띠에게 이번 주는 적극적인 행동이 좋은 결과를 만드는 시기입니다. 망설이지 말고 도전해보세요.
122,ox,소띠,소띠에게 이번 주는 적극적인 행동이 좋은 결과를 만드는 시기입니다. 망설이지 말고 도전해보세요.
123,ox,소띠,소띠 이번 주는 학습이나 자기계발에 투자하기 좋은 에너지입니다. 배움을 즐겨보세요.
124,ox,소띠,소띠에게 이번 주는 새로운 아이디어가 떠오르기 쉬운 시기입니다. 창의적인 도전을 해보세요.
125,ox,소띠,소띠에게 이번 주는 예상치 못한 좋은 소식이 들려올 수 있습니다. 기대감을 가져보세요.
126,ox,소띠,소띠에게 이번 주는 재물운이 상승하는 흐름입니다. 계획적인 소비와 저축을 추천합니다.
127,ox,소띠,소띠에게 이번 주는 적극적인 행동이 좋은 결과를 만드는 시기입니다. 망설이지 말고 도전해보세요.
128,ox,소띠,소띠에게 이번 주는 적극적인 행동이 좋은 결과를 만드는 시기입니다. 망설이지 말고 도전해보세요.
129,ox,소띠,소띠 이번 주는 학습이나 자기계발에 투자하기 좋은 에너지입니다. 배움을 즐겨보세요.
130,ox,소띠,소띠에게 이번 주는 적극적인 행동이 좋은 결과를 만드는 시기입니다. 망설이지 말고 도전해보세요.
131,ox,소띠,소띠 이번 주는 학습이나 자기계발에 투자하기 좋은 에너지입니다. 배움을 즐겨보세요.
132,ox,소띠,소띠 이번 주는 학습이나 자기계발에 투자하기 좋은 에너지입니다. 배움을 즐겨보세요.
133,ox,소띠,소띠에게 이번 주는 적극적인 행동이 좋은 결과를 만드는 시기입니다. 망설이지 말고 도전해보세요.
134,ox,소띠,소띠에게 이번 주는 새로운 아이디어가 떠오르기 쉬운 시기입니다. 창의적인 도전을 해보세요.
135,ox,소띠,소띠 이번 주는 건강 관리가 우선입니다. 충분한 수면과 규칙적인 식사를 챙기세요.
136,ox,소띠,소띠 이번 주는 주변 사람들과의 협력이 중요합니다. 혼자보다 함께할 때 더 큰 힘이 납니다.
137,ox,소띠,소띠에게 이번 주는 재물운이 상승하는 흐름입니다. 계획적인 소비와 저축을 추천합니다.
138,ox,소띠,소띠에게 이번 주는 예상치 못한 좋은 소식이 들려올 수 있습니다. 기대감을 가져보세요.
139,ox,소띠,소띠에게 이번 주는 재물운이 상승하는 흐름입니다. 계획적인 소비와 저축을 추천합니다.
140,ox,소띠,소띠에게 이번 주는 예상치 못한 좋은 소식이 들려올 수 있습니다. 기대감을 가져보세요.
141,ox,소띠,소띠 이번 주는 건강 관리가 우선입니다. 충분한 수면과 규칙적인 식사를 챙기세요.
142,ox,소띠,소띠에게 이번 주는 적극적인 행동이 좋은 결과를 만드는 시기입니다. 망설이지 말고 도전해보세요.
143,ox,소띠,소띠에게 이번 주는 새로운 아이디어가 떠오르기 쉬운 시기입니다. 창의적인 도전을 해보세요.
144,ox,소띠,소띠 이번 주는 주변 사람들과의 협력이 중요합니다. 혼자보다 함께할 때 더 큰 힘이 납니다.
145,ox,소띠,소띠에게 이번 주는 재물운이 상승하는 흐름입니다. 계획적인 소비와 저축을 추천합니다.
146,ox,소띠,소띠 이번 주는 학습이나 자기계발에 투자하기 좋은 에너지입니다. 배움을 즐겨보세요.
147,ox,소띠,소띠 이번 주는 학습이나 자기계발에 투자하기 좋은 에너지입니다. 배움을 즐겨보세요.
148,ox,소띠,소띠 이번 주는 건강 관리가 우선입니다. 충분한 수면과 규칙적인 식사를 챙기세요.
149,ox,소띠,소띠 이번 주는 건강 관리가 우선입니다. 충분한 수면과 규칙적인 식사를 챙기세요.
150,ox,소띠,소띠 이번 주는 감정적으로 안정된 흐름입니다. 오랫동안 묵혀둔 이야기를 꺼내보세요.
151,ox,소띠,소띠 이번 주는 감정적으로 안정된 흐름입니다. 오랫동안 묵혀둔 이야기를 꺼내보세요.
152,ox,소띠,소띠에게 이번 주는 새로운 아이디어가 떠오르기 쉬운 시기입니다. 창의적인 도전을 해보세요.
153,ox,소띠,소띠에게 이번 주는 새로운 아이디어가 떠오르기 쉬운 시기입니다. 창의적인 도전을 해보세요.
154,ox,소띠,소띠 이번 주는 주변 사람들과의 협력이 중요합니다. 혼자보다 함께할 때 더 큰 힘이 납니다.
155,ox,소띠,소띠에게 이번 주는 적극적인 행동이 좋은 결과를 만드는 시기입니다. 망설이지 말고 도전해보세요.
156,ox,소띠,소띠에게 이번 주는 새로운 아이디어가 떠오르기 쉬운 시기입니다. 창의적인 도전을 해보세요.
157,ox,소띠,소띠에게 이번 주는 재물운이 상승하는 흐름입니다. 계획적인 소비와 저축을 추천합니다.
158,ox,소띠,소띠에게 이번 주는 예상치 못한 좋은 소식이 들려올 수 있습니다. 기대감을 가져보세요.
159,ox,소띠,소띠에게 이번 주는 재물운이 상승하는 흐름입니다. 계획적인 소비와 저축을 추천합니다.
160,ox,소띠,소띠에게 이번 주는 예상치 못한 좋은 소식이 들려올 수 있습니다. 기대감을 가져보세요.
161,ox,소띠,소띠 이번 주는 건강 관리가 우선입니다. 충분한 수면과 규칙적인 식사를 챙기세요.
162,ox,소띠,소띠 이번 주는 학습이나 자기계발에 투자하기 좋은 에너지입니다. 배움을 즐겨보세요.
163,ox,소띠,소띠 이번 주는 학습이나 자기계발에 투자하기 좋은 에너지입니다. 배움을 즐겨보세요.
164,ox,소띠,소띠 이번 주는 감정적으로 안정된 흐름입니다. 오랫동안 묵혀둔 이야기를 꺼내보세요.
165,ox,소띠,소띠에게 이번 주는 재물운이 상승하는 흐름입니다. 계획적인 소비와 저축을 추천합니다.
166,ox,소띠,소띠에게 이번 주는 예상치 못한 좋은 소식이 들려올 수 있습니다. 기대감을 가져보세요.
167,ox,소띠,소띠에게 이번 주는 예상치 못한 좋은 소식이 들려올 수 있습니다. 기대감을 가져보세요.
168,ox,소띠,소띠에게 이번 주는 새로운 아이디어가 떠오르기 쉬운 시기입니다. 창의적인 도전을 해보세요.
169,tiger,호랑이띠,호랑이띠 이번 주는 학습이나 자기계발에 투자하기 좋은 에너지입니다. 배움을 즐겨보세요.
170,tiger,호랑이띠,호랑이띠 이번 주는 학습이나 자기계발에 투자하기 좋은 에너지입니다. 배움을 즐겨보세요.
171,tiger,호랑이띠,호랑이띠에게 이번 주는 재물운이 상승하는 흐름입니다. 계획적인 소비와 저축을 추천합니다.
172,tiger,호랑이띠,호랑이띠 이번 주는 건강 관리가 우선입니다. 충분한 수면과 규칙적인 식사를 챙기세요.
173,tiger,호랑이띠,호랑이띠에게 이번 주는 예상치 못한 좋은 소식이 들려올 수 있습니다. 기대감을 가져보세요.
174,tiger,호랑이띠,호랑이띠 이번 주는 감정적으로 안정된 흐름입니다. 오랫동안 묵혀둔 이야기를 꺼내보세요.
175,tiger,호랑이띠,호랑이띠에게 이번 주는 예상치 못한 좋은 소식이 들려올 수 있습니다. 기대감을 가져보세요.
176,tiger,호랑이띠,호랑이띠 이번 주는 감정적으로 안정된 흐름입니다. 오랫동안 묵혀둔 이야기를 꺼내보세요.
177,tiger,호랑이띠,호랑이띠 이번 주는 주변 사람들과의 협력이 중요합니다. 혼자보다 함께할 때 더 큰 힘이 납니다.
178,tiger,호랑이띠,호랑이띠 이번 주는 건강 관리가 우선입니다. 충분한 수면과 규칙적인 식사를 챙기세요.
179,tiger,호랑이띠,호랑이띠에게 이번 주는 적극적인 행동이 좋은 결과를 만드는 시기입니다. 망설이지 말고 도전해보세요.
180,tiger,호랑이띠,호랑이띠 이번 주는 건강 관리가 우선입니다. 충분한 수면과 규칙적인 식사를 챙기세요.
181,tiger,호랑이띠,호랑이띠 이번 주는 감정적으로 안정된 흐름입니다. 오랫동안 묵혀둔 이야기를 꺼내보세요.
182,tiger,호랑이띠,호랑이띠에게 이번 주는 재물운이 상승하는 흐름입니다. 계획적인 소비와 저축을 추천합니다.
183,tiger,호랑이띠,호랑이띠 이번 주는 건강 관리가 우선입니다. 충분한 수면과 규칙적인 식사를 챙기세요.
184,tiger,호랑이띠,호랑이띠에게 이번 주는 적극적인 행동이 좋은 결과를 만드는 시기입니다. 망설이지 말고 도전해보세요.
185,tiger,호랑이띠,호랑이띠 이번 주는 감정적으로 안정된 흐름입니다. 오랫동안 묵혀둔 이야기를 꺼내보세요.
186,tiger,호랑이띠,호랑이띠 이번 주는 감정적으로 안정된 흐름입니다. 오랫동안 묵혀둔 이야기를 꺼내보세요.
187,tiger,호랑이띠,호랑이띠에게 이번 주는 재물운이 상승하는 흐름입니다. 계획적인 소비와 저축을 추천합니다.
188,tiger,호랑이띠,호랑이띠 이번 주는 학습이나 자기계발에 투자하기 좋은 에너지입니다. 배움을 즐겨보세요.
189,tiger,호랑이띠,호랑이띠에게 이번 주는 새로운 아이디어가 떠오르기 쉬운 시기입니다. 창의적인 도전을 해보세요.
190,tiger,호랑이띠,호랑이띠에게 이번 주는 예상치 못한 좋은 소식이 들려올 수 있습니다. 기대감을 가져보세요.
191,tiger,호랑이띠,호랑이띠에게 이번 주는 적극적인 행동이 좋은 결과를 만드는 시기입니다. 망설이지 말고 도전해보세요.
192,tiger,호랑이띠,호랑이띠에게 이번 주는 적극적인 행동이 좋은 결과를 만드는 시기입니다. 망설이지 말고 도전해보세요.
193,tiger,호랑이띠,호랑이띠에게 이번 주는 적극적인 행동이 좋은 결과를 만드는 시기입니다. 망설이지 말고 도전해보세요.
194,tiger,호랑이띠,호랑이띠 이번 주는 건강 관리가 우선입니다. 충분한 수면과 규칙적인 식사를 챙기세요.
195,tiger,호랑이띠,호랑이띠 이번 주는 학습이나 자기계발에 투자하기 좋은 에너지입니다. 배움을 즐겨보세요.
196,tiger,호랑이띠,호랑이띠에게 이번 주는 새로운 아이디어가 떠오르기 쉬운 시기입니다. 창의적인 도전을 해보세요.
197,tiger,호랑이띠,호랑이띠 이번 주는 감정적으로 안정된 흐름입니다. 오랫동안 묵혀둔 이야기를 꺼내보세요.
198,tiger,호랑이띠,호랑이띠 이번 주는 주변 사람들과의 협력이 중요합니다. 혼자보다 함께할 때 더 큰 힘이 납니다.
199,tiger,호랑이띠,호랑이띠 이번 주는 감정적으로 안정된 흐름입니다. 오랫동안 묵혀둔 이야기를 꺼내보세요.
200,tiger,호랑이띠,호랑이띠 이번 주는 건강 관리가 우선입니다. 충분한 수면과 규칙적인 식사를 챙기세요.
201,tiger,호랑이띠,호랑이띠에게 이번 주는 적극적인 행동이 좋은 결과를 만드는 시기입니다. 망설이지 말고 도전해보세요.
202,tiger,호랑이띠,호랑이띠에게 이번 주는 재물운이 상승하는 흐름입니다. 계획적인 소비와 저축을 추천합니다.
203,tiger,호랑이띠,호랑이띠 이번 주는 감정적으로 안정된 흐름입니다. 오랫동안 묵혀둔 이야기를 꺼내보세요.
204,tiger,호랑이띠,호랑이띠 이번 주는 학습이나 자기계발에 투자하기 좋은 에너지입니다. 배움을 즐겨보세요.
205,tiger,호랑이띠,호랑이띠 이번 주는 학습이나 자기계발에 투자하기 좋은 에너지입니다. 배움을 즐겨보세요.
206,tiger,호랑이띠,호랑이띠에게 이번 주는 새로운 아이디어가 떠오르기 쉬운 시기입니다. 창의적인 도전을 해보세요.
207,tiger,호랑이띠,호랑이띠에게 이번 주는 재물운이 상승하는 흐름입니다. 계획적인 소비와 저축을 추천합니다.
208,tiger,호랑이띠,호랑이띠 이번 주는 감정적으로 안정된 흐름입니다. 오랫동안 묵혀둔 이야기를 꺼내보세요.
209,tiger,호랑이띠,호랑이띠에게 이번 주는 재물운이 상승하는 흐름입니다. 계획적인 소비와 저축을 추천합니다.
210,tiger,호랑이띠,호랑이띠 이번 주는 감정적으로 안정된 흐름입니다. 오랫동안 묵혀둔 이야기를 꺼내보세요.
211,tiger,호랑이띠,호랑이띠에게 이번 주는 적극적인 행동이 좋은 결과를 만드는 시기입니다. 망설이지 말고 도전해보세요.
212,tiger,호랑이띠,호랑이띠에게 이번 주는 적극적인 행동이 좋은 결과를 만드는 시기입니다. 망설이지 말고 도전해보세요.
213,tiger,호랑이띠,호랑이띠에게 이번 주는 재물운이 상승하는 흐름입니다. 계획적인 소비와 저축을 추천합니다.
214,tiger,호랑이띠,호랑이띠 이번 주는 학습이나 자기계발에 투자하기 좋은 에너지입니다. 배움을 즐겨보세요.
215,tiger,호랑이띠,호랑이띠 이번 주는 주변 사람들과의 협력이 중요합니다. 혼자보다 함께할 때 더 큰 힘이 납니다.
216,tiger,호랑이띠,호랑이띠에게 이번 주는 적극적인 행동이 좋은 결과를 만드는 시기입니다. 망설이지 말고 도전해보세요.
217,tiger,호랑이띠,호랑이띠에게 이번 주는 적극적인 행동이 좋은 결과를 만드는 시기입니다. 망설이지 말고 도전해보세요.
218,tiger,호랑이띠,호랑이띠 이번 주는 건강 관리가 우선입니다. 충분한 수면과 규칙적인 식사를 챙기세요.
219,tiger,호랑이띠,호랑이띠 이번 주는 주변 사람들과의 협력이 중요합니다. 혼자보다 함께할 때 더 큰 힘이 납니다.
220,tiger,호랑이띠,호랑이띠에게 이번 주는 재물운이 상승하는 흐름입니다. 계획적인 소비와 저축을 추천합니다.
221,tiger,호랑이띠,호랑이띠에게 이번 주는 예상치 못한 좋은 소식이 들려올 수 있습니다. 기대감을 가져보세요.
222,tiger,호랑이띠,호랑이띠에게 이번 주는 재물운이 상승하는 흐름입니다. 계획적인 소비와 저축을 추천합니다.
223,tiger,호랑이띠,호랑이띠 이번 주는 학습이나 자기계발에 투자하기 좋은 에너지입니다. 배움을 즐겨보세요.
224,tiger,호랑이띠,호랑이띠에게 이번 주는 새로운 아이디어가 떠오르기 쉬운 시기입니다. 창의적인 도전을 해보세요.
225,tiger,호랑이띠,호랑이띠에게 이번 주는 새로운 아이디어가 떠오르기 쉬운 시기입니다. 창의적인 도전을 해보세요.
226,tiger,호랑이띠,호랑이띠 이번 주는 감정적으로 안정된 흐름입니다. 오랫동안 묵혀둔 이야기를 꺼내보세요.
227,tiger,호랑이띠,호랑이띠 이번 주는 주변 사람들과의 협력이 중요합니다. 혼자보다 함께할 때 더 큰 힘이 납니다.
228,tiger,호랑이띠,호랑이띠 이번 주는 건강 관리가 우선입니다. 충분한 수면과 규칙적인 식사를 챙기세요.
229,tiger,호랑이띠,호랑이띠 이번 주는 학습이나 자기계발에 투자하기 좋은 에너지입니다. 배움을 즐겨보세요.
230,tiger,호랑이띠,호랑이띠에게 이번 주는 새로운 아이디어가 떠오르기 쉬운 시기입니다. 창의적인 도전을 해보세요.
231,tiger,호랑이띠,호랑이띠 이번 주는 감정적으로 안정된 흐름입니다. 오랫동안 묵혀둔 이야기를 꺼내보세요.
232,tiger,호랑이띠,호랑이띠에게 이번 주는 예상치 못한 좋은 소식이 들려올 수 있습니다. 기대감을 가져보세요.
233,tiger,호랑이띠,호랑이띠에게 이번 주는 새로운 아이디어가 떠오르기 쉬운 시기입니다. 창의적인 도전을 해보세요.
234,tiger,호랑이띠,호랑이띠에게 이번 주는 적극적인 행동이 좋은 결과를 만드는 시기입니다. 망설이지 말고 도전해보세요.
235,tiger,호랑이띠,호랑이띠에게 이번 주는 예상치 못한 좋은 소식이 들려올 수 있습니다. 기대감을 가져보세요.
236,tiger,호랑이띠,호랑이띠 이번 주는 건강 관리가 우선입니다. 충분한 수면과 규칙적인 식사를 챙기세요.
237,tiger,호랑이띠,호랑이띠 이번 주는 감정적으로 안정된 흐름입니다. 오랫동안 묵혀둔 이야기를 꺼내보세요.
238,tiger,호랑이띠,호랑이띠에게 이번 주는 새로운 아이디어가 떠오르기 쉬운 시기입니다. 창의적인 도전을 해보세요.
239,tiger,호랑이띠,호랑이띠에게 이번 주는 예상치 못한 좋은 소식이 들려올 수 있습니다. 기대감을 가져보세요.
240,tiger,호랑이띠,호랑이띠에게 이번 주는 새로운 아이디어가 떠오르기 쉬운 시기입니다. 창의적인 도전을 해보세요.
241,tiger,호랑이띠,호랑이띠에게 이번 주는 새로운 아이디어가 떠오르기 쉬운 시기입니다. 창의적인 도전을 해보세요.
242,tiger,호랑이띠,호랑이띠 이번 주는 감정적으로 안정된 흐름입니다. 오랫동안 묵혀둔 이야기를 꺼내보세요.
243,tiger,호랑이띠,호랑이띠에게 이번 주는 새로운 아이디어가 떠오르기 쉬운 시기입니다. 창의적인 도전을 해보세요.
244,tiger,호랑이띠,호랑이띠에게 이번 주는 새로운 아이디어가 떠오르기 쉬운 시기입니다. 창의적인 도전을 해보세요.
245,tiger,호랑이띠,호랑이띠 이번 주는 건강 관리가 우선입니다. 충분한 수면과 규칙적인 식사를 챙기세요.
246,tiger,호랑이띠,호랑이띠에게 이번 주는 재물운이 상승하는 흐름입니다. 계획적인 소비와 저축을 추천합니다.
247,tiger,호랑이띠,호랑이띠에게 이번 주는 적극적인 행동이 좋은 결과를 만드는 시기입니다. 망설이지 말고 도전해보세요.
248,tiger,호랑이띠,호랑이띠에게 이번 주는 새로운 아이디어가 떠오르기 쉬운 시기입니다. 창의적인 도전을 해보세요.
249,tiger,호랑이띠,호랑이띠에게 이번 주는 예상치 못한 좋은 소식이 들려올 수 있습니다. 기대감을 가져보세요.
250,tiger,호랑이띠,호랑이띠 이번 주는 주변 사람들과의 협력이 중요합니다. 혼자보다 함께할 때 더 큰 힘이 납니다.
251,tiger,호랑이띠,호랑이띠 이번 주는 주변 사람들과의 협력이 중요합니다. 혼자보다 함께할 때 더 큰 힘이 납니다.
252,tiger,호랑이띠,호랑이띠에게 이번 주는 적극적인 행동이 좋은 결과를 만드는 시기입니다. 망설이지 말고 도전해보세요.
253,rabbit,토끼띠,토끼띠 이번 주는 감정적으로 안정된 흐름입니다. 오랫동안 묵혀둔 이야기를 꺼내보세요.
254,rabbit,토끼띠,토끼띠 이번 주는 주변 사람들과의 협력이 중요합니다. 혼자보다 함께할 때 더 큰 힘이 납니다.
255,rabbit,토끼띠,토끼띠 이번 주는 건강 관리가 우선입니다. 충분한 수면과 규칙적인 식사를 챙기세요.
256,rabbit,토끼띠,토끼띠에게 이번 주는 적극적인 행동이 좋은 결과를 만드는 시기입니다. 망설이지 말고 도전해보세요.
257,rabbit,토끼띠,토끼띠 이번 주는 주변 사람들과의 협력이 중요합니다. 혼자보다 함께할 때 더 큰 힘이 납니다.
258,rabbit,토끼띠,토끼띠에게 이번 주는 재물운이 상승하는 흐름입니다. 계획적인 소비와 저축을 추천합니다.
259,rabbit,토끼띠,토끼띠에게 이번 주는 예상치 못한 좋은 소식이 들려올 수 있습니다. 기대감을 가져보세요.
260,rabbit,토끼띠,토끼띠 이번 주는 주변 사람들과의 협력이 중요합니다. 혼자보다 함께할 때 더 큰 힘이 납니다.
261,rabbit,토끼띠,토끼띠 이번 주는 주변 사람들과의 협력이 중요합니다. 혼자보다 함께할 때 더 큰 힘이 납니다.
262,rabbit,토끼띠,토끼띠 이번 주는 학습이나 자기계발에 투자하기 좋은 에너지입니다. 배움을 즐겨보세요.
263,rabbit,토끼띠,토끼띠에게 이번 주는 예상치 못한 좋은 소식이 들려올 수 있습니다. 기대감을 가져보세요.
264,rabbit,토끼띠,토끼띠에게 이번 주는 예상치 못한 좋은 소식이 들려올 수 있습니다. 기대감을 가져보세요.
265,rabbit,토끼띠,토끼띠 이번 주는 학습이나 자기계발에 투자하기 좋은 에너지입니다. 배움을 즐겨보세요.
266,rabbit,토끼띠,토끼띠에게 이번 주는 재물운이 상승하는 흐름입니다. 계획적인 소비와 저축을 추천합니다.
267,rabbit,토끼띠,토끼띠 이번 주는 감정적으로 안정된 흐름입니다. 오랫동안 묵혀둔 이야기를 꺼내보세요.
268,rabbit,토끼띠,토끼띠 이번 주는 건강 관리가 우선입니다. 충분한 수면과 규칙적인 식사를 챙기세요.
269,rabbit,토끼띠,토끼띠 이번 주는 감정적으로 안정된 흐름입니다. 오랫동안 묵혀둔 이야기를 꺼내보세요.
270,rabbit,토끼띠,토끼띠에게 이번 주는 예상치 못한 좋은 소식이 들려올 수 있습니다. 기대감을 가져보세요.
271,rabbit,토끼띠,토끼띠에게 이번 주는 새로운 아이디어가 떠오르기 쉬운 시기입니다. 창의적인 도전을 해보세요.
272,rabbit,토끼띠,토끼띠 이번 주는 주변 사람들과의 협력이 중요합니다. 혼자보다 함께할 때 더 큰 힘이 납니다.
273,rabbit,토끼띠,토끼띠에게 이번 주는 적극적인 행동이 좋은 결과를 만드는 시기입니다. 망설이지 말고 도전해보세요.
274,rabbit,토끼띠,토끼띠 이번 주는 건강 관리가 우선입니다. 충분한 수면과 규칙적인 식사를 챙기세요.
275,rabbit,토끼띠,토끼띠에게 이번 주는 재물운이 상승하는 흐름입니다. 계획적인 소비와 저축을 추천합니다.
276,rabbit,토끼띠,토끼띠에게 이번 주는 재물운이 상승하는 흐름입니다. 계획적인 소비와 저축을 추천합니다.
277,rabbit,토끼띠,토끼띠 이번 주는 감정적으로 안정된 흐름입니다. 오랫동안 묵혀둔 이야기를 꺼내보세요.
278,rabbit,토끼띠,토끼띠 이번 주는 학습이나 자기계발에 투자하기 좋은 에너지입니다. 배움을 즐겨보세요.
279,rabbit,토끼띠,토끼띠 이번 주는 감정적으로 안정된 흐름입니다. 오랫동안 묵혀둔 이야기를 꺼내보세요.
280,rabbit,토끼띠,토끼띠 이번 주는 건강 관리가 우선입니다. 충분한 수면과 규칙적인 식사를 챙기세요.
281,rabbit,토끼띠,토끼띠에게 이번 주는 새로운 아이디어가 떠오르기 쉬운 시기입니다. 창의적인 도전을 해보세요.
282,rabbit,토끼띠,토끼띠 이번 주는 주변 사람들과의 협력이 중요합니다. 혼자보다 함께할 때 더 큰 힘이 납니다.
283,rabbit,토끼띠,토끼띠에게 이번 주는 재물운이 상승하는 흐름입니다. 계획적인 소비와 저축을 추천합니다.
284,rabbit,토끼띠,토끼띠에게 이번 주는 새로운 아이디어가 떠오르기 쉬운 시기입니다. 창의적인 도전을 해보세요.
285,rabbit,토끼띠,토끼띠에게 이번 주는 예상치 못한 좋은 소식이 들려올 수 있습니다. 기대감을 가져보세요.
286,rabbit,토끼띠,토끼띠에게 이번 주는 적극적인 행동이 좋은 결과를 만드는 시기입니다. 망설이지 말고 도전해보세요.
287,rabbit,토끼띠,토끼띠에게 이번 주는 재물운이 상승하는 흐름입니다. 계획적인 소비와 저축을 추천합니다.
288,rabbit,토끼띠,토끼띠 이번 주는 건강 관리가 우선입니다. 충분한 수면과 규칙적인 식사를 챙기세요.
289,rabbit,토끼띠,토끼띠 이번 주는 학습이나 자기계발에 투자하기 좋은 에너지입니다. 배움을 즐겨보세요.
290,rabbit,토끼띠,토끼띠에게 이번 주는 새로운 아이디어가 떠오르기 쉬운 시기입니다. 창의적인 도전을 해보세요.
291,rabbit,토끼띠,토끼띠 이번 주는 주변 사람들과의 협력이 중요합니다. 혼자보다 함께할 때 더 큰 힘이 납니다.
292,rabbit,토끼띠,토끼띠 이번 주는 건강 관리가 우선입니다. 충분한 수면과 규칙적인 식사를 챙기세요.
293,rabbit,토끼띠,토끼띠에게 이번 주는 적극적인 행동이 좋은 결과를 만드는 시기입니다. 망설이지 말고 도전해보세요.
294,rabbit,토끼띠,토끼띠 이번 주는 주변 사람들과의 협력이 중요합니다. 혼자보다 함께할 때 더 큰 힘이 납니다.
295,rabbit,토끼띠,토끼띠 이번 주는 감정적으로 안정된 흐름입니다. 오랫동안 묵혀둔 이야기를 꺼내보세요.
296,rabbit,토끼띠,토끼띠에게 이번 주는 예상치 못한 좋은 소식이 들려올 수 있습니다. 기대감을 가져보세요.
297,rabbit,토끼띠,토끼띠에게 이번 주는 적극적인 행동이 좋은 결과를 만드는 시기입니다. 망설이지 말고 도전해보세요.
298,rabbit,토끼띠,토끼띠 이번 주는 주변 사람들과의 협력이 중요합니다. 혼자보다 함께할 때 더 큰 힘이 납니다.
299,rabbit,토끼띠,토끼띠에게 이번 주는 예상치 못한 좋은 소식이 들려올 수 있습니다. 기대감을 가져보세요.
300,rabbit,토끼띠,토끼띠 이번 주는 건강 관리가 우선입니다. 충분한 수면과 규칙적인 식사를 챙기세요.
301,rabbit,토끼띠,토끼띠 이번 주는 학습이나 자기계발에 투자하기 좋은 에너지입니다. 배움을 즐겨보세요.
302,rabbit,토끼띠,토끼띠에게 이번 주는 예상치 못한 좋은 소식이 들려올 수 있습니다. 기대감을 가져보세요.
303,rabbit,토끼띠,토끼띠에게 이번 주는 재물운이 상승하는 흐름입니다. 계획적인 소비와 저축을 추천합니다.
304,rabbit,토끼띠,토끼띠에게 이번 주는 재물운이 상승하는 흐름입니다. 계획적인 소비와 저축을 추천합니다.
305,rabbit,토끼띠,토끼띠 이번 주는 건강 관리가 우선입니다. 충분한 수면과 규칙적인 식사를 챙기세요.
306,rabbit,토끼띠,토끼띠 이번 주는 주변 사람들과의 협력이 중요합니다. 혼자보다 함께할 때 더 큰 힘이 납니다.
307,rabbit,토끼띠,토끼띠 이번 주는 감정적으로 안정된 흐름입니다. 오랫동안 묵혀둔 이야기를 꺼내보세요.
308,rabbit,토끼띠,토끼띠 이번 주는 건강 관리가 우선입니다. 충분한 수면과 규칙적인 식사를 챙기세요.
309,rabbit,토끼띠,토끼띠에게 이번 주는 예상치 못한 좋은 소식이 들려올 수 있습니다. 기대감을 가져보세요.
310,rabbit,토끼띠,토끼띠 이번 주는 감정적으로 안정된 흐름입니다. 오랫동안 묵혀둔 이야기를 꺼내보세요.
311,rabbit,토끼띠,토끼띠 이번 주는 감정적으로 안정된 흐름입니다. 오랫동안 묵혀둔 이야기를 꺼내보세요.
312,rabbit,토끼띠,토끼띠에게 이번 주는 적극적인 행동이 좋은 결과를 만드는 시기입니다. 망설이지 말고 도전해보세요.
313,rabbit,토끼띠,토끼띠에게 이번 주는 적극적인 행동이 좋은 결과를 만드는 시기입니다. 망설이지 말고 도전해보세요.
314,rabbit,토끼띠,토끼띠에게 이번 주는 예상치 못한 좋은 소식이 들려올 수 있습니다. 기대감을 가져보세요.
315,rabbit,토끼띠,토끼띠에게 이번 주는 적극적인 행동이 좋은 결과를 만드는 시기입니다. 망설이지 말고 도전해보세요.
316,rabbit,토끼띠,토끼띠 이번 주는 주변 사람들과의 협력이 중요합니다. 혼자보다 함께할 때 더 큰 힘이 납니다.
317,rabbit,토끼띠,토끼띠 이번 주는 주변 사람들과의 협력이 중요합니다. 혼자보다 함께할 때 더 큰 힘이 납니다.
318,rabbit,토끼띠,토끼띠 이번 주는 감정적으로 안정된 흐름입니다. 오랫동안 묵혀둔 이야기를 꺼내보세요.
319,rabbit,토끼띠,토끼띠 이번 주는 학습이나 자기계발에 투자하기 좋은 에너지입니다. 배움을 즐겨보세요.
320,rabbit,토끼띠,토끼띠 이번 주는 감정적으로 안정된 흐름입니다. 오랫동안 묵혀둔 이야기를 꺼내보세요.
321,rabbit,토끼띠,토끼띠 이번 주는 감정적으로 안정된 흐름입니다. 오랫동안 묵혀둔 이야기를 꺼내보세요.
322,rabbit,토끼띠,토끼띠에게 이번 주는 적극적인 행동이 좋은 결과를 만드는 시기입니다. 망설이지 말고 도전해보세요.
323,rabbit,토끼띠,토끼띠 이번 주는 주변 사람들과의 협력이 중요합니다. 혼자보다 함께할 때 더 큰 힘이 납니다.
324,rabbit,토끼띠,토끼띠에게 이번 주는 재물운이 상승하는 흐름입니다. 계획적인 소비와 저축을 추천합니다.
325,rabbit,토끼띠,토끼띠 이번 주는 감정적으로 안정된 흐름입니다. 오랫동안 묵혀둔 이야기를 꺼내보세요.
326,rabbit,토끼띠,토끼띠 이번 주는 건강 관리가 우선입니다. 충분한 수면과 규칙적인 식사를 챙기세요.
327,rabbit,토끼띠,토끼띠에게 이번 주는 재물운이 상승하는 흐름입니다. 계획적인 소비와 저축을 추천합니다.
328,rabbit,토끼띠,토끼띠에게 이번 주는 예상치 못한 좋은 소식이 들려올 수 있습니다. 기대감을 가져보세요.
329,rabbit,토끼띠,토끼띠 이번 주는 주변 사람들과의 협력이 중요합니다. 혼자보다 함께할 때 더 큰 힘이 납니다.
330,rabbit,토끼띠,토끼띠에게 이번 주는 재물운이 상승하는 흐름입니다. 계획적인 소비와 저축을 추천합니다.
331,rabbit,토끼띠,토끼띠 이번 주는 건강 관리가 우선입니다. 충분한 수면과 규칙적인 식사를 챙기세요.
332,rabbit,토끼띠,토끼띠에게 이번 주는 새로운 아이디어가 떠오르기 쉬운 시기입니다. 창의적인 도전을 해보세요.
333,rabbit,토끼띠,토끼띠에게 이번 주는 새로운 아이디어가 떠오르기 쉬운 시기입니다. 창의적인 도전을 해보세요.
334,rabbit,토끼띠,토끼띠 이번 주는 주변 사람들과의 협력이 중요합니다. 혼자보다 함께할 때 더 큰 힘이 납니다.
335,rabbit,토끼띠,토끼띠에게 이번 주는 적극적인 행동이 좋은 결과를 만드는 시기입니다. 망설이지 말고 도전해보세요.
336,rabbit,토끼띠,토끼띠 이번 주는 건강 관리가 우선입니다. 충분한 수면과 규칙적인 식사를 챙기세요.
337,dragon,용띠,용띠 이번 주는 주변 사람들과의 협력이 중요합니다. 혼자보다 함께할 때 더 큰 힘이 납니다.
338,dragon,용띠,용띠 이번 주는 학습이나 자기계발에 투자하기 좋은 에너지입니다. 배움을 즐겨보세요.
339,dragon,용띠,용띠에게 이번 주는 예상치 못한 좋은 소식이 들려올 수 있습니다. 기대감을 가져보세요.
340,dragon,용띠,용띠에게 이번 주는 재물운이 상승하는 흐름입니다. 계획적인 소비와 저축을 추천합니다.
341,dragon,용띠,용띠 이번 주는 건강 관리가 우선입니다. 충분한 수면과 규칙적인 식사를 챙기세요.
342,dragon,용띠,용띠 이번 주는 감정적으로 안정된 흐름입니다. 오랫동안 묵혀둔 이야기를 꺼내보세요.
343,dragon,용띠,용띠 이번 주는 학습이나 자기계발에 투자하기 좋은 에너지입니다. 배움을 즐겨보세요.
344,dragon,용띠,용띠에게 이번 주는 새로운 아이디어가 떠오르기 쉬운 시기입니다. 창의적인 도전을 해보세요.
345,dragon,용띠,용띠에게 이번 주는 예상치 못한 좋은 소식이 들려올 수 있습니다. 기대감을 가져보세요.
346,dragon,용띠,용띠에게 이번 주는 예상치 못한 좋은 소식이 들려올 수 있습니다. 기대감을 가져보세요.
347,dragon,용띠,용띠 이번 주는 건강 관리가 우선입니다. 충분한 수면과 규칙적인 식사를 챙기세요.
348,dragon,용띠,용띠에게 이번 주는 예상치 못한 좋은 소식이 들려올 수 있습니다. 기대감을 가져보세요.
349,dragon,용띠,용띠에게 이번 주는 새로운 아이디어가 떠오르기 쉬운 시기입니다. 창의적인 도전을 해보세요.
350,dragon,용띠,용띠 이번 주는 건강 관리가 우선입니다. 충분한 수면과 규칙적인 식사를 챙기세요.
351,dragon,용띠,용띠 이번 주는 감정적으로 안정된 흐름입니다. 오랫동안 묵혀둔 이야기를 꺼내보세요.
352,dragon,용띠,용띠에게 이번 주는 예상치 못한 좋은 소식이 들려올 수 있습니다. 기대감을 가져보세요.
353,dragon,용띠,용띠 이번 주는 건강 관리가 우선입니다. 충분한 수면과 규칙적인 식사를 챙기세요.
354,dragon,용띠,용띠 이번 주는 감정적으로 안정된 흐름입니다. 오랫동안 묵혀둔 이야기를 꺼내보세요.
355,dragon,용띠,용띠 이번 주는 주변 사람들과의 협력이 중요합니다. 혼자보다 함께할 때 더 큰 힘이 납니다.
356,dragon,용띠,용띠 이번 주는 학습이나 자기계발에 투자하기 좋은 에너지입니다. 배움을 즐겨보세요.
357,dragon,용띠,용띠에게 이번 주는 새로운 아이디어가 떠오르기 쉬운 시기입니다. 창의적인 도전을 해보세요.
358,dragon,용띠,용띠 이번 주는 건강 관리가 우선입니다. 충분한 수면과 규칙적인 식사를 챙기세요.
359,dragon,용띠,용띠 이번 주는 건강 관리가 우선입니다. 충분한 수면과 규칙적인 식사를 챙기세요.
360,dragon,용띠,용띠 이번 주는 주변 사람들과의 협력이 중요합니다. 혼자보다 함께할 때 더 큰 힘이 납니다.
361,dragon,용띠,용띠 이번 주는 건강 관리가 우선입니다. 충분한 수면과 규칙적인 식사를 챙기세요.
362,dragon,용띠,용띠에게 이번 주는 예상치 못한 좋은 소식이 들려올 수 있습니다. 기대감을 가져보세요.
363,dragon,용띠,용띠에게 이번 주는 적극적인 행동이 좋은 결과를 만드는 시기입니다. 망설이지 말고 도전해보세요.
364,dragon,용띠,용띠에게 이번 주는 재물운이 상승하는 흐름입니다. 계획적인 소비와 저축을 추천합니다.
365,dragon,용띠,용띠 이번 주는 감정적으로 안정된 흐름입니다. 오랫동안 묵혀둔 이야기를 꺼내보세요.
366,dragon,용띠,용띠에게 이번 주는 새로운 아이디어가 떠오르기 쉬운 시기입니다. 창의적인 도전을 해보세요.
367,dragon,용띠,용띠 이번 주는 주변 사람들과의 협력이 중요합니다. 혼자보다 함께할 때 더 큰 힘이 납니다.
368,dragon,용띠,용띠 이번 주는 학습이나 자기계발에 투자하기 좋은 에너지입니다. 배움을 즐겨보세요.
369,dragon,용띠,용띠 이번 주는 건강 관리가 우선입니다. 충분한 수면과 규칙적인 식사를 챙기세요.
370,dragon,용띠,용띠 이번 주는 주변 사람들과의 협력이 중요합니다. 혼자보다 함께할 때 더 큰 힘이 납니다.
371,dragon,용띠,용띠 이번 주는 주변 사람들과의 협력이 중요합니다. 혼자보다 함께할 때 더 큰 힘이 납니다.
372,dragon,용띠,용띠 이번 주는 감정적으로 안정된 흐름입니다. 오랫동안 묵혀둔 이야기를 꺼내보세요.
373,dragon,용띠,용띠 이번 주는 감정적으로 안정된 흐름입니다. 오랫동안 묵혀둔 이야기를 꺼내보세요.
374,dragon,용띠,용띠에게 이번 주는 재물운이 상승하는 흐름입니다. 계획적인 소비와 저축을 추천합니다.
375,dragon,용띠,용띠에게 이번 주는 적극적인 행동이 좋은 결과를 만드는 시기입니다. 망설이지 말고 도전해보세요.
376,dragon,용띠,용띠 이번 주는 감정적으로 안정된 흐름입니다. 오랫동안 묵혀둔 이야기를 꺼내보세요.
377,dragon,용띠,용띠 이번 주는 주변 사람들과의 협력이 중요합니다. 혼자보다 함께할 때 더 큰 힘이 납니다.
378,dragon,용띠,용띠에게 이번 주는 적극적인 행동이 좋은 결과를 만드는 시기입니다. 망설이지 말고 도전해보세요.
379,dragon,용띠,용띠 이번 주는 건강 관리가 우선입니다. 충분한 수면과 규칙적인 식사를 챙기세요.
380,dragon,용띠,용띠 이번 주는 주변 사람들과의 협력이 중요합니다. 혼자보다 함께할 때 더 큰 힘이 납니다.
381,dragon,용띠,용띠 이번 주는 주변 사람들과의 협력이 중요합니다. 혼자보다 함께할 때 더 큰 힘이 납니다.
382,dragon,용띠,용띠 이번 주는 건강 관리가 우선입니다. 충분한 수면과 규칙적인 식사를 챙기세요.
383,dragon,용띠,용띠 이번 주는 주변 사람들과의 협력이 중요합니다. 혼자보다 함께할 때 더 큰 힘이 납니다.
384,dragon,용띠,용띠 이번 주는 학습이나 자기계발에 투자하기 좋은 에너지입니다. 배움을 즐겨보세요.
385,dragon,용띠,용띠에게 이번 주는 재물운이 상승하는 흐름입니다. 계획적인 소비와 저축을 추천합니다.
386,dragon,용띠,용띠에게 이번 주는 새로운 아이디어가 떠오르기 쉬운 시기입니다. 창의적인 도전을 해보세요.
387,dragon,용띠,용띠에게 이번 주는 재물운이 상승하는 흐름입니다. 계획적인 소비와 저축을 추천합니다.
388,dragon,용띠,용띠에게 이번 주는 적극적인 행동이 좋은 결과를 만드는 시기입니다. 망설이지 말고 도전해보세요.
389,dragon,용띠,용띠에게 이번 주는 예상치 못한 좋은 소식이 들려올 수 있습니다. 기대감을 가져보세요.
390,dragon,용띠,용띠 이번 주는 감정적으로 안정된 흐름입니다. 오랫동안 묵혀둔 이야기를 꺼내보세요.
391,dragon,용띠,용띠에게 이번 주는 예상치 못한 좋은 소식이 들려올 수 있습니다. 기대감을 가져보세요.
392,dragon,용띠,용띠에게 이번 주는 새로운 아이디어가 떠오르기 쉬운 시기입니다. 창의적인 도전을 해보세요.
393,dragon,용띠,용띠에게 이번 주는 재물운이 상승하는 흐름입니다. 계획적인 소비와 저축을 추천합니다.
394,dragon,용띠,용띠 이번 주는 학습이나 자기계발에 투자하기 좋은 에너지입니다. 배움을 즐겨보세요.
395,dragon,용띠,용띠에게 이번 주는 새로운 아이디어가 떠오르기 쉬운 시기입니다. 창의적인 도전을 해보세요.
396,dragon,용띠,용띠 이번 주는 감정적으로 안정된 흐름입니다. 오랫동안 묵혀둔 이야기를 꺼내보세요.
397,dragon,용띠,용띠 이번 주는 감정적으로 안정된 흐름입니다. 오랫동안 묵혀둔 이야기를 꺼내보세요.
398,dragon,용띠,용띠에게 이번 주는 재물운이 상승하는 흐름입니다. 계획적인 소비와 저축을 추천합니다.
399,dragon,용띠,용띠 이번 주는 학습이나 자기계발에 투자하기 좋은 에너지입니다. 배움을 즐겨보세요.
400,dragon,용띠,용띠에게 이번 주는 적극적인 행동이 좋은 결과를 만드는 시기입니다. 망설이지 말고 도전해보세요.
401,dragon,용띠,용띠 이번 주는 주변 사람들과의 협력이 중요합니다. 혼자보다 함께할 때 더 큰 힘이 납니다.
402,dragon,용띠,용띠 이번 주는 감정적으로 안정된 흐름입니다. 오랫동안 묵혀둔 이야기를 꺼내보세요.
403,dragon,용띠,용띠 이번 주는 감정적으로 안정된 흐름입니다. 오랫동안 묵혀둔 이야기를 꺼내보세요.
404,dragon,용띠,용띠에게 이번 주는 예상치 못한 좋은 소식이 들려올 수 있습니다. 기대감을 가져보세요.
405,dragon,용띠,용띠 이번 주는 건강 관리가 우선입니다. 충분한 수면과 규칙적인 식사를 챙기세요.
406,dragon,용띠,용띠에게 이번 주는 예상치 못한 좋은 소식이 들려올 수 있습니다. 기대감을 가져보세요.
407,dragon,용띠,용띠 이번 주는 감정적으로 안정된 흐름입니다. 오랫동안 묵혀둔 이야기를 꺼내보세요.
408,dragon,용띠,용띠에게 이번 주는 예상치 못한 좋은 소식이 들려올 수 있습니다. 기대감을 가져보세요.
409,dragon,용띠,용띠에게 이번 주는 예상치 못한 좋은 소식이 들려올 수 있습니다. 기대감을 가져보세요.
410,dragon,용띠,용띠 이번 주는 건강 관리가 우선입니다. 충분한 수면과 규칙적인 식사를 챙기세요.
411,dragon,용띠,용띠 이번 주는 건강 관리가 우선입니다. 충분한 수면과 규칙적인 식사를 챙기세요.
412,dragon,용띠,용띠에게 이번 주는 새로운 아이디어가 떠오르기 쉬운 시기입니다. 창의적인 도전을 해보세요.
413,dragon,용띠,용띠 이번 주는 학습이나 자기계발에 투자하기 좋은 에너지입니다. 배움을 즐겨보세요.
414,dragon,용띠,용띠 이번 주는 건강 관리가 우선입니다. 충분한 수면과 규칙적인 식사를 챙기세요.
415,dragon,용띠,용띠 이번 주는 주변 사람들과의 협력이 중요합니다. 혼자보다 함께할 때 더 큰 힘이 납니다.
416,dragon,용띠,용띠에게 이번 주는 예상치 못한 좋은 소식이 들려올 수 있습니다. 기대감을 가져보세요.
417,dragon,용띠,용띠 이번 주는 감정적으로 안정된 흐름입니다. 오랫동안 묵혀둔 이야기를 꺼내보세요.
418,dragon,용띠,용띠에게 이번 주는 재물운이 상승하는 흐름입니다. 계획적인 소비와 저축을 추천합니다.
419,dragon,용띠,용띠 이번 주는 감정적으로 안정된 흐름입니다. 오랫동안 묵혀둔 이야기를 꺼내보세요.
420,dragon,용띠,용띠 이번 주는 학습이나 자기계발에 투자하기 좋은 에너지입니다. 배움을 즐겨보세요.
421,snake,뱀띠,뱀띠에게 이번 주는 새로운 아이디어가 떠오르기 쉬운 시기입니다. 창의적인 도전을 해보세요.
422,snake,뱀띠,뱀띠 이번 주는 감정적으로 안정된 흐름입니다. 오랫동안 묵혀둔 이야기를 꺼내보세요.
423,snake,뱀띠,뱀띠 이번 주는 학습이나 자기계발에 투자하기 좋은 에너지입니다. 배움을 즐겨보세요.
424,snake,뱀띠,뱀띠에게 이번 주는 새로운 아이디어가 떠오르기 쉬운 시기입니다. 창의적인 도전을 해보세요.
425,snake,뱀띠,뱀띠 이번 주는 건강 관리가 우선입니다. 충분한 수면과 규칙적인 식사를 챙기세요.
426,snake,뱀띠,뱀띠에게 이번 주는 새로운 아이디어가 떠오르기 쉬운 시기입니다. 창의적인 도전을 해보세요.
427,snake,뱀띠,뱀띠에게 이번 주는 새로운 아이디어가 떠오르기 쉬운 시기입니다. 창의적인 도전을 해보세요.
428,snake,뱀띠,뱀띠 이번 주는 학습이나 자기계발에 투자하기 좋은 에너지입니다. 배움을 즐겨보세요.
429,snake,뱀띠,뱀띠 이번 주는 건강 관리가 우선입니다. 충분한 수면과 규칙적인 식사를 챙기세요.
430,snake,뱀띠,뱀띠 이번 주는 건강 관리가 우선입니다. 충분한 수면과 규칙적인 식사를 챙기세요.
431,snake,뱀띠,뱀띠 이번 주는 주변 사람들과의 협력이 중요합니다. 혼자보다 함께할 때 더 큰 힘이 납니다.
432,snake,뱀띠,뱀띠에게 이번 주는 적극적인 행동이 좋은 결과를 만드는 시기입니다. 망설이지 말고 도전해보세요.
433,snake,뱀띠,뱀띠 이번 주는 학습이나 자기계발에 투자하기 좋은 에너지입니다. 배움을 즐겨보세요.
434,snake,뱀띠,뱀띠 이번 주는 주변 사람들과의 협력이 중요합니다. 혼자보다 함께할 때 더 큰 힘이 납니다.
435,snake,뱀띠,뱀띠 이번 주는 주변 사람들과의 협력이 중요합니다. 혼자보다 함께할 때 더 큰 힘이 납니다.
436,snake,뱀띠,뱀띠에게 이번 주는 적극적인 행동이 좋은 결과를 만드는 시기입니다. 망설이지 말고 도전해보세요.
437,snake,뱀띠,뱀띠에게 이번 주는 새로운 아이디어가 떠오르기 쉬운 시기입니다. 창의적인 도전을 해보세요.
438,snake,뱀띠,뱀띠 이번 주는 학습이나 자기계발에 투자하기 좋은 에너지입니다. 배움을 즐겨보세요.
439,snake,뱀띠,뱀띠 이번 주는 주변 사람들과의 협력이 중요합니다. 혼자보다 함께할 때 더 큰 힘이 납니다.
440,snake,뱀띠,뱀띠에게 이번 주는 적극적인 행동이 좋은 결과를 만드는 시기입니다. 망설이지 말고 도전해보세요.
441,snake,뱀띠,뱀띠에게 이번 주는 적극적인 행동이 좋은 결과를 만드는 시기입니다. 망설이지 말고 도전해보세요.
442,snake,뱀띠,뱀띠 이번 주는 감정적으로 안정된 흐름입니다. 오랫동안 묵혀둔 이야기를 꺼내보세요.
443,snake,뱀띠,뱀띠 이번 주는 주변 사람들과의 협력이 중요합니다. 혼자보다 함께할 때 더 큰 힘이 납니다.
444,snake,뱀띠,뱀띠 이번 주는 학습이나 자기계발에 투자하기 좋은 에너지입니다. 배움을 즐겨보세요.
445,snake,뱀띠,뱀띠에게 이번 주는 예상치 못한 좋은 소식이 들려올 수 있습니다. 기대감을 가져보세요.
446,snake,뱀띠,뱀띠에게 이번 주는 예상치 못한 좋은 소식이 들려올 수 있습니다. 기대감을 가져보세요.
447,snake,뱀띠,뱀띠 이번 주는 감정적으로 안정된 흐름입니다. 오랫동안 묵혀둔 이야기를 꺼내보세요.
448,snake,뱀띠,뱀띠 이번 주는 감정적으로 안정된 흐름입니다. 오랫동안 묵혀둔 이야기를 꺼내보세요.
449,snake,뱀띠,뱀띠에게 이번 주는 적극적인 행동이 좋은 결과를 만드는 시기입니다. 망설이지 말고 도전해보세요.
450,snake,뱀띠,뱀띠 이번 주는 건강 관리가 우선입니다. 충분한 수면과 규칙적인 식사를 챙기세요.
451,snake,뱀띠,뱀띠 이번 주는 학습이나 자기계발에 투자하기 좋은 에너지입니다. 배움을 즐겨보세요.
452,snake,뱀띠,뱀띠 이번 주는 감정적으로 안정된 흐름입니다. 오랫동안 묵혀둔 이야기를 꺼내보세요.
453,snake,뱀띠,뱀띠에게 이번 주는 적극적인 행동이 좋은 결과를 만드는 시기입니다. 망설이지 말고 도전해보세요.
454,snake,뱀띠,뱀띠에게 이번 주는 재물운이 상승하는 흐름입니다. 계획적인 소비와 저축을 추천합니다.
455,snake,뱀띠,뱀띠에게 이번 주는 새로운 아이디어가 떠오르기 쉬운 시기입니다. 창의적인 도전을 해보세요.
456,snake,뱀띠,뱀띠에게 이번 주는 새로운 아이디어가 떠오르기 쉬운 시기입니다. 창의적인 도전을 해보세요.
457,snake,뱀띠,뱀띠에게 이번 주는 재물운이 상승하는 흐름입니다. 계획적인 소비와 저축을 추천합니다.
458,snake,뱀띠,뱀띠에게 이번 주는 예상치 못한 좋은 소식이 들려올 수 있습니다. 기대감을 가져보세요.
459,snake,뱀띠,뱀띠 이번 주는 건강 관리가 우선입니다. 충분한 수면과 규칙적인 식사를 챙기세요.
460,snake,뱀띠,뱀띠 이번 주는 감정적으로 안정된 흐름입니다. 오랫동안 묵혀둔 이야기를 꺼내보세요.
461,snake,뱀띠,뱀띠 이번 주는 감정적으로 안정된 흐름입니다. 오랫동안 묵혀둔 이야기를 꺼내보세요.
462,snake,뱀띠,뱀띠 이번 주는 감정적으로 안정된 흐름입니다. 오랫동안 묵혀둔 이야기를 꺼내보세요.
463,snake,뱀띠,뱀띠 이번 주는 건강 관리가 우선입니다. 충분한 수면과 규칙적인 식사를 챙기세요.
464,snake,뱀띠,뱀띠 이번 주는 건강 관리가 우선입니다. 충분한 수면과 규칙적인 식사를 챙기세요.
465,snake,뱀띠,뱀띠 이번 주는 건강 관리가 우선입니다. 충분한 수면과 규칙적인 식사를 챙기세요.
466,snake,뱀띠,뱀띠에게 이번 주는 적극적인 행동이 좋은 결과를 만드는 시기입니다. 망설이지 말고 도전해보세요.
467,snake,뱀띠,뱀띠 이번 주는 건강 관리가 우선입니다. 충분한 수면과 규칙적인 식사를 챙기세요.
468,snake,뱀띠,뱀띠 이번 주는 감정적으로 안정된 흐름입니다. 오랫동안 묵혀둔 이야기를 꺼내보세요.
469,snake,뱀띠,뱀띠에게 이번 주는 예상치 못한 좋은 소식이 들려올 수 있습니다. 기대감을 가져보세요.
470,snake,뱀띠,뱀띠에게 이번 주는 새로운 아이디어가 떠오르기 쉬운 시기입니다. 창의적인 도전을 해보세요.
471,snake,뱀띠,뱀띠 이번 주는 건강 관리가 우선입니다. 충분한 수면과 규칙적인 식사를 챙기세요.
472,snake,뱀띠,뱀띠 이번 주는 건강 관리가 우선입니다. 충분한 수면과 규칙적인 식사를 챙기세요.
473,snake,뱀띠,뱀띠에게 이번 주는 새로운 아이디어가 떠오르기 쉬운 시기입니다. 창의적인 도전을 해보세요.
474,snake,뱀띠,뱀띠 이번 주는 주변 사람들과의 협력이 중요합니다. 혼자보다 함께할 때 더 큰 힘이 납니다.
475,snake,뱀띠,뱀띠 이번 주는 주변 사람들과의 협력이 중요합니다. 혼자보다 함께할 때 더 큰 힘이 납니다.
476,snake,뱀띠,뱀띠에게 이번 주는 재물운이 상승하는 흐름입니다. 계획적인 소비와 저축을 추천합니다.
477,snake,뱀띠,뱀띠 이번 주는 감정적으로 안정된 흐름입니다. 오랫동안 묵혀둔 이야기를 꺼내보세요.
478,snake,뱀띠,뱀띠 이번 주는 감정적으로 안정된 흐름입니다. 오랫동안 묵혀둔 이야기를 꺼내보세요.
479,snake,뱀띠,뱀띠에게 이번 주는 적극적인 행동이 좋은 결과를 만드는 시기입니다. 망설이지 말고 도전해보세요.
480,snake,뱀띠,뱀띠 이번 주는 학습이나 자기계발에 투자하기 좋은 에너지입니다. 배움을 즐겨보세요.
481,snake,뱀띠,뱀띠에게 이번 주는 예상치 못한 좋은 소식이 들려올 수 있습니다. 기대감을 가져보세요.
482,snake,뱀띠,뱀띠 이번 주는 감정적으로 안정된 흐름입니다. 오랫동안 묵혀둔 이야기를 꺼내보세요.
483,snake,뱀띠,뱀띠 이번 주는 학습이나 자기계발에 투자하기 좋은 에너지입니다. 배움을 즐겨보세요.
484,snake,뱀띠,뱀띠에게 이번 주는 새로운 아이디어가 떠오르기 쉬운 시기입니다. 창의적인 도전을 해보세요.
485,snake,뱀띠,뱀띠에게 이번 주는 재물운이 상승하는 흐름입니다. 계획적인 소비와 저축을 추천합니다.
486,snake,뱀띠,뱀띠 이번 주는 건강 관리가 우선입니다. 충분한 수면과 규칙적인 식사를 챙기세요.
487,snake,뱀띠,뱀띠에게 이번 주는 새로운 아이디어가 떠오르기 쉬운 시기입니다. 창의적인 도전을 해보세요.
488,snake,뱀띠,뱀띠에게 이번 주는 적극적인 행동이 좋은 결과를 만드는 시기입니다. 망설이지 말고 도전해보세요.
489,snake,뱀띠,뱀띠 이번 주는 학습이나 자기계발에 투자하기 좋은 에너지입니다. 배움을 즐겨보세요.
490,snake,뱀띠,뱀띠 이번 주는 학습이나 자기계발에 투자하기 좋은 에너지입니다. 배움을 즐겨보세요.
491,snake,뱀띠,뱀띠 이번 주는 감정적으로 안정된 흐름입니다. 오랫동안 묵혀둔 이야기를 꺼내보세요.
492,snake,뱀띠,뱀띠 이번 주는 건강 관리가 우선입니다. 충분한 수면과 규칙적인 식사를 챙기세요.
493,snake,뱀띠,뱀띠 이번 주는 감정적으로 안정된 흐름입니다. 오랫동안 묵혀둔 이야기를 꺼내보세요.
494,snake,뱀띠,뱀띠 이번 주는 주변 사람들과의 협력이 중요합니다. 혼자보다 함께할 때 더 큰 힘이 납니다.
495,snake,뱀띠,뱀띠에게 이번 주는 예상치 못한 좋은 소식이 들려올 수 있습니다. 기대감을 가져보세요.
496,snake,뱀띠,뱀띠 이번 주는 주변 사람들과의 협력이 중요합니다. 혼자보다 함께할 때 더 큰 힘이 납니다.
497,snake,뱀띠,뱀띠에게 이번 주는 예상치 못한 좋은 소식이 들려올 수 있습니다. 기대감을 가져보세요.
498,snake,뱀띠,뱀띠 이번 주는 건강 관리가 우선입니다. 충분한 수면과 규칙적인 식사를 챙기세요.
499,snake,뱀띠,뱀띠에게 이번 주는 재물운이 상승하는 흐름입니다. 계획적인 소비와 저축을 추천합니다.
500,snake,뱀띠,뱀띠에게 이번 주는 새로운 아이디어가 떠오르기 쉬운 시기입니다. 창의적인 도전을 해보세요.
501,snake,뱀띠,뱀띠 이번 주는 주변 사람들과의 협력이 중요합니다. 혼자보다 함께할 때 더 큰 힘이 납니다.
502,snake,뱀띠,뱀띠에게 이번 주는 적극적인 행동이 좋은 결과를 만드는 시기입니다. 망설이지 말고 도전해보세요.
503,snake,뱀띠,뱀띠에게 이번 주는 재물운이 상승하는 흐름입니다. 계획적인 소비와 저축을 추천합니다.
504,snake,뱀띠,뱀띠 이번 주는 주변 사람들과의 협력이 중요합니다. 혼자보다 함께할 때 더 큰 힘이 납니다.
505,horse,말띠,말띠에게 이번 주는 새로운 아이디어가 떠오르기 쉬운 시기입니다. 창의적인 도전을 해보세요.
506,horse,말띠,말띠 이번 주는 주변 사람들과의 협력이 중요합니다. 혼자보다 함께할 때 더 큰 힘이 납니다.
507,horse,말띠,말띠에게 이번 주는 새로운 아이디어가 떠오르기 쉬운 시기입니다. 창의적인 도전을 해보세요.
508,horse,말띠,말띠에게 이번 주는 적극적인 행동이 좋은 결과를 만드는 시기입니다. 망설이지 말고 도전해보세요.
509,horse,말띠,말띠에게 이번 주는 적극적인 행동이 좋은 결과를 만드는 시기입니다. 망설이지 말고 도전해보세요.
510,horse,말띠,말띠에게 이번 주는 적극적인 행동이 좋은 결과를 만드는 시기입니다. 망설이지 말고 도전해보세요.
511,horse,말띠,말띠 이번 주는 건강 관리가 우선입니다. 충분한 수면과 규칙적인 식사를 챙기세요.
512,horse,말띠,말띠에게 이번 주는 새로운 아이디어가 떠오르기 쉬운 시기입니다. 창의적인 도전을 해보세요.
513,horse,말띠,말띠 이번 주는 주변 사람들과의 협력이 중요합니다. 혼자보다 함께할 때 더 큰 힘이 납니다.
514,horse,말띠,말띠 이번 주는 학습이나 자기계발에 투자하기 좋은 에너지입니다. 배움을 즐겨보세요.
515,horse,말띠,말띠에게 이번 주는 재물운이 상승하는 흐름입니다. 계획적인 소비와 저축을 추천합니다.
516,horse,말띠,말띠 이번 주는 주변 사람들과의 협력이 중요합니다. 혼자보다 함께할 때 더 큰 힘이 납니다.
517,horse,말띠,말띠 이번 주는 학습이나 자기계발에 투자하기 좋은 에너지입니다. 배움을 즐겨보세요.
518,horse,말띠,말띠 이번 주는 건강 관리가 우선입니다. 충분한 수면과 규칙적인 식사를 챙기세요.
519,horse,말띠,말띠 이번 주는 학습이나 자기계발에 투자하기 좋은 에너지입니다. 배움을 즐겨보세요.
520,horse,말띠,말띠에게 이번 주는 새로운 아이디어가 떠오르기 쉬운 시기입니다. 창의적인 도전을 해보세요.
521,horse,말띠,말띠 이번 주는 학습이나 자기계발에 투자하기 좋은 에너지입니다. 배움을 즐겨보세요.
522,horse,말띠,말띠에게 이번 주는 새로운 아이디어가 떠오르기 쉬운 시기입니다. 창의적인 도전을 해보세요.
523,horse,말띠,말띠 이번 주는 주변 사람들과의 협력이 중요합니다. 혼자보다 함께할 때 더 큰 힘이 납니다.
524,horse,말띠,말띠에게 이번 주는 예상치 못한 좋은 소식이 들려올 수 있습니다. 기대감을 가져보세요.
525,horse,말띠,말띠 이번 주는 학습이나 자기계발에 투자하기 좋은 에너지입니다. 배움을 즐겨보세요.
526,horse,말띠,말띠 이번 주는 학습이나 자기계발에 투자하기 좋은 에너지입니다. 배움을 즐겨보세요.
527,horse,말띠,말띠 이번 주는 감정적으로 안정된 흐름입니다. 오랫동안 묵혀둔 이야기를 꺼내보세요.
528,horse,말띠,말띠 이번 주는 건강 관리가 우선입니다. 충분한 수면과 규칙적인 식사를 챙기세요.
529,horse,말띠,말띠에게 이번 주는 적극적인 행동이 좋은 결과를 만드는 시기입니다. 망설이지 말고 도전해보세요.
530,horse,말띠,말띠에게 이번 주는 새로운 아이디어가 떠오르기 쉬운 시기입니다. 창의적인 도전을 해보세요.
531,horse,말띠,말띠에게 이번 주는 적극적인 행동이 좋은 결과를 만드는 시기입니다. 망설이지 말고 도전해보세요.
532,horse,말띠,말띠에게 이번 주는 적극적인 행동이 좋은 결과를 만드는 시기입니다. 망설이지 말고 도전해보세요.
533,horse,말띠,말띠 이번 주는 학습이나 자기계발에 투자하기 좋은 에너지입니다. 배움을 즐겨보세요.
534,horse,말띠,말띠에게 이번 주는 예상치 못한 좋은 소식이 들려올 수 있습니다. 기대감을 가져보세요.
535,horse,말띠,말띠에게 이번 주는 재물운이 상승하는 흐름입니다. 계획적인 소비와 저축을 추천합니다.
536,horse,말띠,말띠에게 이번 주는 적극적인 행동이 좋은 결과를 만드는 시기입니다. 망설이지 말고 도전해보세요.
537,horse,말띠,말띠 이번 주는 건강 관리가 우선입니다. 충분한 수면과 규칙적인 식사를 챙기세요.
538,horse,말띠,말띠 이번 주는 건강 관리가 우선입니다. 충분한 수면과 규칙적인 식사를 챙기세요.
539,horse,말띠,말띠 이번 주는 주변 사람들과의 협력이 중요합니다. 혼자보다 함께할 때 더 큰 힘이 납니다.
540,horse,말띠,말띠 이번 주는 학습이나 자기계발에 투자하기 좋은 에너지입니다. 배움을 즐겨보세요.
541,horse,말띠,말띠 이번 주는 건강 관리가 우선입니다. 충분한 수면과 규칙적인 식사를 챙기세요.
542,horse,말띠,말띠 이번 주는 학습이나 자기계발에 투자하기 좋은 에너지입니다. 배움을 즐겨보세요.
543,horse,말띠,말띠에게 이번 주는 예상치 못한 좋은 소식이 들려올 수 있습니다. 기대감을 가져보세요.
544,horse,말띠,말띠 이번 주는 학습이나 자기계발에 투자하기 좋은 에너지입니다. 배움을 즐겨보세요.
545,horse,말띠,말띠 이번 주는 건강 관리가 우선입니다. 충분한 수면과 규칙적인 식사를 챙기세요.
546,horse,말띠,말띠에게 이번 주는 새로운 아이디어가 떠오르기 쉬운 시기입니다. 창의적인 도전을 해보세요.
547,horse,말띠,말띠에게 이번 주는 새로운 아이디어가 떠오르기 쉬운 시기입니다. 창의적인 도전을 해보세요.
548,horse,말띠,말띠에게 이번 주는 예상치 못한 좋은 소식이 들려올 수 있습니다. 기대감을 가져보세요.
549,horse,말띠,말띠 이번 주는 감정적으로 안정된 흐름입니다. 오랫동안 묵혀둔 이야기를 꺼내보세요.
550,horse,말띠,말띠 이번 주는 건강 관리가 우선입니다. 충분한 수면과 규칙적인 식사를 챙기세요.
551,horse,말띠,말띠 이번 주는 감정적으로 안정된 흐름입니다. 오랫동안 묵혀둔 이야기를 꺼내보세요.
552,horse,말띠,말띠 이번 주는 주변 사람들과의 협력이 중요합니다. 혼자보다 함께할 때 더 큰 힘이 납니다.
553,horse,말띠,말띠 이번 주는 건강 관리가 우선입니다. 충분한 수면과 규칙적인 식사를 챙기세요.
554,horse,말띠,말띠 이번 주는 감정적으로 안정된 흐름입니다. 오랫동안 묵혀둔 이야기를 꺼내보세요.
555,horse,말띠,말띠에게 이번 주는 예상치 못한 좋은 소식이 들려올 수 있습니다. 기대감을 가져보세요.
556,horse,말띠,말띠에게 이번 주는 예상치 못한 좋은 소식이 들려올 수 있습니다. 기대감을 가져보세요.
557,horse,말띠,말띠에게 이번 주는 새로운 아이디어가 떠오르기 쉬운 시기입니다. 창의적인 도전을 해보세요.
558,horse,말띠,말띠 이번 주는 학습이나 자기계발에 투자하기 좋은 에너지입니다. 배움을 즐겨보세요.
559,horse,말띠,말띠에게 이번 주는 새로운 아이디어가 떠오르기 쉬운 시기입니다. 창의적인 도전을 해보세요.
560,horse,말띠,말띠 이번 주는 주변 사람들과의 협력이 중요합니다. 혼자보다 함께할 때 더 큰 힘이 납니다.
561,horse,말띠,말띠에게 이번 주는 예상치 못한 좋은 소식이 들려올 수 있습니다. 기대감을 가져보세요.
562,horse,말띠,말띠에게 이번 주는 예상치 못한 좋은 소식이 들려올 수 있습니다. 기대감을 가져보세요.
563,horse,말띠,말띠 이번 주는 학습이나 자기계발에 투자하기 좋은 에너지입니다. 배움을 즐겨보세요.
564,horse,말띠,말띠 이번 주는 주변 사람들과의 협력이 중요합니다. 혼자보다 함께할 때 더 큰 힘이 납니다.
565,horse,말띠,말띠 이번 주는 건강 관리가 우선입니다. 충분한 수면과 규칙적인 식사를 챙기세요.
566,horse,말띠,말띠에게 이번 주는 예상치 못한 좋은 소식이 들려올 수 있습니다. 기대감을 가져보세요.
567,horse,말띠,말띠 이번 주는 주변 사람들과의 협력이 중요합니다. 혼자보다 함께할 때 더 큰 힘이 납니다.
568,horse,말띠,말띠 이번 주는 건강 관리가 우선입니다. 충분한 수면과 규칙적인 식사를 챙기세요.
569,horse,말띠,말띠에게 이번 주는 새로운 아이디어가 떠오르기 쉬운 시기입니다. 창의적인 도전을 해보세요.
570,horse,말띠,말띠 이번 주는 주변 사람들과의 협력이 중요합니다. 혼자보다 함께할 때 더 큰 힘이 납니다.
571,horse,말띠,말띠에게 이번 주는 적극적인 행동이 좋은 결과를 만드는 시기입니다. 망설이지 말고 도전해보세요.
572,horse,말띠,말띠 이번 주는 감정적으로 안정된 흐름입니다. 오랫동안 묵혀둔 이야기를 꺼내보세요.
573,horse,말띠,말띠 이번 주는 감정적으로 안정된 흐름입니다. 오랫동안 묵혀둔 이야기를 꺼내보세요.
574,horse,말띠,말띠 이번 주는 학습이나 자기계발에 투자하기 좋은 에너지입니다. 배움을 즐겨보세요.
575,horse,말띠,말띠 이번 주는 감정적으로 안정된 흐름입니다. 오랫동안 묵혀둔 이야기를 꺼내보세요.
576,horse,말띠,말띠에게 이번 주는 예상치 못한 좋은 소식이 들려올 수 있습니다. 기대감을 가져보세요.
577,horse,말띠,말띠에게 이번 주는 재물운이 상승하는 흐름입니다. 계획적인 소비와 저축을 추천합니다.
578,horse,말띠,말띠에게 이번 주는 재물운이 상승하는 흐름입니다. 계획적인 소비와 저축을 추천합니다.
579,horse,말띠,말띠에게 이번 주는 새로운 아이디어가 떠오르기 쉬운 시기입니다. 창의적인 도전을 해보세요.
580,horse,말띠,말띠에게 이번 주는 적극적인 행동이 좋은 결과를 만드는 시기입니다. 망설이지 말고 도전해보세요.
581,horse,말띠,말띠 이번 주는 감정적으로 안정된 흐름입니다. 오랫동안 묵혀둔 이야기를 꺼내보세요.
582,horse,말띠,말띠에게 이번 주는 적극적인 행동이 좋은 결과를 만드는 시기입니다. 망설이지 말고 도전해보세요.
583,horse,말띠,말띠에게 이번 주는 적극적인 행동이 좋은 결과를 만드는 시기입니다. 망설이지 말고 도전해보세요.
584,horse,말띠,말띠 이번 주는 감정적으로 안정된 흐름입니다. 오랫동안 묵혀둔 이야기를 꺼내보세요.
585,horse,말띠,말띠에게 이번 주는 적극적인 행동이 좋은 결과를 만드는 시기입니다. 망설이지 말고 도전해보세요.
586,horse,말띠,말띠에게 이번 주는 예상치 못한 좋은 소식이 들려올 수 있습니다. 기대감을 가져보세요.
587,horse,말띠,말띠 이번 주는 감정적으로 안정된 흐름입니다. 오랫동안 묵혀둔 이야기를 꺼내보세요.
588,horse,말띠,말띠 이번 주는 건강 관리가 우선입니다. 충분한 수면과 규칙적인 식사를 챙기세요.
589,sheep,양띠,양띠 이번 주는 학습이나 자기계발에 투자하기 좋은 에너지입니다. 배움을 즐겨보세요.
590,sheep,양띠,양띠에게 이번 주는 적극적인 행동이 좋은 결과를 만드는 시기입니다. 망설이지 말고 도전해보세요.
591,sheep,양띠,양띠 이번 주는 건강 관리가 우선입니다. 충분한 수면과 규칙적인 식사를 챙기세요.
592,sheep,양띠,양띠에게 이번 주는 재물운이 상승하는 흐름입니다. 계획적인 소비와 저축을 추천합니다.
593,sheep,양띠,양띠 이번 주는 주변 사람들과의 협력이 중요합니다. 혼자보다 함께할 때 더 큰 힘이 납니다.
594,sheep,양띠,양띠 이번 주는 주변 사람들과의 협력이 중요합니다. 혼자보다 함께할 때 더 큰 힘이 납니다.
595,sheep,양띠,양띠에게 이번 주는 적극적인 행동이 좋은 결과를 만드는 시기입니다. 망설이지 말고 도전해보세요.
596,sheep,양띠,양띠에게 이번 주는 적극적인 행동이 좋은 결과를 만드는 시기입니다. 망설이지 말고 도전해보세요.
597,sheep,양띠,양띠에게 이번 주는 재물운이 상승하는 흐름입니다. 계획적인 소비와 저축을 추천합니다.
598,sheep,양띠,양띠 이번 주는 건강 관리가 우선입니다. 충분한 수면과 규칙적인 식사를 챙기세요.
599,sheep,양띠,양띠에게 이번 주는 새로운 아이디어가 떠오르기 쉬운 시기입니다. 창의적인 도전을 해보세요.
600,sheep,양띠,양띠 이번 주는 감정적으로 안정된 흐름입니다. 오랫동안 묵혀둔 이야기를 꺼내보세요.
601,sheep,양띠,양띠 이번 주는 학습이나 자기계발에 투자하기 좋은 에너지입니다. 배움을 즐겨보세요.
602,sheep,양띠,양띠 이번 주는 건강 관리가 우선입니다. 충분한 수면과 규칙적인 식사를 챙기세요.
603,sheep,양띠,양띠에게 이번 주는 예상치 못한 좋은 소식이 들려올 수 있습니다. 기대감을 가져보세요.
604,sheep,양띠,양띠에게 이번 주는 적극적인 행동이 좋은 결과를 만드는 시기입니다. 망설이지 말고 도전해보세요.
605,sheep,양띠,양띠 이번 주는 감정적으로 안정된 흐름입니다. 오랫동안 묵혀둔 이야기를 꺼내보세요.
606,sheep,양띠,양띠에게 이번 주는 재물운이 상승하는 흐름입니다. 계획적인 소비와 저축을 추천합니다.
607,sheep,양띠,양띠에게 이번 주는 재물운이 상승하는 흐름입니다. 계획적인 소비와 저축을 추천합니다.
608,sheep,양띠,양띠 이번 주는 건강 관리가 우선입니다. 충분한 수면과 규칙적인 식사를 챙기세요.
609,sheep,양띠,양띠에게 이번 주는 재물운이 상승하는 흐름입니다. 계획적인 소비와 저축을 추천합니다.
610,sheep,양띠,양띠 이번 주는 감정적으로 안정된 흐름입니다. 오랫동안 묵혀둔 이야기를 꺼내보세요.
611,sheep,양띠,양띠 이번 주는 주변 사람들과의 협력이 중요합니다. 혼자보다 함께할 때 더 큰 힘이 납니다.
612,sheep,양띠,양띠 이번 주는 주변 사람들과의 협력이 중요합니다. 혼자보다 함께할 때 더 큰 힘이 납니다.
613,sheep,양띠,양띠 이번 주는 학습이나 자기계발에 투자하기 좋은 에너지입니다. 배움을 즐겨보세요.
614,sheep,양띠,양띠에게 이번 주는 적극적인 행동이 좋은 결과를 만드는 시기입니다. 망설이지 말고 도전해보세요.
615,sheep,양띠,양띠 이번 주는 건강 관리가 우선입니다. 충분한 수면과 규칙적인 식사를 챙기세요.
616,sheep,양띠,양띠에게 이번 주는 적극적인 행동이 좋은 결과를 만드는 시기입니다. 망설이지 말고 도전해보세요.
617,sheep,양띠,양띠 이번 주는 건강 관리가 우선입니다. 충분한 수면과 규칙적인 식사를 챙기세요.
618,sheep,양띠,양띠에게 이번 주는 재물운이 상승하는 흐름입니다. 계획적인 소비와 저축을 추천합니다.
619,sheep,양띠,양띠 이번 주는 건강 관리가 우선입니다. 충분한 수면과 규칙적인 식사를 챙기세요.
620,sheep,양띠,양띠에게 이번 주는 예상치 못한 좋은 소식이 들려올 수 있습니다. 기대감을 가져보세요.
621,sheep,양띠,양띠에게 이번 주는 새로운 아이디어가 떠오르기 쉬운 시기입니다. 창의적인 도전을 해보세요.
622,sheep,양띠,양띠 이번 주는 감정적으로 안정된 흐름입니다. 오랫동안 묵혀둔 이야기를 꺼내보세요.
623,sheep,양띠,양띠 이번 주는 주변 사람들과의 협력이 중요합니다. 혼자보다 함께할 때 더 큰 힘이 납니다.
624,sheep,양띠,양띠 이번 주는 학습이나 자기계발에 투자하기 좋은 에너지입니다. 배움을 즐겨보세요.
625,sheep,양띠,양띠에게 이번 주는 예상치 못한 좋은 소식이 들려올 수 있습니다. 기대감을 가져보세요.
626,sheep,양띠,양띠에게 이번 주는 재물운이 상승하는 흐름입니다. 계획적인 소비와 저축을 추천합니다.
627,sheep,양띠,양띠 이번 주는 학습이나 자기계발에 투자하기 좋은 에너지입니다. 배움을 즐겨보세요.
628,sheep,양띠,양띠에게 이번 주는 새로운 아이디어가 떠오르기 쉬운 시기입니다. 창의적인 도전을 해보세요.
629,sheep,양띠,양띠 이번 주는 감정적으로 안정된 흐름입니다. 오랫동안 묵혀둔 이야기를 꺼내보세요.
630,sheep,양띠,양띠에게 이번 주는 예상치 못한 좋은 소식이 들려올 수 있습니다. 기대감을 가져보세요.
631,sheep,양띠,양띠 이번 주는 주변 사람들과의 협력이 중요합니다. 혼자보다 함께할 때 더 큰 힘이 납니다.
632,sheep,양띠,양띠 이번 주는 주변 사람들과의 협력이 중요합니다. 혼자보다 함께할 때 더 큰 힘이 납니다.
633,sheep,양띠,양띠 이번 주는 주변 사람들과의 협력이 중요합니다. 혼자보다 함께할 때 더 큰 힘이 납니다.
634,sheep,양띠,양띠 이번 주는 건강 관리가 우선입니다. 충분한 수면과 규칙적인 식사를 챙기세요.
635,sheep,양띠,양띠 이번 주는 감정적으로 안정된 흐름입니다. 오랫동안 묵혀둔 이야기를 꺼내보세요.
636,sheep,양띠,양띠 이번 주는 학습이나 자기계발에 투자하기 좋은 에너지입니다. 배움을 즐겨보세요.
637,sheep,양띠,양띠에게 이번 주는 적극적인 행동이 좋은 결과를 만드는 시기입니다. 망설이지 말고 도전해보세요.
638,sheep,양띠,양띠 이번 주는 주변 사람들과의 협력이 중요합니다. 혼자보다 함께할 때 더 큰 힘이 납니다.
639,sheep,양띠,양띠에게 이번 주는 예상치 못한 좋은 소식이 들려올 수 있습니다. 기대감을 가져보세요.
640,sheep,양띠,양띠에게 이번 주는 새로운 아이디어가 떠오르기 쉬운 시기입니다. 창의적인 도전을 해보세요.
641,sheep,양띠,양띠에게 이번 주는 새로운 아이디어가 떠오르기 쉬운 시기입니다. 창의적인 도전을 해보세요.
642,sheep,양띠,양띠에게 이번 주는 재물운이 상승하는 흐름입니다. 계획적인 소비와 저축을 추천합니다.
643,sheep,양띠,양띠 이번 주는 건강 관리가 우선입니다. 충분한 수면과 규칙적인 식사를 챙기세요.
644,sheep,양띠,양띠에게 이번 주는 재물운이 상승하는 흐름입니다. 계획적인 소비와 저축을 추천합니다.
645,sheep,양띠,양띠에게 이번 주는 적극적인 행동이 좋은 결과를 만드는 시기입니다. 망설이지 말고 도전해보세요.
646,sheep,양띠,양띠 이번 주는 감정적으로 안정된 흐름입니다. 오랫동안 묵혀둔 이야기를 꺼내보세요.
647,sheep,양띠,양띠에게 이번 주는 적극적인 행동이 좋은 결과를 만드는 시기입니다. 망설이지 말고 도전해보세요.
648,sheep,양띠,양띠에게 이번 주는 적극적인 행동이 좋은 결과를 만드는 시기입니다. 망설이지 말고 도전해보세요.
649,sheep,양띠,양띠 이번 주는 감정적으로 안정된 흐름입니다. 오랫동안 묵혀둔 이야기를 꺼내보세요.
650,sheep,양띠,양띠 이번 주는 감정적으로 안정된 흐름입니다. 오랫동안 묵혀둔 이야기를 꺼내보세요.
651,sheep,양띠,양띠에게 이번 주는 적극적인 행동이 좋은 결과를 만드는 시기입니다. 망설이지 말고 도전해보세요.
652,sheep,양띠,양띠에게 이번 주는 예상치 못한 좋은 소식이 들려올 수 있습니다. 기대감을 가져보세요.
653,sheep,양띠,양띠 이번 주는 학습이나 자기계발에 투자하기 좋은 에너지입니다. 배움을 즐겨보세요.
654,sheep,양띠,양띠에게 이번 주는 새로운 아이디어가 떠오르기 쉬운 시기입니다. 창의적인 도전을 해보세요.
655,sheep,양띠,양띠에게 이번 주는 예상치 못한 좋은 소식이 들려올 수 있습니다. 기대감을 가져보세요.
656,sheep,양띠,양띠에게 이번 주는 새로운 아이디어가 떠오르기 쉬운 시기입니다. 창의적인 도전을 해보세요.
657,sheep,양띠,양띠 이번 주는 건강 관리가 우선입니다. 충분한 수면과 규칙적인 식사를 챙기세요.
658,sheep,양띠,양띠에게 이번 주는 적극적인 행동이 좋은 결과를 만드는 시기입니다. 망설이지 말고 도전해보세요.
659,sheep,양띠,양띠 이번 주는 학습이나 자기계발에 투자하기 좋은 에너지입니다. 배움을 즐겨보세요.
660,sheep,양띠,양띠 이번 주는 학습이나 자기계발에 투자하기 좋은 에너지입니다. 배움을 즐겨보세요.
661,sheep,양띠,양띠에게 이번 주는 적극적인 행동이 좋은 결과를 만드는 시기입니다. 망설이지 말고 도전해보세요.
662,sheep,양띠,양띠 이번 주는 학습이나 자기계발에 투자하기 좋은 에너지입니다. 배움을 즐겨보세요.
663,sheep,양띠,양띠에게 이번 주는 새로운 아이디어가 떠오르기 쉬운 시기입니다. 창의적인 도전을 해보세요.
664,sheep,양띠,양띠 이번 주는 주변 사람들과의 협력이 중요합니다. 혼자보다 함께할 때 더 큰 힘이 납니다.
665,sheep,양띠,양띠에게 이번 주는 새로운 아이디어가 떠오르기 쉬운 시기입니다. 창의적인 도전을 해보세요.
666,sheep,양띠,양띠 이번 주는 학습이나 자기계발에 투자하기 좋은 에너지입니다. 배움을 즐겨보세요.
667,sheep,양띠,양띠에게 이번 주는 새로운 아이디어가 떠오르기 쉬운 시기입니다. 창의적인 도전을 해보세요.
668,sheep,양띠,양띠에게 이번 주는 재물운이 상승하는 흐름입니다. 계획적인 소비와 저축을 추천합니다.
669,sheep,양띠,양띠 이번 주는 주변 사람들과의 협력이 중요합니다. 혼자보다 함께할 때 더 큰 힘이 납니다.
670,sheep,양띠,양띠에게 이번 주는 예상치 못한 좋은 소식이 들려올 수 있습니다. 기대감을 가져보세요.
671,sheep,양띠,양띠에게 이번 주는 예상치 못한 좋은 소식이 들려올 수 있습니다. 기대감을 가져보세요.
672,sheep,양띠,양띠에게 이번 주는 재물운이 상승하는 흐름입니다. 계획적인 소비와 저축을 추천합니다.
673,monkey,원숭이띠,원숭이띠 이번 주는 감정적으로 안정된 흐름입니다. 오랫동안 묵혀둔 이야기를 꺼내보세요.
674,monkey,원숭이띠,원숭이띠 이번 주는 감정적으로 안정된 흐름입니다. 오랫동안 묵혀둔 이야기를 꺼내보세요.
675,monkey,원숭이띠,원숭이띠 이번 주는 감정적으로 안정된 흐름입니다. 오랫동안 묵혀둔 이야기를 꺼내보세요.
676,monkey,원숭이띠,원숭이띠 이번 주는 학습이나 자기계발에 투자하기 좋은 에너지입니다. 배움을 즐겨보세요.
677,monkey,원숭이띠,원숭이띠에게 이번 주는 새로운 아이디어가 떠오르기 쉬운 시기입니다. 창의적인 도전을 해보세요.
678,monkey,원숭이띠,원숭이띠에게 이번 주는 적극적인 행동이 좋은 결과를 만드는 시기입니다. 망설이지 말고 도전해보세요.
679,monkey,원숭이띠,원숭이띠에게 이번 주는 예상치 못한 좋은 소식이 들려올 수 있습니다. 기대감을 가져보세요.
680,monkey,원숭이띠,원숭이띠 이번 주는 주변 사람들과의 협력이 중요합니다. 혼자보다 함께할 때 더 큰 힘이 납니다.
681,monkey,원숭이띠,원숭이띠 이번 주는 감정적으로 안정된 흐름입니다. 오랫동안 묵혀둔 이야기를 꺼내보세요.
682,monkey,원숭이띠,원숭이띠에게 이번 주는 적극적인 행동이 좋은 결과를 만드는 시기입니다. 망설이지 말고 도전해보세요.
683,monkey,원숭이띠,원숭이띠에게 이번 주는 새로운 아이디어가 떠오르기 쉬운 시기입니다. 창의적인 도전을 해보세요.
684,monkey,원숭이띠,원숭이띠에게 이번 주는 적극적인 행동이 좋은 결과를 만드는 시기입니다. 망설이지 말고 도전해보세요.
685,monkey,원숭이띠,원숭이띠에게 이번 주는 재물운이 상승하는 흐름입니다. 계획적인 소비와 저축을 추천합니다.
686,monkey,원숭이띠,원숭이띠 이번 주는 학습이나 자기계발에 투자하기 좋은 에너지입니다. 배움을 즐겨보세요.
687,monkey,원숭이띠,원숭이띠 이번 주는 주변 사람들과의 협력이 중요합니다. 혼자보다 함께할 때 더 큰 힘이 납니다.
688,monkey,원숭이띠,원숭이띠 이번 주는 주변 사람들과의 협력이 중요합니다. 혼자보다 함께할 때 더 큰 힘이 납니다.
689,monkey,원숭이띠,원숭이띠에게 이번 주는 새로운 아이디어가 떠오르기 쉬운 시기입니다. 창의적인 도전을 해보세요.
690,monkey,원숭이띠,원숭이띠 이번 주는 주변 사람들과의 협력이 중요합니다. 혼자보다 함께할 때 더 큰 힘이 납니다.
691,monkey,원숭이띠,원숭이띠에게 이번 주는 적극적인 행동이 좋은 결과를 만드는 시기입니다. 망설이지 말고 도전해보세요.
692,monkey,원숭이띠,원숭이띠 이번 주는 학습이나 자기계발에 투자하기 좋은 에너지입니다. 배움을 즐겨보세요.
693,monkey,원숭이띠,원숭이띠 이번 주는 건강 관리가 우선입니다. 충분한 수면과 규칙적인 식사를 챙기세요.
694,monkey,원숭이띠,원숭이띠 이번 주는 주변 사람들과의 협력이 중요합니다. 혼자보다 함께할 때 더 큰 힘이 납니다.
695,monkey,원숭이띠,원숭이띠 이번 주는 주변 사람들과의 협력이 중요합니다. 혼자보다 함께할 때 더 큰 힘이 납니다.
696,monkey,원숭이띠,원숭이띠에게 이번 주는 예상치 못한 좋은 소식이 들려올 수 있습니다. 기대감을 가져보세요.
697,monkey,원숭이띠,원숭이띠에게 이번 주는 적극적인 행동이 좋은 결과를 만드는 시기입니다. 망설이지 말고 도전해보세요.
698,monkey,원숭이띠,원숭이띠에게 이번 주는 예상치 못한 좋은 소식이 들려올 수 있습니다. 기대감을 가져보세요.
699,monkey,원숭이띠,원숭이띠에게 이번 주는 적극적인 행동이 좋은 결과를 만드는 시기입니다. 망설이지 말고 도전해보세요.
700,monkey,원숭이띠,원숭이띠에게 이번 주는 새로운 아이디어가 떠오르기 쉬운 시기입니다. 창의적인 도전을 해보세요.
701,monkey,원숭이띠,원숭이띠에게 이번 주는 재물운이 상승하는 흐름입니다. 계획적인 소비와 저축을 추천합니다.
702,monkey,원숭이띠,원숭이띠 이번 주는 감정적으로 안정된 흐름입니다. 오랫동안 묵혀둔 이야기를 꺼내보세요.
703,monkey,원숭이띠,원숭이띠에게 이번 주는 적극적인 행동이 좋은 결과를 만드는 시기입니다. 망설이지 말고 도전해보세요.
704,monkey,원숭이띠,원숭이띠 이번 주는 감정적으로 안정된 흐름입니다. 오랫동안 묵혀둔 이야기를 꺼내보세요.
705,monkey,원숭이띠,원숭이띠 이번 주는 건강 관리가 우선입니다. 충분한 수면과 규칙적인 식사를 챙기세요.
706,monkey,원숭이띠,원숭이띠 이번 주는 주변 사람들과의 협력이 중요합니다. 혼자보다 함께할 때 더 큰 힘이 납니다.
707,monkey,원숭이띠,원숭이띠 이번 주는 주변 사람들과의 협력이 중요합니다. 혼자보다 함께할 때 더 큰 힘이 납니다.
708,monkey,원숭이띠,원숭이띠 이번 주는 학습이나 자기계발에 투자하기 좋은 에너지입니다. 배움을 즐겨보세요.
709,monkey,원숭이띠,원숭이띠 이번 주는 학습이나 자기계발에 투자하기 좋은 에너지입니다. 배움을 즐겨보세요.
710,monkey,원숭이띠,원숭이띠 이번 주는 감정적으로 안정된 흐름입니다. 오랫동안 묵혀둔 이야기를 꺼내보세요.
711,monkey,원숭이띠,원숭이띠에게 이번 주는 적극적인 행동이 좋은 결과를 만드는 시기입니다. 망설이지 말고 도전해보세요.
712,monkey,원숭이띠,원숭이띠 이번 주는 학습이나 자기계발에 투자하기 좋은 에너지입니다. 배움을 즐겨보세요.
713,monkey,원숭이띠,원숭이띠 이번 주는 건강 관리가 우선입니다. 충분한 수면과 규칙적인 식사를 챙기세요.
714,monkey,원숭이띠,원숭이띠에게 이번 주는 새로운 아이디어가 떠오르기 쉬운 시기입니다. 창의적인 도전을 해보세요.
715,monkey,원숭이띠,원숭이띠에게 이번 주는 적극적인 행동이 좋은 결과를 만드는 시기입니다. 망설이지 말고 도전해보세요.
716,monkey,원숭이띠,원숭이띠에게 이번 주는 예상치 못한 좋은 소식이 들려올 수 있습니다. 기대감을 가져보세요.
717,monkey,원숭이띠,원숭이띠 이번 주는 건강 관리가 우선입니다. 충분한 수면과 규칙적인 식사를 챙기세요.
718,monkey,원숭이띠,원숭이띠 이번 주는 건강 관리가 우선입니다. 충분한 수면과 규칙적인 식사를 챙기세요.
719,monkey,원숭이띠,원숭이띠에게 이번 주는 새로운 아이디어가 떠오르기 쉬운 시기입니다. 창의적인 도전을 해보세요.
720,monkey,원숭이띠,원숭이띠 이번 주는 감정적으로 안정된 흐름입니다. 오랫동안 묵혀둔 이야기를 꺼내보세요.
721,monkey,원숭이띠,원숭이띠 이번 주는 주변 사람들과의 협력이 중요합니다. 혼자보다 함께할 때 더 큰 힘이 납니다.
722,monkey,원숭이띠,원숭이띠 이번 주는 주변 사람들과의 협력이 중요합니다. 혼자보다 함께할 때 더 큰 힘이 납니다.
723,monkey,원숭이띠,원숭이띠 이번 주는 감정적으로 안정된 흐름입니다. 오랫동안 묵혀둔 이야기를 꺼내보세요.
724,monkey,원숭이띠,원숭이띠 이번 주는 건강 관리가 우선입니다. 충분한 수면과 규칙적인 식사를 챙기세요.
725,monkey,원숭이띠,원숭이띠 이번 주는 주변 사람들과의 협력이 중요합니다. 혼자보다 함께할 때 더 큰 힘이 납니다.
726,monkey,원숭이띠,원숭이띠 이번 주는 감정적으로 안정된 흐름입니다. 오랫동안 묵혀둔 이야기를 꺼내보세요.
727,monkey,원숭이띠,원숭이띠에게 이번 주는 재물운이 상승하는 흐름입니다. 계획적인 소비와 저축을 추천합니다.
728,monkey,원숭이띠,원숭이띠 이번 주는 주변 사람들과의 협력이 중요합니다. 혼자보다 함께할 때 더 큰 힘이 납니다.
729,monkey,원숭이띠,원숭이띠 이번 주는 감정적으로 안정된 흐름입니다. 오랫동안 묵혀둔 이야기를 꺼내보세요.
730,monkey,원숭이띠,원숭이띠에게 이번 주는 재물운이 상승하는 흐름입니다. 계획적인 소비와 저축을 추천합니다.
731,monkey,원숭이띠,원숭이띠 이번 주는 감정적으로 안정된 흐름입니다. 오랫동안 묵혀둔 이야기를 꺼내보세요.
732,monkey,원숭이띠,원숭이띠에게 이번 주는 새로운 아이디어가 떠오르기 쉬운 시기입니다. 창의적인 도전을 해보세요.
733,monkey,원숭이띠,원숭이띠 이번 주는 감정적으로 안정된 흐름입니다. 오랫동안 묵혀둔 이야기를 꺼내보세요.
734,monkey,원숭이띠,원숭이띠에게 이번 주는 예상치 못한 좋은 소식이 들려올 수 있습니다. 기대감을 가져보세요.
735,monkey,원숭이띠,원숭이띠에게 이번 주는 예상치 못한 좋은 소식이 들려올 수 있습니다. 기대감을 가져보세요.
736,monkey,원숭이띠,원숭이띠에게 이번 주는 적극적인 행동이 좋은 결과를 만드는 시기입니다. 망설이지 말고 도전해보세요.
737,monkey,원숭이띠,원숭이띠에게 이번 주는 새로운 아이디어가 떠오르기 쉬운 시기입니다. 창의적인 도전을 해보세요.
738,monkey,원숭이띠,원숭이띠 이번 주는 건강 관리가 우선입니다. 충분한 수면과 규칙적인 식사를 챙기세요.
739,monkey,원숭이띠,원숭이띠에게 이번 주는 새로운 아이디어가 떠오르기 쉬운 시기입니다. 창의적인 도전을 해보세요.
740,monkey,원숭이띠,원숭이띠 이번 주는 건강 관리가 우선입니다. 충분한 수면과 규칙적인 식사를 챙기세요.
741,monkey,원숭이띠,원숭이띠에게 이번 주는 예상치 못한 좋은 소식이 들려올 수 있습니다. 기대감을 가져보세요.
742,monkey,원숭이띠,원숭이띠에게 이번 주는 재물운이 상승하는 흐름입니다. 계획적인 소비와 저축을 추천합니다.
743,monkey,원숭이띠,원숭이띠에게 이번 주는 새로운 아이디어가 떠오르기 쉬운 시기입니다. 창의적인 도전을 해보세요.
744,monkey,원숭이띠,원숭이띠에게 이번 주는 예상치 못한 좋은 소식이 들려올 수 있습니다. 기대감을 가져보세요.
745,monkey,원숭이띠,원숭이띠에게 이번 주는 재물운이 상승하는 흐름입니다. 계획적인 소비와 저축을 추천합니다.
746,monkey,원숭이띠,원숭이띠에게 이번 주는 적극적인 행동이 좋은 결과를 만드는 시기입니다. 망설이지 말고 도전해보세요.
747,monkey,원숭이띠,원숭이띠에게 이번 주는 재물운이 상승하는 흐름입니다. 계획적인 소비와 저축을 추천합니다.
748,monkey,원숭이띠,원숭이띠에게 이번 주는 재물운이 상승하는 흐름입니다. 계획적인 소비와 저축을 추천합니다.
749,monkey,원숭이띠,원숭이띠 이번 주는 학습이나 자기계발에 투자하기 좋은 에너지입니다. 배움을 즐겨보세요.
750,monkey,원숭이띠,원숭이띠 이번 주는 주변 사람들과의 협력이 중요합니다. 혼자보다 함께할 때 더 큰 힘이 납니다.
751,monkey,원숭이띠,원숭이띠에게 이번 주는 재물운이 상승하는 흐름입니다. 계획적인 소비와 저축을 추천합니다.
752,monkey,원숭이띠,원숭이띠에게 이번 주는 재물운이 상승하는 흐름입니다. 계획적인 소비와 저축을 추천합니다.
753,monkey,원숭이띠,원숭이띠에게 이번 주는 적극적인 행동이 좋은 결과를 만드는 시기입니다. 망설이지 말고 도전해보세요.
754,monkey,원숭이띠,원숭이띠에게 이번 주는 재물운이 상승하는 흐름입니다. 계획적인 소비와 저축을 추천합니다.
755,monkey,원숭이띠,원숭이띠에게 이번 주는 새로운 아이디어가 떠오르기 쉬운 시기입니다. 창의적인 도전을 해보세요.
756,monkey,원숭이띠,원숭이띠에게 이번 주는 재물운이 상승하는 흐름입니다. 계획적인 소비와 저축을 추천합니다.
757,rooster,닭띠,닭띠에게 이번 주는 재물운이 상승하는 흐름입니다. 계획적인 소비와 저축을 추천합니다.
758,rooster,닭띠,닭띠에게 이번 주는 재물운이 상승하는 흐름입니다. 계획적인 소비와 저축을 추천합니다.
759,rooster,닭띠,닭띠 이번 주는 주변 사람들과의 협력이 중요합니다. 혼자보다 함께할 때 더 큰 힘이 납니다.
760,rooster,닭띠,닭띠에게 이번 주는 예상치 못한 좋은 소식이 들려올 수 있습니다. 기대감을 가져보세요.
761,rooster,닭띠,닭띠에게 이번 주는 예상치 못한 좋은 소식이 들려올 수 있습니다. 기대감을 가져보세요.
762,rooster,닭띠,닭띠 이번 주는 학습이나 자기계발에 투자하기 좋은 에너지입니다. 배움을 즐겨보세요.
763,rooster,닭띠,닭띠 이번 주는 학습이나 자기계발에 투자하기 좋은 에너지입니다. 배움을 즐겨보세요.
764,rooster,닭띠,닭띠에게 이번 주는 새로운 아이디어가 떠오르기 쉬운 시기입니다. 창의적인 도전을 해보세요.
765,rooster,닭띠,닭띠 이번 주는 감정적으로 안정된 흐름입니다. 오랫동안 묵혀둔 이야기를 꺼내보세요.
766,rooster,닭띠,닭띠에게 이번 주는 예상치 못한 좋은 소식이 들려올 수 있습니다. 기대감을 가져보세요.
767,rooster,닭띠,닭띠에게 이번 주는 예상치 못한 좋은 소식이 들려올 수 있습니다. 기대감을 가져보세요.
768,rooster,닭띠,닭띠에게 이번 주는 재물운이 상승하는 흐름입니다. 계획적인 소비와 저축을 추천합니다.
769,rooster,닭띠,닭띠에게 이번 주는 새로운 아이디어가 떠오르기 쉬운 시기입니다. 창의적인 도전을 해보세요.
770,rooster,닭띠,닭띠 이번 주는 건강 관리가 우선입니다. 충분한 수면과 규칙적인 식사를 챙기세요.
771,rooster,닭띠,닭띠 이번 주는 학습이나 자기계발에 투자하기 좋은 에너지입니다. 배움을 즐겨보세요.
772,rooster,닭띠,닭띠에게 이번 주는 예상치 못한 좋은 소식이 들려올 수 있습니다. 기대감을 가져보세요.
773,rooster,닭띠,닭띠에게 이번 주는 새로운 아이디어가 떠오르기 쉬운 시기입니다. 창의적인 도전을 해보세요.
774,rooster,닭띠,닭띠에게 이번 주는 새로운 아이디어가 떠오르기 쉬운 시기입니다. 창의적인 도전을 해보세요.
775,rooster,닭띠,닭띠에게 이번 주는 적극적인 행동이 좋은 결과를 만드는 시기입니다. 망설이지 말고 도전해보세요.
776,rooster,닭띠,닭띠 이번 주는 건강 관리가 우선입니다. 충분한 수면과 규칙적인 식사를 챙기세요.
777,rooster,닭띠,닭띠 이번 주는 주변 사람들과의 협력이 중요합니다. 혼자보다 함께할 때 더 큰 힘이 납니다.
778,rooster,닭띠,닭띠 이번 주는 감정적으로 안정된 흐름입니다. 오랫동안 묵혀둔 이야기를 꺼내보세요.
779,rooster,닭띠,닭띠 이번 주는 주변 사람들과의 협력이 중요합니다. 혼자보다 함께할 때 더 큰 힘이 납니다.
780,rooster,닭띠,닭띠 이번 주는 건강 관리가 우선입니다. 충분한 수면과 규칙적인 식사를 챙기세요.
781,rooster,닭띠,닭띠 이번 주는 학습이나 자기계발에 투자하기 좋은 에너지입니다. 배움을 즐겨보세요.
782,rooster,닭띠,닭띠에게 이번 주는 예상치 못한 좋은 소식이 들려올 수 있습니다. 기대감을 가져보세요.
783,rooster,닭띠,닭띠에게 이번 주는 적극적인 행동이 좋은 결과를 만드는 시기입니다. 망설이지 말고 도전해보세요.
784,rooster,닭띠,닭띠에게 이번 주는 새로운 아이디어가 떠오르기 쉬운 시기입니다. 창의적인 도전을 해보세요.
785,rooster,닭띠,닭띠 이번 주는 주변 사람들과의 협력이 중요합니다. 혼자보다 함께할 때 더 큰 힘이 납니다.
786,rooster,닭띠,닭띠 이번 주는 감정적으로 안정된 흐름입니다. 오랫동안 묵혀둔 이야기를 꺼내보세요.
787,rooster,닭띠,닭띠에게 이번 주는 적극적인 행동이 좋은 결과를 만드는 시기입니다. 망설이지 말고 도전해보세요.
788,rooster,닭띠,닭띠에게 이번 주는 적극적인 행동이 좋은 결과를 만드는 시기입니다. 망설이지 말고 도전해보세요.
789,rooster,닭띠,닭띠에게 이번 주는 예상치 못한 좋은 소식이 들려올 수 있습니다. 기대감을 가져보세요.
790,rooster,닭띠,닭띠 이번 주는 주변 사람들과의 협력이 중요합니다. 혼자보다 함께할 때 더 큰 힘이 납니다.
791,rooster,닭띠,닭띠에게 이번 주는 새로운 아이디어가 떠오르기 쉬운 시기입니다. 창의적인 도전을 해보세요.
792,rooster,닭띠,닭띠 이번 주는 건강 관리가 우선입니다. 충분한 수면과 규칙적인 식사를 챙기세요.
793,rooster,닭띠,닭띠에게 이번 주는 예상치 못한 좋은 소식이 들려올 수 있습니다. 기대감을 가져보세요.
794,rooster,닭띠,닭띠 이번 주는 건강 관리가 우선입니다. 충분한 수면과 규칙적인 식사를 챙기세요.
795,rooster,닭띠,닭띠 이번 주는 건강 관리가 우선입니다. 충분한 수면과 규칙적인 식사를 챙기세요.
796,rooster,닭띠,닭띠 이번 주는 감정적으로 안정된 흐름입니다. 오랫동안 묵혀둔 이야기를 꺼내보세요.
797,rooster,닭띠,닭띠 이번 주는 건강 관리가 우선입니다. 충분한 수면과 규칙적인 식사를 챙기세요.
798,rooster,닭띠,닭띠 이번 주는 건강 관리가 우선입니다. 충분한 수면과 규칙적인 식사를 챙기세요.
799,rooster,닭띠,닭띠 이번 주는 감정적으로 안정된 흐름입니다. 오랫동안 묵혀둔 이야기를 꺼내보세요.
800,rooster,닭띠,닭띠 이번 주는 주변 사람들과의 협력이 중요합니다. 혼자보다 함께할 때 더 큰 힘이 납니다.
801,rooster,닭띠,닭띠 이번 주는 건강 관리가 우선입니다. 충분한 수면과 규칙적인 식사를 챙기세요.
802,rooster,닭띠,닭띠 이번 주는 감정적으로 안정된 흐름입니다. 오랫동안 묵혀둔 이야기를 꺼내보세요.
803,rooster,닭띠,닭띠 이번 주는 건강 관리가 우선입니다. 충분한 수면과 규칙적인 식사를 챙기세요.
804,rooster,닭띠,닭띠 이번 주는 감정적으로 안정된 흐름입니다. 오랫동안 묵혀둔 이야기를 꺼내보세요.
805,rooster,닭띠,닭띠 이번 주는 건강 관리가 우선입니다. 충분한 수면과 규칙적인 식사를 챙기세요.
806,rooster,닭띠,닭띠 이번 주는 주변 사람들과의 협력이 중요합니다. 혼자보다 함께할 때 더 큰 힘이 납니다.
807,rooster,닭띠,닭띠에게 이번 주는 적극적인 행동이 좋은 결과를 만드는 시기입니다. 망설이지 말고 도전해보세요.
808,rooster,닭띠,닭띠 이번 주는 주변 사람들과의 협력이 중요합니다. 혼자보다 함께할 때 더 큰 힘이 납니다.
809,rooster,닭띠,닭띠에게 이번 주는 새로운 아이디어가 떠오르기 쉬운 시기입니다. 창의적인 도전을 해보세요.
810,rooster,닭띠,닭띠 이번 주는 학습이나 자기계발에 투자하기 좋은 에너지입니다. 배움을 즐겨보세요.
811,rooster,닭띠,닭띠에게 이번 주는 재물운이 상승하는 흐름입니다. 계획적인 소비와 저축을 추천합니다.
812,rooster,닭띠,닭띠 이번 주는 학습이나 자기계발에 투자하기 좋은 에너지입니다. 배움을 즐겨보세요.
813,rooster,닭띠,닭띠에게 이번 주는 예상치 못한 좋은 소식이 들려올 수 있습니다. 기대감을 가져보세요.
814,rooster,닭띠,닭띠에게 이번 주는 재물운이 상승하는 흐름입니다. 계획적인 소비와 저축을 추천합니다.
815,rooster,닭띠,닭띠 이번 주는 주변 사람들과의 협력이 중요합니다. 혼자보다 함께할 때 더 큰 힘이 납니다.
816,rooster,닭띠,닭띠에게 이번 주는 적극적인 행동이 좋은 결과를 만드는 시기입니다. 망설이지 말고 도전해보세요.
817,rooster,닭띠,닭띠에게 이번 주는 재물운이 상승하는 흐름입니다. 계획적인 소비와 저축을 추천합니다.
818,rooster,닭띠,닭띠에게 이번 주는 재물운이 상승하는 흐름입니다. 계획적인 소비와 저축을 추천합니다.
819,rooster,닭띠,닭띠에게 이번 주는 적극적인 행동이 좋은 결과를 만드는 시기입니다. 망설이지 말고 도전해보세요.
820,rooster,닭띠,닭띠 이번 주는 건강 관리가 우선입니다. 충분한 수면과 규칙적인 식사를 챙기세요.
821,rooster,닭띠,닭띠 이번 주는 건강 관리가 우선입니다. 충분한 수면과 규칙적인 식사를 챙기세요.
822,rooster,닭띠,닭띠 이번 주는 주변 사람들과의 협력이 중요합니다. 혼자보다 함께할 때 더 큰 힘이 납니다.
823,rooster,닭띠,닭띠 이번 주는 주변 사람들과의 협력이 중요합니다. 혼자보다 함께할 때 더 큰 힘이 납니다.
824,rooster,닭띠,닭띠 이번 주는 학습이나 자기계발에 투자하기 좋은 에너지입니다. 배움을 즐겨보세요.
825,rooster,닭띠,닭띠에게 이번 주는 새로운 아이디어가 떠오르기 쉬운 시기입니다. 창의적인 도전을 해보세요.
826,rooster,닭띠,닭띠 이번 주는 건강 관리가 우선입니다. 충분한 수면과 규칙적인 식사를 챙기세요.
827,rooster,닭띠,닭띠 이번 주는 건강 관리가 우선입니다. 충분한 수면과 규칙적인 식사를 챙기세요.
828,rooster,닭띠,닭띠 이번 주는 주변 사람들과의 협력이 중요합니다. 혼자보다 함께할 때 더 큰 힘이 납니다.
829,rooster,닭띠,닭띠에게 이번 주는 예상치 못한 좋은 소식이 들려올 수 있습니다. 기대감을 가져보세요.
830,rooster,닭띠,닭띠 이번 주는 학습이나 자기계발에 투자하기 좋은 에너지입니다. 배움을 즐겨보세요.
831,rooster,닭띠,닭띠에게 이번 주는 예상치 못한 좋은 소식이 들려올 수 있습니다. 기대감을 가져보세요.
832,rooster,닭띠,닭띠에게 이번 주는 적극적인 행동이 좋은 결과를 만드는 시기입니다. 망설이지 말고 도전해보세요.
833,rooster,닭띠,닭띠 이번 주는 감정적으로 안정된 흐름입니다. 오랫동안 묵혀둔 이야기를 꺼내보세요.
834,rooster,닭띠,닭띠에게 이번 주는 재물운이 상승하는 흐름입니다. 계획적인 소비와 저축을 추천합니다.
835,rooster,닭띠,닭띠에게 이번 주는 적극적인 행동이 좋은 결과를 만드는 시기입니다. 망설이지 말고 도전해보세요.
836,rooster,닭띠,닭띠 이번 주는 건강 관리가 우선입니다. 충분한 수면과 규칙적인 식사를 챙기세요.
837,rooster,닭띠,닭띠 이번 주는 감정적으로 안정된 흐름입니다. 오랫동안 묵혀둔 이야기를 꺼내보세요.
838,rooster,닭띠,닭띠에게 이번 주는 재물운이 상승하는 흐름입니다. 계획적인 소비와 저축을 추천합니다.
839,rooster,닭띠,닭띠에게 이번 주는 적극적인 행동이 좋은 결과를 만드는 시기입니다. 망설이지 말고 도전해보세요.
840,rooster,닭띠,닭띠 이번 주는 감정적으로 안정된 흐름입니다. 오랫동안 묵혀둔 이야기를 꺼내보세요.
841,dog,개띠,개띠 이번 주는 주변 사람들과의 협력이 중요합니다. 혼자보다 함께할 때 더 큰 힘이 납니다.
842,dog,개띠,개띠 이번 주는 감정적으로 안정된 흐름입니다. 오랫동안 묵혀둔 이야기를 꺼내보세요.
843,dog,개띠,개띠에게 이번 주는 새로운 아이디어가 떠오르기 쉬운 시기입니다. 창의적인 도전을 해보세요.
844,dog,개띠,개띠 이번 주는 학습이나 자기계발에 투자하기 좋은 에너지입니다. 배움을 즐겨보세요.
845,dog,개띠,개띠에게 이번 주는 적극적인 행동이 좋은 결과를 만드는 시기입니다. 망설이지 말고 도전해보세요.
846,dog,개띠,개띠 이번 주는 감정적으로 안정된 흐름입니다. 오랫동안 묵혀둔 이야기를 꺼내보세요.
847,dog,개띠,개띠에게 이번 주는 새로운 아이디어가 떠오르기 쉬운 시기입니다. 창의적인 도전을 해보세요.
848,dog,개띠,개띠에게 이번 주는 적극적인 행동이 좋은 결과를 만드는 시기입니다. 망설이지 말고 도전해보세요.
849,dog,개띠,개띠에게 이번 주는 새로운 아이디어가 떠오르기 쉬운 시기입니다. 창의적인 도전을 해보세요.
850,dog,개띠,개띠 이번 주는 감정적으로 안정된 흐름입니다. 오랫동안 묵혀둔 이야기를 꺼내보세요.
851,dog,개띠,개띠 이번 주는 주변 사람들과의 협력이 중요합니다. 혼자보다 함께할 때 더 큰 힘이 납니다.
852,dog,개띠,개띠에게 이번 주는 예상치 못한 좋은 소식이 들려올 수 있습니다. 기대감을 가져보세요.
853,dog,개띠,개띠에게 이번 주는 재물운이 상승하는 흐름입니다. 계획적인 소비와 저축을 추천합니다.
854,dog,개띠,개띠에게 이번 주는 예상치 못한 좋은 소식이 들려올 수 있습니다. 기대감을 가져보세요.
855,dog,개띠,개띠 이번 주는 감정적으로 안정된 흐름입니다. 오랫동안 묵혀둔 이야기를 꺼내보세요.
856,dog,개띠,개띠 이번 주는 주변 사람들과의 협력이 중요합니다. 혼자보다 함께할 때 더 큰 힘이 납니다.
857,dog,개띠,개띠 이번 주는 주변 사람들과의 협력이 중요합니다. 혼자보다 함께할 때 더 큰 힘이 납니다.
858,dog,개띠,개띠 이번 주는 주변 사람들과의 협력이 중요합니다. 혼자보다 함께할 때 더 큰 힘이 납니다.
859,dog,개띠,개띠에게 이번 주는 재물운이 상승하는 흐름입니다. 계획적인 소비와 저축을 추천합니다.
860,dog,개띠,개띠 이번 주는 건강 관리가 우선입니다. 충분한 수면과 규칙적인 식사를 챙기세요.
861,dog,개띠,개띠에게 이번 주는 예상치 못한 좋은 소식이 들려올 수 있습니다. 기대감을 가져보세요.
862,dog,개띠,개띠에게 이번 주는 재물운이 상승하는 흐름입니다. 계획적인 소비와 저축을 추천합니다.
863,dog,개띠,개띠 이번 주는 건강 관리가 우선입니다. 충분한 수면과 규칙적인 식사를 챙기세요.
864,dog,개띠,개띠에게 이번 주는 적극적인 행동이 좋은 결과를 만드는 시기입니다. 망설이지 말고 도전해보세요.
865,dog,개띠,개띠에게 이번 주는 예상치 못한 좋은 소식이 들려올 수 있습니다. 기대감을 가져보세요.
866,dog,개띠,개띠에게 이번 주는 적극적인 행동이 좋은 결과를 만드는 시기입니다. 망설이지 말고 도전해보세요.
867,dog,개띠,개띠 이번 주는 학습이나 자기계발에 투자하기 좋은 에너지입니다. 배움을 즐겨보세요.
868,dog,개띠,개띠 이번 주는 건강 관리가 우선입니다. 충분한 수면과 규칙적인 식사를 챙기세요.
869,dog,개띠,개띠에게 이번 주는 예상치 못한 좋은 소식이 들려올 수 있습니다. 기대감을 가져보세요.
870,dog,개띠,개띠 이번 주는 감정적으로 안정된 흐름입니다. 오랫동안 묵혀둔 이야기를 꺼내보세요.
871,dog,개띠,개띠 이번 주는 감정적으로 안정된 흐름입니다. 오랫동안 묵혀둔 이야기를 꺼내보세요.
872,dog,개띠,개띠에게 이번 주는 새로운 아이디어가 떠오르기 쉬운 시기입니다. 창의적인 도전을 해보세요.
873,dog,개띠,개띠에게 이번 주는 적극적인 행동이 좋은 결과를 만드는 시기입니다. 망설이지 말고 도전해보세요.
874,dog,개띠,개띠 이번 주는 건강 관리가 우선입니다. 충분한 수면과 규칙적인 식사를 챙기세요.
875,dog,개띠,개띠에게 이번 주는 새로운 아이디어가 떠오르기 쉬운 시기입니다. 창의적인 도전을 해보세요.
876,dog,개띠,개띠에게 이번 주는 예상치 못한 좋은 소식이 들려올 수 있습니다. 기대감을 가져보세요.
877,dog,개띠,개띠에게 이번 주는 적극적인 행동이 좋은 결과를 만드는 시기입니다. 망설이지 말고 도전해보세요.
878,dog,개띠,개띠에게 이번 주는 재물운이 상승하는 흐름입니다. 계획적인 소비와 저축을 추천합니다.
879,dog,개띠,개띠에게 이번 주는 적극적인 행동이 좋은 결과를 만드는 시기입니다. 망설이지 말고 도전해보세요.
880,dog,개띠,개띠 이번 주는 학습이나 자기계발에 투자하기 좋은 에너지입니다. 배움을 즐겨보세요.
881,dog,개띠,개띠에게 이번 주는 재물운이 상승하는 흐름입니다. 계획적인 소비와 저축을 추천합니다.
882,dog,개띠,개띠 이번 주는 건강 관리가 우선입니다. 충분한 수면과 규칙적인 식사를 챙기세요.
883,dog,개띠,개띠에게 이번 주는 새로운 아이디어가 떠오르기 쉬운 시기입니다. 창의적인 도전을 해보세요.
884,dog,개띠,개띠 이번 주는 건강 관리가 우선입니다. 충분한 수면과 규칙적인 식사를 챙기세요.
885,dog,개띠,개띠에게 이번 주는 예상치 못한 좋은 소식이 들려올 수 있습니다. 기대감을 가져보세요.
886,dog,개띠,개띠 이번 주는 학습이나 자기계발에 투자하기 좋은 에너지입니다. 배움을 즐겨보세요.
887,dog,개띠,개띠 이번 주는 주변 사람들과의 협력이 중요합니다. 혼자보다 함께할 때 더 큰 힘이 납니다.
888,dog,개띠,개띠 이번 주는 건강 관리가 우선입니다. 충분한 수면과 규칙적인 식사를 챙기세요.
889,dog,개띠,개띠에게 이번 주는 새로운 아이디어가 떠오르기 쉬운 시기입니다. 창의적인 도전을 해보세요.
890,dog,개띠,개띠 이번 주는 감정적으로 안정된 흐름입니다. 오랫동안 묵혀둔 이야기를 꺼내보세요.
891,dog,개띠,개띠 이번 주는 학습이나 자기계발에 투자하기 좋은 에너지입니다. 배움을 즐겨보세요.
892,dog,개띠,개띠 이번 주는 주변 사람들과의 협력이 중요합니다. 혼자보다 함께할 때 더 큰 힘이 납니다.
893,dog,개띠,개띠에게 이번 주는 새로운 아이디어가 떠오르기 쉬운 시기입니다. 창의적인 도전을 해보세요.
894,dog,개띠,개띠 이번 주는 학습이나 자기계발에 투자하기 좋은 에너지입니다. 배움을 즐겨보세요.
895,dog,개띠,개띠에게 이번 주는 새로운 아이디어가 떠오르기 쉬운 시기입니다. 창의적인 도전을 해보세요.
896,dog,개띠,개띠에게 이번 주는 새로운 아이디어가 떠오르기 쉬운 시기입니다. 창의적인 도전을 해보세요.
897,dog,개띠,개띠에게 이번 주는 새로운 아이디어가 떠오르기 쉬운 시기입니다. 창의적인 도전을 해보세요.
898,dog,개띠,개띠 이번 주는 감정적으로 안정된 흐름입니다. 오랫동안 묵혀둔 이야기를 꺼내보세요.
899,dog,개띠,개띠 이번 주는 학습이나 자기계발에 투자하기 좋은 에너지입니다. 배움을 즐겨보세요.
900,dog,개띠,개띠 이번 주는 주변 사람들과의 협력이 중요합니다. 혼자보다 함께할 때 더 큰 힘이 납니다.
901,dog,개띠,개띠에게 이번 주는 새로운 아이디어가 떠오르기 쉬운 시기입니다. 창의적인 도전을 해보세요.
902,dog,개띠,개띠 이번 주는 주변 사람들과의 협력이 중요합니다. 혼자보다 함께할 때 더 큰 힘이 납니다.
903,dog,개띠,개띠 이번 주는 건강 관리가 우선입니다. 충분한 수면과 규칙적인 식사를 챙기세요.
904,dog,개띠,개띠에게 이번 주는 새로운 아이디어가 떠오르기 쉬운 시기입니다. 창의적인 도전을 해보세요.
905,dog,개띠,개띠에게 이번 주는 예상치 못한 좋은 소식이 들려올 수 있습니다. 기대감을 가져보세요.
906,dog,개띠,개띠에게 이번 주는 재물운이 상승하는 흐름입니다. 계획적인 소비와 저축을 추천합니다.
907,dog,개띠,개띠에게 이번 주는 재물운이 상승하는 흐름입니다. 계획적인 소비와 저축을 추천합니다.
908,dog,개띠,개띠 이번 주는 감정적으로 안정된 흐름입니다. 오랫동안 묵혀둔 이야기를 꺼내보세요.
909,dog,개띠,개띠에게 이번 주는 적극적인 행동이 좋은 결과를 만드는 시기입니다. 망설이지 말고 도전해보세요.
910,dog,개띠,개띠 이번 주는 주변 사람들과의 협력이 중요합니다. 혼자보다 함께할 때 더 큰 힘이 납니다.
911,dog,개띠,개띠에게 이번 주는 적극적인 행동이 좋은 결과를 만드는 시기입니다. 망설이지 말고 도전해보세요.
912,dog,개띠,개띠에게 이번 주는 적극적인 행동이 좋은 결과를 만드는 시기입니다. 망설이지 말고 도전해보세요.
913,dog,개띠,개띠에게 이번 주는 재물운이 상승하는 흐름입니다. 계획적인 소비와 저축을 추천합니다.
914,dog,개띠,개띠에게 이번 주는 예상치 못한 좋은 소식이 들려올 수 있습니다. 기대감을 가져보세요.
915,dog,개띠,개띠 이번 주는 감정적으로 안정된 흐름입니다. 오랫동안 묵혀둔 이야기를 꺼내보세요.
916,dog,개띠,개띠에게 이번 주는 적극적인 행동이 좋은 결과를 만드는 시기입니다. 망설이지 말고 도전해보세요.
917,dog,개띠,개띠에게 이번 주는 적극적인 행동이 좋은 결과를 만드는 시기입니다. 망설이지 말고 도전해보세요.
918,dog,개띠,개띠 이번 주는 학습이나 자기계발에 투자하기 좋은 에너지입니다. 배움을 즐겨보세요.
919,dog,개띠,개띠 이번 주는 건강 관리가 우선입니다. 충분한 수면과 규칙적인 식사를 챙기세요.
920,dog,개띠,개띠에게 이번 주는 재물운이 상승하는 흐름입니다. 계획적인 소비와 저축을 추천합니다.
921,dog,개띠,개띠 이번 주는 감정적으로 안정된 흐름입니다. 오랫동안 묵혀둔 이야기를 꺼내보세요.
922,dog,개띠,개띠 이번 주는 학습이나 자기계발에 투자하기 좋은 에너지입니다. 배움을 즐겨보세요.
923,dog,개띠,개띠에게 이번 주는 적극적인 행동이 좋은 결과를 만드는 시기입니다. 망설이지 말고 도전해보세요.
924,dog,개띠,개띠에게 이번 주는 재물운이 상승하는 흐름입니다. 계획적인 소비와 저축을 추천합니다.
925,pig,돼지띠,돼지띠에게 이번 주는 새로운 아이디어가 떠오르기 쉬운 시기입니다. 창의적인 도전을 해보세요.
926,pig,돼지띠,돼지띠에게 이번 주는 예상치 못한 좋은 소식이 들려올 수 있습니다. 기대감을 가져보세요.
927,pig,돼지띠,돼지띠 이번 주는 학습이나 자기계발에 투자하기 좋은 에너지입니다. 배움을 즐겨보세요.
928,pig,돼지띠,돼지띠 이번 주는 학습이나 자기계발에 투자하기 좋은 에너지입니다. 배움을 즐겨보세요.
929,pig,돼지띠,돼지띠 이번 주는 주변 사람들과의 협력이 중요합니다. 혼자보다 함께할 때 더 큰 힘이 납니다.
930,pig,돼지띠,돼지띠 이번 주는 건강 관리가 우선입니다. 충분한 수면과 규칙적인 식사를 챙기세요.
931,pig,돼지띠,돼지띠에게 이번 주는 적극적인 행동이 좋은 결과를 만드는 시기입니다. 망설이지 말고 도전해보세요.
932,pig,돼지띠,돼지띠에게 이번 주는 적극적인 행동이 좋은 결과를 만드는 시기입니다. 망설이지 말고 도전해보세요.
933,pig,돼지띠,돼지띠 이번 주는 학습이나 자기계발에 투자하기 좋은 에너지입니다. 배움을 즐겨보세요.
934,pig,돼지띠,돼지띠 이번 주는 감정적으로 안정된 흐름입니다. 오랫동안 묵혀둔 이야기를 꺼내보세요.
935,pig,돼지띠,돼지띠 이번 주는 감정적으로 안정된 흐름입니다. 오랫동안 묵혀둔 이야기를 꺼내보세요.
936,pig,돼지띠,돼지띠에게 이번 주는 새로운 아이디어가 떠오르기 쉬운 시기입니다. 창의적인 도전을 해보세요.
937,pig,돼지띠,돼지띠에게 이번 주는 예상치 못한 좋은 소식이 들려올 수 있습니다. 기대감을 가져보세요.
938,pig,돼지띠,돼지띠 이번 주는 학습이나 자기계발에 투자하기 좋은 에너지입니다. 배움을 즐겨보세요.
939,pig,돼지띠,돼지띠 이번 주는 주변 사람들과의 협력이 중요합니다. 혼자보다 함께할 때 더 큰 힘이 납니다.
940,pig,돼지띠,돼지띠에게 이번 주는 새로운 아이디어가 떠오르기 쉬운 시기입니다. 창의적인 도전을 해보세요.
941,pig,돼지띠,돼지띠 이번 주는 감정적으로 안정된 흐름입니다. 오랫동안 묵혀둔 이야기를 꺼내보세요.
942,pig,돼지띠,돼지띠 이번 주는 주변 사람들과의 협력이 중요합니다. 혼자보다 함께할 때 더 큰 힘이 납니다.
943,pig,돼지띠,돼지띠 이번 주는 건강 관리가 우선입니다. 충분한 수면과 규칙적인 식사를 챙기세요.
944,pig,돼지띠,돼지띠에게 이번 주는 예상치 못한 좋은 소식이 들려올 수 있습니다. 기대감을 가져보세요.
945,pig,돼지띠,돼지띠 이번 주는 주변 사람들과의 협력이 중요합니다. 혼자보다 함께할 때 더 큰 힘이 납니다.
946,pig,돼지띠,돼지띠 이번 주는 학습이나 자기계발에 투자하기 좋은 에너지입니다. 배움을 즐겨보세요.
947,pig,돼지띠,돼지띠 이번 주는 감정적으로 안정된 흐름입니다. 오랫동안 묵혀둔 이야기를 꺼내보세요.
948,pig,돼지띠,돼지띠에게 이번 주는 적극적인 행동이 좋은 결과를 만드는 시기입니다. 망설이지 말고 도전해보세요.
949,pig,돼지띠,돼지띠 이번 주는 주변 사람들과의 협력이 중요합니다. 혼자보다 함께할 때 더 큰 힘이 납니다.
950,pig,돼지띠,돼지띠에게 이번 주는 적극적인 행동이 좋은 결과를 만드는 시기입니다. 망설이지 말고 도전해보세요.
951,pig,돼지띠,돼지띠에게 이번 주는 적극적인 행동이 좋은 결과를 만드는 시기입니다. 망설이지 말고 도전해보세요.
952,pig,돼지띠,돼지띠에게 이번 주는 재물운이 상승하는 흐름입니다. 계획적인 소비와 저축을 추천합니다.
953,pig,돼지띠,돼지띠에게 이번 주는 적극적인 행동이 좋은 결과를 만드는 시기입니다. 망설이지 말고 도전해보세요.
954,pig,돼지띠,돼지띠에게 이번 주는 적극적인 행동이 좋은 결과를 만드는 시기입니다. 망설이지 말고 도전해보세요.
955,pig,돼지띠,돼지띠 이번 주는 건강 관리가 우선입니다. 충분한 수면과 규칙적인 식사를 챙기세요.
956,pig,돼지띠,돼지띠 이번 주는 주변 사람들과의 협력이 중요합니다. 혼자보다 함께할 때 더 큰 힘이 납니다.
957,pig,돼지띠,돼지띠 이번 주는 건강 관리가 우선입니다. 충분한 수면과 규칙적인 식사를 챙기세요.
958,pig,돼지띠,돼지띠 이번 주는 주변 사람들과의 협력이 중요합니다. 혼자보다 함께할 때 더 큰 힘이 납니다.
959,pig,돼지띠,돼지띠 이번 주는 주변 사람들과의 협력이 중요합니다. 혼자보다 함께할 때 더 큰 힘이 납니다.
960,pig,돼지띠,돼지띠 이번 주는 감정적으로 안정된 흐름입니다. 오랫동안 묵혀둔 이야기를 꺼내보세요.
961,pig,돼지띠,돼지띠 이번 주는 건강 관리가 우선입니다. 충분한 수면과 규칙적인 식사를 챙기세요.
962,pig,돼지띠,돼지띠 이번 주는 학습이나 자기계발에 투자하기 좋은 에너지입니다. 배움을 즐겨보세요.
963,pig,돼지띠,돼지띠에게 이번 주는 재물운이 상승하는 흐름입니다. 계획적인 소비와 저축을 추천합니다.
964,pig,돼지띠,돼지띠 이번 주는 감정적으로 안정된 흐름입니다. 오랫동안 묵혀둔 이야기를 꺼내보세요.
965,pig,돼지띠,돼지띠 이번 주는 감정적으로 안정된 흐름입니다. 오랫동안 묵혀둔 이야기를 꺼내보세요.
966,pig,돼지띠,돼지띠 이번 주는 감정적으로 안정된 흐름입니다. 오랫동안 묵혀둔 이야기를 꺼내보세요.
967,pig,돼지띠,돼지띠 이번 주는 주변 사람들과의 협력이 중요합니다. 혼자보다 함께할 때 더 큰 힘이 납니다.
968,pig,돼지띠,돼지띠에게 이번 주는 적극적인 행동이 좋은 결과를 만드는 시기입니다. 망설이지 말고 도전해보세요.
969,pig,돼지띠,돼지띠 이번 주는 감정적으로 안정된 흐름입니다. 오랫동안 묵혀둔 이야기를 꺼내보세요.
970,pig,돼지띠,돼지띠에게 이번 주는 재물운이 상승하는 흐름입니다. 계획적인 소비와 저축을 추천합니다.
971,pig,돼지띠,돼지띠에게 이번 주는 적극적인 행동이 좋은 결과를 만드는 시기입니다. 망설이지 말고 도전해보세요.
972,pig,돼지띠,돼지띠에게 이번 주는 예상치 못한 좋은 소식이 들려올 수 있습니다. 기대감을 가져보세요.
973,pig,돼지띠,돼지띠에게 이번 주는 적극적인 행동이 좋은 결과를 만드는 시기입니다. 망설이지 말고 도전해보세요.
974,pig,돼지띠,돼지띠에게 이번 주는 예상치 못한 좋은 소식이 들려올 수 있습니다. 기대감을 가져보세요.
975,pig,돼지띠,돼지띠 이번 주는 주변 사람들과의 협력이 중요합니다. 혼자보다 함께할 때 더 큰 힘이 납니다.
976,pig,돼지띠,돼지띠에게 이번 주는 재물운이 상승하는 흐름입니다. 계획적인 소비와 저축을 추천합니다.
977,pig,돼지띠,돼지띠 이번 주는 학습이나 자기계발에 투자하기 좋은 에너지입니다. 배움을 즐겨보세요.
978,pig,돼지띠,돼지띠에게 이번 주는 새로운 아이디어가 떠오르기 쉬운 시기입니다. 창의적인 도전을 해보세요.
979,pig,돼지띠,돼지띠 이번 주는 감정적으로 안정된 흐름입니다. 오랫동안 묵혀둔 이야기를 꺼내보세요.
980,pig,돼지띠,돼지띠 이번 주는 감정적으로 안정된 흐름입니다. 오랫동안 묵혀둔 이야기를 꺼내보세요.
981,pig,돼지띠,돼지띠 이번 주는 감정적으로 안정된 흐름입니다. 오랫동안 묵혀둔 이야기를 꺼내보세요.
982,pig,돼지띠,돼지띠에게 이번 주는 적극적인 행동이 좋은 결과를 만드는 시기입니다. 망설이지 말고 도전해보세요.
983,pig,돼지띠,돼지띠 이번 주는 주변 사람들과의 협력이 중요합니다. 혼자보다 함께할 때 더 큰 힘이 납니다.
984,pig,돼지띠,돼지띠 이번 주는 주변 사람들과의 협력이 중요합니다. 혼자보다 함께할 때 더 큰 힘이 납니다.
985,pig,돼지띠,돼지띠에게 이번 주는 적극적인 행동이 좋은 결과를 만드는 시기입니다. 망설이지 말고 도전해보세요.
986,pig,돼지띠,돼지띠에게 이번 주는 적극적인 행동이 좋은 결과를 만드는 시기입니다. 망설이지 말고 도전해보세요.
987,pig,돼지띠,돼지띠 이번 주는 건강 관리가 우선입니다. 충분한 수면과 규칙적인 식사를 챙기세요.
988,pig,돼지띠,돼지띠 이번 주는 감정적으로 안정된 흐름입니다. 오랫동안 묵혀둔 이야기를 꺼내보세요.
989,pig,돼지띠,돼지띠 이번 주는 학습이나 자기계발에 투자하기 좋은 에너지입니다. 배움을 즐겨보세요.
990,pig,돼지띠,돼지띠에게 이번 주는 재물운이 상승하는 흐름입니다. 계획적인 소비와 저축을 추천합니다.
991,pig,돼지띠,돼지띠 이번 주는 건강 관리가 우선입니다. 충분한 수면과 규칙적인 식사를 챙기세요.
992,pig,돼지띠,돼지띠 이번 주는 학습이나 자기계발에 투자하기 좋은 에너지입니다. 배움을 즐겨보세요.
993,pig,돼지띠,돼지띠에게 이번 주는 재물운이 상승하는 흐름입니다. 계획적인 소비와 저축을 추천합니다.
994,pig,돼지띠,돼지띠 이번 주는 감정적으로 안정된 흐름입니다. 오랫동안 묵혀둔 이야기를 꺼내보세요.
995,pig,돼지띠,돼지띠 이번 주는 감정적으로 안정된 흐름입니다. 오랫동안 묵혀둔 이야기를 꺼내보세요.
996,pig,돼지띠,돼지띠에게 이번 주는 예상치 못한 좋은 소식이 들려올 수 있습니다. 기대감을 가져보세요.
997,pig,돼지띠,돼지띠 이번 주는 감정적으로 안정된 흐름입니다. 오랫동안 묵혀둔 이야기를 꺼내보세요.
998,pig,돼지띠,돼지띠에게 이번 주는 재물운이 상승하는 흐름입니다. 계획적인 소비와 저축을 추천합니다.
999,pig,돼지띠,돼지띠에게 이번 주는 적극적인 행동이 좋은 결과를 만드는 시기입니다. 망설이지 말고 도전해보세요.
1000,pig,돼지띠,돼지띠에게 이번 주는 예상치 못한 좋은 소식이 들려올 수 있습니다. 기대감을 가져보세요.
1001,pig,돼지띠,돼지띠에게 이번 주는 예상치 못한 좋은 소식이 들려올 수 있습니다. 기대감을 가져보세요.
1002,pig,돼지띠,돼지띠 이번 주는 주변 사람들과의 협력이 중요합니다. 혼자보다 함께할 때 더 큰 힘이 납니다.
1003,pig,돼지띠,돼지띠에게 이번 주는 예상치 못한 좋은 소식이 들려올 수 있습니다. 기대감을 가져보세요.
1004,pig,돼지띠,돼지띠에게 이번 주는 새로운 아이디어가 떠오르기 쉬운 시기입니다. 창의적인 도전을 해보세요.
1005,pig,돼지띠,돼지띠 이번 주는 감정적으로 안정된 흐름입니다. 오랫동안 묵혀둔 이야기를 꺼내보세요.
1006,pig,돼지띠,돼지띠 이번 주는 감정적으로 안정된 흐름입니다. 오랫동안 묵혀둔 이야기를 꺼내보세요.
1007,pig,돼지띠,돼지띠에게 이번 주는 예상치 못한 좋은 소식이 들려올 수 있습니다. 기대감을 가져보세요.
1008,pig,돼지띠,돼지띠에게 이번 주는 재물운이 상승하는 흐름입니다. 계획적인 소비와 저축을 추천합니다.
