card_name_ko,category,direction,reading_text
바보,연애,정방향,"바보 카드는 새로운 시작과 순수한 설렘을 상징합니다. 지금 당신의 연애운은 마치 첫발을 내딛는 여행자처럼 가볍고 자유로운 기운이 흐릅니다. 과거의 상처나 틀에 얽매이지 말고, 지금 이 순간의 감정에 솔직해지세요. 두려움 없이 먼저 다가가는 용기가 특별한 인연을 만들어줄 것입니다. 설령 실수하더라도 그 경험 자체가 당신을 성장시켜줍니다."
바보,연애,역방향,"바보 카드가 역방향으로 나타났습니다. 지금 연애에서 충동적인 판단이나 현실을 외면한 낭만만을 좇는 경향이 있을 수 있습니다. 감정에 너무 휩쓸리지 않도록 주의하세요. 상대방의 신호를 잘 살피고, 관계의 방향을 한 번쯤 차분히 돌아보는 시간이 필요합니다."
바보,직장,정방향,바보 카드는 새로운 도전의 시작을 알립니다. 직장이나 커리어에서 신선한 아이디어와 패기가 빛을 발할 때입니다. 기존 방식에 얽매이지 않고 자유롭게 접근하면 주변이 주목하는 성과를 낼 수 있습니다. 경험이 부족하더라도 열정과 가능성이 그 자리를 채워줄 것입니다.
바보,직장,역방향,바보 카드 역방향은 준비 없는 도전이나 무모한 결정에 대한 경고입니다. 좋은 아이디어가 있어도 충분한 준비 없이 뛰어들면 예상치 못한 실수가 생길 수 있습니다. 지금은 계획을 더 다듬고 현실적인 발판을 먼저 확인하는 것이 현명합니다.
바보,일반,정방향,"바보 카드는 삶에 새로운 장이 열리고 있음을 알려줍니다. 지금 당신 앞에는 무궁한 가능성이 펼쳐져 있으며, 과거의 짐을 내려놓고 가볍게 출발할 때입니다. 완벽한 준비보다 용기 있는 첫 걸음이 더 중요한 시기입니다. 설렘과 호기심을 믿고 앞으로 나아가세요."
바보,일반,역방향,바보 카드 역방향은 방향 없이 표류하거나 현실 감각을 잃었을 때 나타납니다. 지금 멈추고 자신이 진짜 원하는 것이 무엇인지 되짚어볼 필요가 있습니다. 작은 것부터 차근차근 정리하면서 다시 중심을 잡아가세요.
마법사,연애,정방향,"마법사 카드는 의지와 실행력으로 원하는 것을 현실로 만드는 힘을 상징합니다. 연애에서 당신이 먼저 행동하면 놀라운 변화가 일어납니다. 망설이던 마음을 표현하거나, 관계를 한 단계 발전시키기 위한 구체적인 행동을 취할 좋은 타이밍입니다. 당신에게는 이미 필요한 모든 것이 갖춰져 있습니다."
마법사,연애,역방향,"마법사 역방향은 재능이나 감정을 제대로 활용하지 못하고 있음을 나타냅니다. 연애에서 말과 행동이 엇나가거나, 상대를 설득하려는 의도가 지나쳐 부자연스러운 모습을 보일 수 있습니다. 꾸밈없는 진심이 가장 강력한 무기임을 기억하세요."
마법사,직장,정방향,마법사는 능력과 자원을 최대로 활용할 때임을 알려줍니다. 지금 당신이 가진 기술과 아이디어를 적극적으로 펼치세요. 새로운 프로젝트를 시작하거나 중요한 제안을 내놓기에 최적의 시기입니다. 집중력과 실행력이 빛나는 성과로 이어질 것입니다.
마법사,직장,역방향,"마법사 역방향은 재능의 낭비나 잘못된 방향의 노력을 경고합니다. 열심히 하고 있지만 방향이 흐트러져 있을 수 있습니다. 지금 하는 일의 우선순위를 다시 정리하고, 핵심에 집중하는 것이 필요합니다."
마법사,일반,정방향,마법사 카드는 당신 안에 강력한 잠재력이 깨어나고 있음을 알려줍니다. 원하는 것을 향해 구체적인 계획을 세우고 실천에 옮기세요. 모든 도구와 능력이 당신 손 안에 있습니다. 지금이 바로 의지의 힘을 발휘할 때입니다.
마법사,일반,역방향,"마법사 역방향은 자신의 능력을 과소평가하거나 에너지를 엉뚱한 곳에 쏟고 있음을 나타냅니다. 내면의 힘을 다시 믿고, 진짜 중요한 것에 집중해보세요."
여사제,연애,정방향,여사제 카드가 연애에서 정방향으로 나타났습니다. 이 카드는 깊은 직관과 내면의 지혜의 에너지를 담고 있습니다. 지금 당신의 감정과 관계에 이 에너지가 긍정적으로 흐르고 있습니다. 상대방과의 관계에서 진심을 표현하고 서로에게 솔직해지는 것이 깊은 연결로 이어질 것입니다. 두려움 없이 마음을 열고 현재의 감정에 충실해보세요. 지금 이 흐름을 믿고 따라가면 아름다운 결실을 맺게 됩니다.
여사제,연애,역방향,여사제 카드가 역방향으로 나타났습니다. 연애에서 직관 무시와 감정 억압의 기운이 영향을 미치고 있습니다. 관계에서 무언가 막혀 있거나 소통이 원활하지 않을 수 있습니다. 지금은 상대방을 탓하기보다 자신의 감정과 패턴을 돌아볼 필요가 있습니다. 작은 오해가 쌓이기 전에 솔직한 대화로 풀어가세요. 내면을 정리하면 관계도 자연스럽게 안정을 찾아갑니다.
여사제,직장,정방향,"여사제 카드가 직장·커리어에서 긍정적인 신호를 보내고 있습니다. 깊은 직관과 내면의 지혜의 에너지가 업무에 활력을 불어넣는 시기입니다. 그동안 준비해온 것들이 빛을 발할 때이며, 적극적으로 의견을 내고 기회를 잡아야 합니다. 동료와의 협력도 좋은 결과를 낳는 시기이므로 열린 마음으로 소통해보세요. 꾸준한 노력이 분명한 성과로 이어지는 흐름이 형성되고 있습니다."
여사제,직장,역방향,여사제 카드가 직장에서 역방향으로 나타났습니다. 직관 무시와 감정 억압의 에너지가 발목을 잡고 있을 수 있습니다. 업무에서 예상치 못한 장애물이나 소통 문제가 생길 수 있으니 신중하게 접근하세요. 무리하게 밀어붙이기보다 현재 상황을 점검하고 기반을 다지는 것이 중요합니다. 작은 것부터 꼼꼼히 챙기면 다시 안정을 찾을 수 있습니다.
여사제,일반,정방향,여사제 카드는 지금 당신의 삶에 깊은 직관과 내면의 지혜의 에너지가 활발히 흐르고 있음을 알려줍니다. 이 흐름을 타고 원하는 방향으로 나아갈 최적의 시기입니다. 지금까지 망설이던 것이 있다면 용기를 내어 실천해보세요. 당신 내면의 힘과 현재의 기운이 잘 맞물려 있어 좋은 결과를 기대할 수 있습니다. 스스로를 믿고 오늘 하루를 충실히 살아가세요.
여사제,일반,역방향,여사제 카드 역방향은 직관 무시와 감정 억압의 에너지가 삶의 흐름에 영향을 미치고 있음을 나타냅니다. 지금 당장 결과가 나오지 않더라도 조급해하지 마세요. 멈춘 것처럼 보이는 이 시간이 사실은 더 단단해지는 준비 기간입니다. 내면을 돌아보고 방향을 재정비하면 곧 다시 좋은 흐름이 찾아올 것입니다.
여황제,연애,정방향,여황제 카드가 연애에서 정방향으로 나타났습니다. 이 카드는 풍요로운 창의성과 따뜻한 모성의 에너지를 담고 있습니다. 지금 당신의 감정과 관계에 이 에너지가 긍정적으로 흐르고 있습니다. 상대방과의 관계에서 진심을 표현하고 서로에게 솔직해지는 것이 깊은 연결로 이어질 것입니다. 두려움 없이 마음을 열고 현재의 감정에 충실해보세요. 지금 이 흐름을 믿고 따라가면 아름다운 결실을 맺게 됩니다.
여황제,연애,역방향,여황제 카드가 역방향으로 나타났습니다. 연애에서 과잉 의존과 창의성 차단의 기운이 영향을 미치고 있습니다. 관계에서 무언가 막혀 있거나 소통이 원활하지 않을 수 있습니다. 지금은 상대방을 탓하기보다 자신의 감정과 패턴을 돌아볼 필요가 있습니다. 작은 오해가 쌓이기 전에 솔직한 대화로 풀어가세요. 내면을 정리하면 관계도 자연스럽게 안정을 찾아갑니다.
여황제,직장,정방향,"여황제 카드가 직장·커리어에서 긍정적인 신호를 보내고 있습니다. 풍요로운 창의성과 따뜻한 모성의 에너지가 업무에 활력을 불어넣는 시기입니다. 그동안 준비해온 것들이 빛을 발할 때이며, 적극적으로 의견을 내고 기회를 잡아야 합니다. 동료와의 협력도 좋은 결과를 낳는 시기이므로 열린 마음으로 소통해보세요. 꾸준한 노력이 분명한 성과로 이어지는 흐름이 형성되고 있습니다."
여황제,직장,역방향,여황제 카드가 직장에서 역방향으로 나타났습니다. 과잉 의존과 창의성 차단의 에너지가 발목을 잡고 있을 수 있습니다. 업무에서 예상치 못한 장애물이나 소통 문제가 생길 수 있으니 신중하게 접근하세요. 무리하게 밀어붙이기보다 현재 상황을 점검하고 기반을 다지는 것이 중요합니다. 작은 것부터 꼼꼼히 챙기면 다시 안정을 찾을 수 있습니다.
여황제,일반,정방향,여황제 카드는 지금 당신의 삶에 풍요로운 창의성과 따뜻한 모성의 에너지가 활발히 흐르고 있음을 알려줍니다. 이 흐름을 타고 원하는 방향으로 나아갈 최적의 시기입니다. 지금까지 망설이던 것이 있다면 용기를 내어 실천해보세요. 당신 내면의 힘과 현재의 기운이 잘 맞물려 있어 좋은 결과를 기대할 수 있습니다. 스스로를 믿고 오늘 하루를 충실히 살아가세요.
여황제,일반,역방향,여황제 카드 역방향은 과잉 의존과 창의성 차단의 에너지가 삶의 흐름에 영향을 미치고 있음을 나타냅니다. 지금 당장 결과가 나오지 않더라도 조급해하지 마세요. 멈춘 것처럼 보이는 이 시간이 사실은 더 단단해지는 준비 기간입니다. 내면을 돌아보고 방향을 재정비하면 곧 다시 좋은 흐름이 찾아올 것입니다.
황제,연애,정방향,황제 카드가 연애에서 정방향으로 나타났습니다. 이 카드는 안정적인 권위와 리더십의 에너지를 담고 있습니다. 지금 당신의 감정과 관계에 이 에너지가 긍정적으로 흐르고 있습니다. 상대방과의 관계에서 진심을 표현하고 서로에게 솔직해지는 것이 깊은 연결로 이어질 것입니다. 두려움 없이 마음을 열고 현재의 감정에 충실해보세요. 지금 이 흐름을 믿고 따라가면 아름다운 결실을 맺게 됩니다.
황제,연애,역방향,황제 카드가 역방향으로 나타났습니다. 연애에서 과도한 통제와 경직의 기운이 영향을 미치고 있습니다. 관계에서 무언가 막혀 있거나 소통이 원활하지 않을 수 있습니다. 지금은 상대방을 탓하기보다 자신의 감정과 패턴을 돌아볼 필요가 있습니다. 작은 오해가 쌓이기 전에 솔직한 대화로 풀어가세요. 내면을 정리하면 관계도 자연스럽게 안정을 찾아갑니다.
황제,직장,정방향,"황제 카드가 직장·커리어에서 긍정적인 신호를 보내고 있습니다. 안정적인 권위와 리더십의 에너지가 업무에 활력을 불어넣는 시기입니다. 그동안 준비해온 것들이 빛을 발할 때이며, 적극적으로 의견을 내고 기회를 잡아야 합니다. 동료와의 협력도 좋은 결과를 낳는 시기이므로 열린 마음으로 소통해보세요. 꾸준한 노력이 분명한 성과로 이어지는 흐름이 형성되고 있습니다."
황제,직장,역방향,황제 카드가 직장에서 역방향으로 나타났습니다. 과도한 통제와 경직의 에너지가 발목을 잡고 있을 수 있습니다. 업무에서 예상치 못한 장애물이나 소통 문제가 생길 수 있으니 신중하게 접근하세요. 무리하게 밀어붙이기보다 현재 상황을 점검하고 기반을 다지는 것이 중요합니다. 작은 것부터 꼼꼼히 챙기면 다시 안정을 찾을 수 있습니다.
황제,일반,정방향,황제 카드는 지금 당신의 삶에 안정적인 권위와 리더십의 에너지가 활발히 흐르고 있음을 알려줍니다. 이 흐름을 타고 원하는 방향으로 나아갈 최적의 시기입니다. 지금까지 망설이던 것이 있다면 용기를 내어 실천해보세요. 당신 내면의 힘과 현재의 기운이 잘 맞물려 있어 좋은 결과를 기대할 수 있습니다. 스스로를 믿고 오늘 하루를 충실히 살아가세요.
황제,일반,역방향,황제 카드 역방향은 과도한 통제와 경직의 에너지가 삶의 흐름에 영향을 미치고 있음을 나타냅니다. 지금 당장 결과가 나오지 않더라도 조급해하지 마세요. 멈춘 것처럼 보이는 이 시간이 사실은 더 단단해지는 준비 기간입니다. 내면을 돌아보고 방향을 재정비하면 곧 다시 좋은 흐름이 찾아올 것입니다.
교황,연애,정방향,교황 카드가 연애에서 정방향으로 나타났습니다. 이 카드는 전통과 정신적 가르침의 에너지를 담고 있습니다. 지금 당신의 감정과 관계에 이 에너지가 긍정적으로 흐르고 있습니다. 상대방과의 관계에서 진심을 표현하고 서로에게 솔직해지는 것이 깊은 연결로 이어질 것입니다. 두려움 없이 마음을 열고 현재의 감정에 충실해보세요. 지금 이 흐름을 믿고 따라가면 아름다운 결실을 맺게 됩니다.
교황,연애,역방향,교황 카드가 역방향으로 나타났습니다. 연애에서 관습에 대한 저항과 제한의 기운이 영향을 미치고 있습니다. 관계에서 무언가 막혀 있거나 소통이 원활하지 않을 수 있습니다. 지금은 상대방을 탓하기보다 자신의 감정과 패턴을 돌아볼 필요가 있습니다. 작은 오해가 쌓이기 전에 솔직한 대화로 풀어가세요. 내면을 정리하면 관계도 자연스럽게 안정을 찾아갑니다.
교황,직장,정방향,"교황 카드가 직장·커리어에서 긍정적인 신호를 보내고 있습니다. 전통과 정신적 가르침의 에너지가 업무에 활력을 불어넣는 시기입니다. 그동안 준비해온 것들이 빛을 발할 때이며, 적극적으로 의견을 내고 기회를 잡아야 합니다. 동료와의 협력도 좋은 결과를 낳는 시기이므로 열린 마음으로 소통해보세요. 꾸준한 노력이 분명한 성과로 이어지는 흐름이 형성되고 있습니다."
교황,직장,역방향,교황 카드가 직장에서 역방향으로 나타났습니다. 관습에 대한 저항과 제한의 에너지가 발목을 잡고 있을 수 있습니다. 업무에서 예상치 못한 장애물이나 소통 문제가 생길 수 있으니 신중하게 접근하세요. 무리하게 밀어붙이기보다 현재 상황을 점검하고 기반을 다지는 것이 중요합니다. 작은 것부터 꼼꼼히 챙기면 다시 안정을 찾을 수 있습니다.
교황,일반,정방향,교황 카드는 지금 당신의 삶에 전통과 정신적 가르침의 에너지가 활발히 흐르고 있음을 알려줍니다. 이 흐름을 타고 원하는 방향으로 나아갈 최적의 시기입니다. 지금까지 망설이던 것이 있다면 용기를 내어 실천해보세요. 당신 내면의 힘과 현재의 기운이 잘 맞물려 있어 좋은 결과를 기대할 수 있습니다. 스스로를 믿고 오늘 하루를 충실히 살아가세요.
교황,일반,역방향,교황 카드 역방향은 관습에 대한 저항과 제한의 에너지가 삶의 흐름에 영향을 미치고 있음을 나타냅니다. 지금 당장 결과가 나오지 않더라도 조급해하지 마세요. 멈춘 것처럼 보이는 이 시간이 사실은 더 단단해지는 준비 기간입니다. 내면을 돌아보고 방향을 재정비하면 곧 다시 좋은 흐름이 찾아올 것입니다.
연인,연애,정방향,연인 카드가 연애에서 정방향으로 나타났습니다. 이 카드는 진정한 사랑과 가치 있는 선택의 에너지를 담고 있습니다. 지금 당신의 감정과 관계에 이 에너지가 긍정적으로 흐르고 있습니다. 상대방과의 관계에서 진심을 표현하고 서로에게 솔직해지는 것이 깊은 연결로 이어질 것입니다. 두려움 없이 마음을 열고 현재의 감정에 충실해보세요. 지금 이 흐름을 믿고 따라가면 아름다운 결실을 맺게 됩니다.
연인,연애,역방향,연인 카드가 역방향으로 나타났습니다. 연애에서 가치관 충돌과 잘못된 선택의 기운이 영향을 미치고 있습니다. 관계에서 무언가 막혀 있거나 소통이 원활하지 않을 수 있습니다. 지금은 상대방을 탓하기보다 자신의 감정과 패턴을 돌아볼 필요가 있습니다. 작은 오해가 쌓이기 전에 솔직한 대화로 풀어가세요. 내면을 정리하면 관계도 자연스럽게 안정을 찾아갑니다.
연인,직장,정방향,"연인 카드가 직장·커리어에서 긍정적인 신호를 보내고 있습니다. 진정한 사랑과 가치 있는 선택의 에너지가 업무에 활력을 불어넣는 시기입니다. 그동안 준비해온 것들이 빛을 발할 때이며, 적극적으로 의견을 내고 기회를 잡아야 합니다. 동료와의 협력도 좋은 결과를 낳는 시기이므로 열린 마음으로 소통해보세요. 꾸준한 노력이 분명한 성과로 이어지는 흐름이 형성되고 있습니다."
연인,직장,역방향,연인 카드가 직장에서 역방향으로 나타났습니다. 가치관 충돌과 잘못된 선택의 에너지가 발목을 잡고 있을 수 있습니다. 업무에서 예상치 못한 장애물이나 소통 문제가 생길 수 있으니 신중하게 접근하세요. 무리하게 밀어붙이기보다 현재 상황을 점검하고 기반을 다지는 것이 중요합니다. 작은 것부터 꼼꼼히 챙기면 다시 안정을 찾을 수 있습니다.
연인,일반,정방향,연인 카드는 지금 당신의 삶에 진정한 사랑과 가치 있는 선택의 에너지가 활발히 흐르고 있음을 알려줍니다. 이 흐름을 타고 원하는 방향으로 나아갈 최적의 시기입니다. 지금까지 망설이던 것이 있다면 용기를 내어 실천해보세요. 당신 내면의 힘과 현재의 기운이 잘 맞물려 있어 좋은 결과를 기대할 수 있습니다. 스스로를 믿고 오늘 하루를 충실히 살아가세요.
연인,일반,역방향,연인 카드 역방향은 가치관 충돌과 잘못된 선택의 에너지가 삶의 흐름에 영향을 미치고 있음을 나타냅니다. 지금 당장 결과가 나오지 않더라도 조급해하지 마세요. 멈춘 것처럼 보이는 이 시간이 사실은 더 단단해지는 준비 기간입니다. 내면을 돌아보고 방향을 재정비하면 곧 다시 좋은 흐름이 찾아올 것입니다.
전차,연애,정방향,전차 카드가 연애에서 정방향으로 나타났습니다. 이 카드는 강한 의지로 이끌어낸 승리의 에너지를 담고 있습니다. 지금 당신의 감정과 관계에 이 에너지가 긍정적으로 흐르고 있습니다. 상대방과의 관계에서 진심을 표현하고 서로에게 솔직해지는 것이 깊은 연결로 이어질 것입니다. 두려움 없이 마음을 열고 현재의 감정에 충실해보세요. 지금 이 흐름을 믿고 따라가면 아름다운 결실을 맺게 됩니다.
전차,연애,역방향,전차 카드가 역방향으로 나타났습니다. 연애에서 통제 상실과 방향 부재의 기운이 영향을 미치고 있습니다. 관계에서 무언가 막혀 있거나 소통이 원활하지 않을 수 있습니다. 지금은 상대방을 탓하기보다 자신의 감정과 패턴을 돌아볼 필요가 있습니다. 작은 오해가 쌓이기 전에 솔직한 대화로 풀어가세요. 내면을 정리하면 관계도 자연스럽게 안정을 찾아갑니다.
전차,직장,정방향,"전차 카드가 직장·커리어에서 긍정적인 신호를 보내고 있습니다. 강한 의지로 이끌어낸 승리의 에너지가 업무에 활력을 불어넣는 시기입니다. 그동안 준비해온 것들이 빛을 발할 때이며, 적극적으로 의견을 내고 기회를 잡아야 합니다. 동료와의 협력도 좋은 결과를 낳는 시기이므로 열린 마음으로 소통해보세요. 꾸준한 노력이 분명한 성과로 이어지는 흐름이 형성되고 있습니다."
전차,직장,역방향,전차 카드가 직장에서 역방향으로 나타났습니다. 통제 상실과 방향 부재의 에너지가 발목을 잡고 있을 수 있습니다. 업무에서 예상치 못한 장애물이나 소통 문제가 생길 수 있으니 신중하게 접근하세요. 무리하게 밀어붙이기보다 현재 상황을 점검하고 기반을 다지는 것이 중요합니다. 작은 것부터 꼼꼼히 챙기면 다시 안정을 찾을 수 있습니다.
전차,일반,정방향,전차 카드는 지금 당신의 삶에 강한 의지로 이끌어낸 승리의 에너지가 활발히 흐르고 있음을 알려줍니다. 이 흐름을 타고 원하는 방향으로 나아갈 최적의 시기입니다. 지금까지 망설이던 것이 있다면 용기를 내어 실천해보세요. 당신 내면의 힘과 현재의 기운이 잘 맞물려 있어 좋은 결과를 기대할 수 있습니다. 스스로를 믿고 오늘 하루를 충실히 살아가세요.
전차,일반,역방향,전차 카드 역방향은 통제 상실과 방향 부재의 에너지가 삶의 흐름에 영향을 미치고 있음을 나타냅니다. 지금 당장 결과가 나오지 않더라도 조급해하지 마세요. 멈춘 것처럼 보이는 이 시간이 사실은 더 단단해지는 준비 기간입니다. 내면을 돌아보고 방향을 재정비하면 곧 다시 좋은 흐름이 찾아올 것입니다.
힘,연애,정방향,힘 카드가 연애에서 정방향으로 나타났습니다. 이 카드는 온화하지만 강한 내면의 용기의 에너지를 담고 있습니다. 지금 당신의 감정과 관계에 이 에너지가 긍정적으로 흐르고 있습니다. 상대방과의 관계에서 진심을 표현하고 서로에게 솔직해지는 것이 깊은 연결로 이어질 것입니다. 두려움 없이 마음을 열고 현재의 감정에 충실해보세요. 지금 이 흐름을 믿고 따라가면 아름다운 결실을 맺게 됩니다.
힘,연애,역방향,힘 카드가 역방향으로 나타났습니다. 연애에서 자기 의심과 내면의 공포의 기운이 영향을 미치고 있습니다. 관계에서 무언가 막혀 있거나 소통이 원활하지 않을 수 있습니다. 지금은 상대방을 탓하기보다 자신의 감정과 패턴을 돌아볼 필요가 있습니다. 작은 오해가 쌓이기 전에 솔직한 대화로 풀어가세요. 내면을 정리하면 관계도 자연스럽게 안정을 찾아갑니다.
힘,직장,정방향,"힘 카드가 직장·커리어에서 긍정적인 신호를 보내고 있습니다. 온화하지만 강한 내면의 용기의 에너지가 업무에 활력을 불어넣는 시기입니다. 그동안 준비해온 것들이 빛을 발할 때이며, 적극적으로 의견을 내고 기회를 잡아야 합니다. 동료와의 협력도 좋은 결과를 낳는 시기이므로 열린 마음으로 소통해보세요. 꾸준한 노력이 분명한 성과로 이어지는 흐름이 형성되고 있습니다."
힘,직장,역방향,힘 카드가 직장에서 역방향으로 나타났습니다. 자기 의심과 내면의 공포의 에너지가 발목을 잡고 있을 수 있습니다. 업무에서 예상치 못한 장애물이나 소통 문제가 생길 수 있으니 신중하게 접근하세요. 무리하게 밀어붙이기보다 현재 상황을 점검하고 기반을 다지는 것이 중요합니다. 작은 것부터 꼼꼼히 챙기면 다시 안정을 찾을 수 있습니다.
힘,일반,정방향,힘 카드는 지금 당신의 삶에 온화하지만 강한 내면의 용기의 에너지가 활발히 흐르고 있음을 알려줍니다. 이 흐름을 타고 원하는 방향으로 나아갈 최적의 시기입니다. 지금까지 망설이던 것이 있다면 용기를 내어 실천해보세요. 당신 내면의 힘과 현재의 기운이 잘 맞물려 있어 좋은 결과를 기대할 수 있습니다. 스스로를 믿고 오늘 하루를 충실히 살아가세요.
힘,일반,역방향,힘 카드 역방향은 자기 의심과 내면의 공포의 에너지가 삶의 흐름에 영향을 미치고 있음을 나타냅니다. 지금 당장 결과가 나오지 않더라도 조급해하지 마세요. 멈춘 것처럼 보이는 이 시간이 사실은 더 단단해지는 준비 기간입니다. 내면을 돌아보고 방향을 재정비하면 곧 다시 좋은 흐름이 찾아올 것입니다.
은둔자,연애,정방향,은둔자 카드가 연애에서 정방향으로 나타났습니다. 이 카드는 깊은 내면 탐구와 지혜로운 고독의 에너지를 담고 있습니다. 지금 당신의 감정과 관계에 이 에너지가 긍정적으로 흐르고 있습니다. 상대방과의 관계에서 진심을 표현하고 서로에게 솔직해지는 것이 깊은 연결로 이어질 것입니다. 두려움 없이 마음을 열고 현재의 감정에 충실해보세요. 지금 이 흐름을 믿고 따라가면 아름다운 결실을 맺게 됩니다.
은둔자,연애,역방향,은둔자 카드가 역방향으로 나타났습니다. 연애에서 세상과의 단절과 고립의 기운이 영향을 미치고 있습니다. 관계에서 무언가 막혀 있거나 소통이 원활하지 않을 수 있습니다. 지금은 상대방을 탓하기보다 자신의 감정과 패턴을 돌아볼 필요가 있습니다. 작은 오해가 쌓이기 전에 솔직한 대화로 풀어가세요. 내면을 정리하면 관계도 자연스럽게 안정을 찾아갑니다.
은둔자,직장,정방향,"은둔자 카드가 직장·커리어에서 긍정적인 신호를 보내고 있습니다. 깊은 내면 탐구와 지혜로운 고독의 에너지가 업무에 활력을 불어넣는 시기입니다. 그동안 준비해온 것들이 빛을 발할 때이며, 적극적으로 의견을 내고 기회를 잡아야 합니다. 동료와의 협력도 좋은 결과를 낳는 시기이므로 열린 마음으로 소통해보세요. 꾸준한 노력이 분명한 성과로 이어지는 흐름이 형성되고 있습니다."
은둔자,직장,역방향,은둔자 카드가 직장에서 역방향으로 나타났습니다. 세상과의 단절과 고립의 에너지가 발목을 잡고 있을 수 있습니다. 업무에서 예상치 못한 장애물이나 소통 문제가 생길 수 있으니 신중하게 접근하세요. 무리하게 밀어붙이기보다 현재 상황을 점검하고 기반을 다지는 것이 중요합니다. 작은 것부터 꼼꼼히 챙기면 다시 안정을 찾을 수 있습니다.
은둔자,일반,정방향,은둔자 카드는 지금 당신의 삶에 깊은 내면 탐구와 지혜로운 고독의 에너지가 활발히 흐르고 있음을 알려줍니다. 이 흐름을 타고 원하는 방향으로 나아갈 최적의 시기입니다. 지금까지 망설이던 것이 있다면 용기를 내어 실천해보세요. 당신 내면의 힘과 현재의 기운이 잘 맞물려 있어 좋은 결과를 기대할 수 있습니다. 스스로를 믿고 오늘 하루를 충실히 살아가세요.
은둔자,일반,역방향,은둔자 카드 역방향은 세상과의 단절과 고립의 에너지가 삶의 흐름에 영향을 미치고 있음을 나타냅니다. 지금 당장 결과가 나오지 않더라도 조급해하지 마세요. 멈춘 것처럼 보이는 이 시간이 사실은 더 단단해지는 준비 기간입니다. 내면을 돌아보고 방향을 재정비하면 곧 다시 좋은 흐름이 찾아올 것입니다.
운명의 수레바퀴,연애,정방향,운명의 수레바퀴 카드가 연애에서 정방향으로 나타났습니다. 이 카드는 운명적 전환점과 행운의 기회의 에너지를 담고 있습니다. 지금 당신의 감정과 관계에 이 에너지가 긍정적으로 흐르고 있습니다. 상대방과의 관계에서 진심을 표현하고 서로에게 솔직해지는 것이 깊은 연결로 이어질 것입니다. 두려움 없이 마음을 열고 현재의 감정에 충실해보세요. 지금 이 흐름을 믿고 따라가면 아름다운 결실을 맺게 됩니다.
운명의 수레바퀴,연애,역방향,운명의 수레바퀴 카드가 역방향으로 나타났습니다. 연애에서 불운한 흐름과 외부 힘의 기운이 영향을 미치고 있습니다. 관계에서 무언가 막혀 있거나 소통이 원활하지 않을 수 있습니다. 지금은 상대방을 탓하기보다 자신의 감정과 패턴을 돌아볼 필요가 있습니다. 작은 오해가 쌓이기 전에 솔직한 대화로 풀어가세요. 내면을 정리하면 관계도 자연스럽게 안정을 찾아갑니다.
운명의 수레바퀴,직장,정방향,"운명의 수레바퀴 카드가 직장·커리어에서 긍정적인 신호를 보내고 있습니다. 운명적 전환점과 행운의 기회의 에너지가 업무에 활력을 불어넣는 시기입니다. 그동안 준비해온 것들이 빛을 발할 때이며, 적극적으로 의견을 내고 기회를 잡아야 합니다. 동료와의 협력도 좋은 결과를 낳는 시기이므로 열린 마음으로 소통해보세요. 꾸준한 노력이 분명한 성과로 이어지는 흐름이 형성되고 있습니다."
운명의 수레바퀴,직장,역방향,운명의 수레바퀴 카드가 직장에서 역방향으로 나타났습니다. 불운한 흐름과 외부 힘의 에너지가 발목을 잡고 있을 수 있습니다. 업무에서 예상치 못한 장애물이나 소통 문제가 생길 수 있으니 신중하게 접근하세요. 무리하게 밀어붙이기보다 현재 상황을 점검하고 기반을 다지는 것이 중요합니다. 작은 것부터 꼼꼼히 챙기면 다시 안정을 찾을 수 있습니다.
운명의 수레바퀴,일반,정방향,운명의 수레바퀴 카드는 지금 당신의 삶에 운명적 전환점과 행운의 기회의 에너지가 활발히 흐르고 있음을 알려줍니다. 이 흐름을 타고 원하는 방향으로 나아갈 최적의 시기입니다. 지금까지 망설이던 것이 있다면 용기를 내어 실천해보세요. 당신 내면의 힘과 현재의 기운이 잘 맞물려 있어 좋은 결과를 기대할 수 있습니다. 스스로를 믿고 오늘 하루를 충실히 살아가세요.
운명의 수레바퀴,일반,역방향,운명의 수레바퀴 카드 역방향은 불운한 흐름과 외부 힘의 에너지가 삶의 흐름에 영향을 미치고 있음을 나타냅니다. 지금 당장 결과가 나오지 않더라도 조급해하지 마세요. 멈춘 것처럼 보이는 이 시간이 사실은 더 단단해지는 준비 기간입니다. 내면을 돌아보고 방향을 재정비하면 곧 다시 좋은 흐름이 찾아올 것입니다.
정의,연애,정방향,정의 카드가 연애에서 정방향으로 나타났습니다. 이 카드는 공정하고 균형 잡힌 결과의 에너지를 담고 있습니다. 지금 당신의 감정과 관계에 이 에너지가 긍정적으로 흐르고 있습니다. 상대방과의 관계에서 진심을 표현하고 서로에게 솔직해지는 것이 깊은 연결로 이어질 것입니다. 두려움 없이 마음을 열고 현재의 감정에 충실해보세요. 지금 이 흐름을 믿고 따라가면 아름다운 결실을 맺게 됩니다.
정의,연애,역방향,정의 카드가 역방향으로 나타났습니다. 연애에서 불공정한 상황과 책임 회피의 기운이 영향을 미치고 있습니다. 관계에서 무언가 막혀 있거나 소통이 원활하지 않을 수 있습니다. 지금은 상대방을 탓하기보다 자신의 감정과 패턴을 돌아볼 필요가 있습니다. 작은 오해가 쌓이기 전에 솔직한 대화로 풀어가세요. 내면을 정리하면 관계도 자연스럽게 안정을 찾아갑니다.
정의,직장,정방향,"정의 카드가 직장·커리어에서 긍정적인 신호를 보내고 있습니다. 공정하고 균형 잡힌 결과의 에너지가 업무에 활력을 불어넣는 시기입니다. 그동안 준비해온 것들이 빛을 발할 때이며, 적극적으로 의견을 내고 기회를 잡아야 합니다. 동료와의 협력도 좋은 결과를 낳는 시기이므로 열린 마음으로 소통해보세요. 꾸준한 노력이 분명한 성과로 이어지는 흐름이 형성되고 있습니다."
정의,직장,역방향,정의 카드가 직장에서 역방향으로 나타났습니다. 불공정한 상황과 책임 회피의 에너지가 발목을 잡고 있을 수 있습니다. 업무에서 예상치 못한 장애물이나 소통 문제가 생길 수 있으니 신중하게 접근하세요. 무리하게 밀어붙이기보다 현재 상황을 점검하고 기반을 다지는 것이 중요합니다. 작은 것부터 꼼꼼히 챙기면 다시 안정을 찾을 수 있습니다.
정의,일반,정방향,정의 카드는 지금 당신의 삶에 공정하고 균형 잡힌 결과의 에너지가 활발히 흐르고 있음을 알려줍니다. 이 흐름을 타고 원하는 방향으로 나아갈 최적의 시기입니다. 지금까지 망설이던 것이 있다면 용기를 내어 실천해보세요. 당신 내면의 힘과 현재의 기운이 잘 맞물려 있어 좋은 결과를 기대할 수 있습니다. 스스로를 믿고 오늘 하루를 충실히 살아가세요.
정의,일반,역방향,정의 카드 역방향은 불공정한 상황과 책임 회피의 에너지가 삶의 흐름에 영향을 미치고 있음을 나타냅니다. 지금 당장 결과가 나오지 않더라도 조급해하지 마세요. 멈춘 것처럼 보이는 이 시간이 사실은 더 단단해지는 준비 기간입니다. 내면을 돌아보고 방향을 재정비하면 곧 다시 좋은 흐름이 찾아올 것입니다.
매달린 남자,연애,정방향,매달린 남자 카드가 연애에서 정방향으로 나타났습니다. 이 카드는 새로운 관점과 의미 있는 기다림의 에너지를 담고 있습니다. 지금 당신의 감정과 관계에 이 에너지가 긍정적으로 흐르고 있습니다. 상대방과의 관계에서 진심을 표현하고 서로에게 솔직해지는 것이 깊은 연결로 이어질 것입니다. 두려움 없이 마음을 열고 현재의 감정에 충실해보세요. 지금 이 흐름을 믿고 따라가면 아름다운 결실을 맺게 됩니다.
매달린 남자,연애,역방향,매달린 남자 카드가 역방향으로 나타났습니다. 연애에서 불필요한 희생과 고착의 기운이 영향을 미치고 있습니다. 관계에서 무언가 막혀 있거나 소통이 원활하지 않을 수 있습니다. 지금은 상대방을 탓하기보다 자신의 감정과 패턴을 돌아볼 필요가 있습니다. 작은 오해가 쌓이기 전에 솔직한 대화로 풀어가세요. 내면을 정리하면 관계도 자연스럽게 안정을 찾아갑니다.
매달린 남자,직장,정방향,"매달린 남자 카드가 직장·커리어에서 긍정적인 신호를 보내고 있습니다. 새로운 관점과 의미 있는 기다림의 에너지가 업무에 활력을 불어넣는 시기입니다. 그동안 준비해온 것들이 빛을 발할 때이며, 적극적으로 의견을 내고 기회를 잡아야 합니다. 동료와의 협력도 좋은 결과를 낳는 시기이므로 열린 마음으로 소통해보세요. 꾸준한 노력이 분명한 성과로 이어지는 흐름이 형성되고 있습니다."
매달린 남자,직장,역방향,매달린 남자 카드가 직장에서 역방향으로 나타났습니다. 불필요한 희생과 고착의 에너지가 발목을 잡고 있을 수 있습니다. 업무에서 예상치 못한 장애물이나 소통 문제가 생길 수 있으니 신중하게 접근하세요. 무리하게 밀어붙이기보다 현재 상황을 점검하고 기반을 다지는 것이 중요합니다. 작은 것부터 꼼꼼히 챙기면 다시 안정을 찾을 수 있습니다.
매달린 남자,일반,정방향,매달린 남자 카드는 지금 당신의 삶에 새로운 관점과 의미 있는 기다림의 에너지가 활발히 흐르고 있음을 알려줍니다. 이 흐름을 타고 원하는 방향으로 나아갈 최적의 시기입니다. 지금까지 망설이던 것이 있다면 용기를 내어 실천해보세요. 당신 내면의 힘과 현재의 기운이 잘 맞물려 있어 좋은 결과를 기대할 수 있습니다. 스스로를 믿고 오늘 하루를 충실히 살아가세요.
매달린 남자,일반,역방향,매달린 남자 카드 역방향은 불필요한 희생과 고착의 에너지가 삶의 흐름에 영향을 미치고 있음을 나타냅니다. 지금 당장 결과가 나오지 않더라도 조급해하지 마세요. 멈춘 것처럼 보이는 이 시간이 사실은 더 단단해지는 준비 기간입니다. 내면을 돌아보고 방향을 재정비하면 곧 다시 좋은 흐름이 찾아올 것입니다.
죽음,연애,정방향,죽음 카드가 연애에서 정방향으로 나타났습니다. 이 카드는 낡은 것의 끝과 새로운 시작의 에너지를 담고 있습니다. 지금 당신의 감정과 관계에 이 에너지가 긍정적으로 흐르고 있습니다. 상대방과의 관계에서 진심을 표현하고 서로에게 솔직해지는 것이 깊은 연결로 이어질 것입니다. 두려움 없이 마음을 열고 현재의 감정에 충실해보세요. 지금 이 흐름을 믿고 따라가면 아름다운 결실을 맺게 됩니다.
죽음,연애,역방향,죽음 카드가 역방향으로 나타났습니다. 연애에서 변화에 대한 두려움과 정체의 기운이 영향을 미치고 있습니다. 관계에서 무언가 막혀 있거나 소통이 원활하지 않을 수 있습니다. 지금은 상대방을 탓하기보다 자신의 감정과 패턴을 돌아볼 필요가 있습니다. 작은 오해가 쌓이기 전에 솔직한 대화로 풀어가세요. 내면을 정리하면 관계도 자연스럽게 안정을 찾아갑니다.
죽음,직장,정방향,"죽음 카드가 직장·커리어에서 긍정적인 신호를 보내고 있습니다. 낡은 것의 끝과 새로운 시작의 에너지가 업무에 활력을 불어넣는 시기입니다. 그동안 준비해온 것들이 빛을 발할 때이며, 적극적으로 의견을 내고 기회를 잡아야 합니다. 동료와의 협력도 좋은 결과를 낳는 시기이므로 열린 마음으로 소통해보세요. 꾸준한 노력이 분명한 성과로 이어지는 흐름이 형성되고 있습니다."
죽음,직장,역방향,죽음 카드가 직장에서 역방향으로 나타났습니다. 변화에 대한 두려움과 정체의 에너지가 발목을 잡고 있을 수 있습니다. 업무에서 예상치 못한 장애물이나 소통 문제가 생길 수 있으니 신중하게 접근하세요. 무리하게 밀어붙이기보다 현재 상황을 점검하고 기반을 다지는 것이 중요합니다. 작은 것부터 꼼꼼히 챙기면 다시 안정을 찾을 수 있습니다.
죽음,일반,정방향,죽음 카드는 지금 당신의 삶에 낡은 것의 끝과 새로운 시작의 에너지가 활발히 흐르고 있음을 알려줍니다. 이 흐름을 타고 원하는 방향으로 나아갈 최적의 시기입니다. 지금까지 망설이던 것이 있다면 용기를 내어 실천해보세요. 당신 내면의 힘과 현재의 기운이 잘 맞물려 있어 좋은 결과를 기대할 수 있습니다. 스스로를 믿고 오늘 하루를 충실히 살아가세요.
죽음,일반,역방향,죽음 카드 역방향은 변화에 대한 두려움과 정체의 에너지가 삶의 흐름에 영향을 미치고 있음을 나타냅니다. 지금 당장 결과가 나오지 않더라도 조급해하지 마세요. 멈춘 것처럼 보이는 이 시간이 사실은 더 단단해지는 준비 기간입니다. 내면을 돌아보고 방향을 재정비하면 곧 다시 좋은 흐름이 찾아올 것입니다.
절제,연애,정방향,절제 카드가 연애에서 정방향으로 나타났습니다. 이 카드는 균형 잡힌 조화와 인내의 에너지를 담고 있습니다. 지금 당신의 감정과 관계에 이 에너지가 긍정적으로 흐르고 있습니다. 상대방과의 관계에서 진심을 표현하고 서로에게 솔직해지는 것이 깊은 연결로 이어질 것입니다. 두려움 없이 마음을 열고 현재의 감정에 충실해보세요. 지금 이 흐름을 믿고 따라가면 아름다운 결실을 맺게 됩니다.
절제,연애,역방향,절제 카드가 역방향으로 나타났습니다. 연애에서 극단적인 불균형과 자제력 부족의 기운이 영향을 미치고 있습니다. 관계에서 무언가 막혀 있거나 소통이 원활하지 않을 수 있습니다. 지금은 상대방을 탓하기보다 자신의 감정과 패턴을 돌아볼 필요가 있습니다. 작은 오해가 쌓이기 전에 솔직한 대화로 풀어가세요. 내면을 정리하면 관계도 자연스럽게 안정을 찾아갑니다.
절제,직장,정방향,"절제 카드가 직장·커리어에서 긍정적인 신호를 보내고 있습니다. 균형 잡힌 조화와 인내의 에너지가 업무에 활력을 불어넣는 시기입니다. 그동안 준비해온 것들이 빛을 발할 때이며, 적극적으로 의견을 내고 기회를 잡아야 합니다. 동료와의 협력도 좋은 결과를 낳는 시기이므로 열린 마음으로 소통해보세요. 꾸준한 노력이 분명한 성과로 이어지는 흐름이 형성되고 있습니다."
절제,직장,역방향,절제 카드가 직장에서 역방향으로 나타났습니다. 극단적인 불균형과 자제력 부족의 에너지가 발목을 잡고 있을 수 있습니다. 업무에서 예상치 못한 장애물이나 소통 문제가 생길 수 있으니 신중하게 접근하세요. 무리하게 밀어붙이기보다 현재 상황을 점검하고 기반을 다지는 것이 중요합니다. 작은 것부터 꼼꼼히 챙기면 다시 안정을 찾을 수 있습니다.
절제,일반,정방향,절제 카드는 지금 당신의 삶에 균형 잡힌 조화와 인내의 에너지가 활발히 흐르고 있음을 알려줍니다. 이 흐름을 타고 원하는 방향으로 나아갈 최적의 시기입니다. 지금까지 망설이던 것이 있다면 용기를 내어 실천해보세요. 당신 내면의 힘과 현재의 기운이 잘 맞물려 있어 좋은 결과를 기대할 수 있습니다. 스스로를 믿고 오늘 하루를 충실히 살아가세요.
절제,일반,역방향,절제 카드 역방향은 극단적인 불균형과 자제력 부족의 에너지가 삶의 흐름에 영향을 미치고 있음을 나타냅니다. 지금 당장 결과가 나오지 않더라도 조급해하지 마세요. 멈춘 것처럼 보이는 이 시간이 사실은 더 단단해지는 준비 기간입니다. 내면을 돌아보고 방향을 재정비하면 곧 다시 좋은 흐름이 찾아올 것입니다.
악마,연애,정방향,악마 카드가 연애에서 정방향으로 나타났습니다. 이 카드는 속박에서 벗어나는 해방의 에너지의 에너지를 담고 있습니다. 지금 당신의 감정과 관계에 이 에너지가 긍정적으로 흐르고 있습니다. 상대방과의 관계에서 진심을 표현하고 서로에게 솔직해지는 것이 깊은 연결로 이어질 것입니다. 두려움 없이 마음을 열고 현재의 감정에 충실해보세요. 지금 이 흐름을 믿고 따라가면 아름다운 결실을 맺게 됩니다.
악마,연애,역방향,악마 카드가 역방향으로 나타났습니다. 연애에서 집착과 중독에서의 탈출 어려움의 기운이 영향을 미치고 있습니다. 관계에서 무언가 막혀 있거나 소통이 원활하지 않을 수 있습니다. 지금은 상대방을 탓하기보다 자신의 감정과 패턴을 돌아볼 필요가 있습니다. 작은 오해가 쌓이기 전에 솔직한 대화로 풀어가세요. 내면을 정리하면 관계도 자연스럽게 안정을 찾아갑니다.
악마,직장,정방향,"악마 카드가 직장·커리어에서 긍정적인 신호를 보내고 있습니다. 속박에서 벗어나는 해방의 에너지의 에너지가 업무에 활력을 불어넣는 시기입니다. 그동안 준비해온 것들이 빛을 발할 때이며, 적극적으로 의견을 내고 기회를 잡아야 합니다. 동료와의 협력도 좋은 결과를 낳는 시기이므로 열린 마음으로 소통해보세요. 꾸준한 노력이 분명한 성과로 이어지는 흐름이 형성되고 있습니다."
악마,직장,역방향,악마 카드가 직장에서 역방향으로 나타났습니다. 집착과 중독에서의 탈출 어려움의 에너지가 발목을 잡고 있을 수 있습니다. 업무에서 예상치 못한 장애물이나 소통 문제가 생길 수 있으니 신중하게 접근하세요. 무리하게 밀어붙이기보다 현재 상황을 점검하고 기반을 다지는 것이 중요합니다. 작은 것부터 꼼꼼히 챙기면 다시 안정을 찾을 수 있습니다.
악마,일반,정방향,악마 카드는 지금 당신의 삶에 속박에서 벗어나는 해방의 에너지의 에너지가 활발히 흐르고 있음을 알려줍니다. 이 흐름을 타고 원하는 방향으로 나아갈 최적의 시기입니다. 지금까지 망설이던 것이 있다면 용기를 내어 실천해보세요. 당신 내면의 힘과 현재의 기운이 잘 맞물려 있어 좋은 결과를 기대할 수 있습니다. 스스로를 믿고 오늘 하루를 충실히 살아가세요.
악마,일반,역방향,악마 카드 역방향은 집착과 중독에서의 탈출 어려움의 에너지가 삶의 흐름에 영향을 미치고 있음을 나타냅니다. 지금 당장 결과가 나오지 않더라도 조급해하지 마세요. 멈춘 것처럼 보이는 이 시간이 사실은 더 단단해지는 준비 기간입니다. 내면을 돌아보고 방향을 재정비하면 곧 다시 좋은 흐름이 찾아올 것입니다.
탑,연애,정방향,탑 카드가 연애에서 정방향으로 나타났습니다. 이 카드는 충격적 변화 속 숨겨진 계시의 에너지를 담고 있습니다. 지금 당신의 감정과 관계에 이 에너지가 긍정적으로 흐르고 있습니다. 상대방과의 관계에서 진심을 표현하고 서로에게 솔직해지는 것이 깊은 연결로 이어질 것입니다. 두려움 없이 마음을 열고 현재의 감정에 충실해보세요. 지금 이 흐름을 믿고 따라가면 아름다운 결실을 맺게 됩니다.
탑,연애,역방향,탑 카드가 역방향으로 나타났습니다. 연애에서 재난 회피와 변화 두려움의 기운이 영향을 미치고 있습니다. 관계에서 무언가 막혀 있거나 소통이 원활하지 않을 수 있습니다. 지금은 상대방을 탓하기보다 자신의 감정과 패턴을 돌아볼 필요가 있습니다. 작은 오해가 쌓이기 전에 솔직한 대화로 풀어가세요. 내면을 정리하면 관계도 자연스럽게 안정을 찾아갑니다.
탑,직장,정방향,"탑 카드가 직장·커리어에서 긍정적인 신호를 보내고 있습니다. 충격적 변화 속 숨겨진 계시의 에너지가 업무에 활력을 불어넣는 시기입니다. 그동안 준비해온 것들이 빛을 발할 때이며, 적극적으로 의견을 내고 기회를 잡아야 합니다. 동료와의 협력도 좋은 결과를 낳는 시기이므로 열린 마음으로 소통해보세요. 꾸준한 노력이 분명한 성과로 이어지는 흐름이 형성되고 있습니다."
탑,직장,역방향,탑 카드가 직장에서 역방향으로 나타났습니다. 재난 회피와 변화 두려움의 에너지가 발목을 잡고 있을 수 있습니다. 업무에서 예상치 못한 장애물이나 소통 문제가 생길 수 있으니 신중하게 접근하세요. 무리하게 밀어붙이기보다 현재 상황을 점검하고 기반을 다지는 것이 중요합니다. 작은 것부터 꼼꼼히 챙기면 다시 안정을 찾을 수 있습니다.
탑,일반,정방향,탑 카드는 지금 당신의 삶에 충격적 변화 속 숨겨진 계시의 에너지가 활발히 흐르고 있음을 알려줍니다. 이 흐름을 타고 원하는 방향으로 나아갈 최적의 시기입니다. 지금까지 망설이던 것이 있다면 용기를 내어 실천해보세요. 당신 내면의 힘과 현재의 기운이 잘 맞물려 있어 좋은 결과를 기대할 수 있습니다. 스스로를 믿고 오늘 하루를 충실히 살아가세요.
탑,일반,역방향,탑 카드 역방향은 재난 회피와 변화 두려움의 에너지가 삶의 흐름에 영향을 미치고 있음을 나타냅니다. 지금 당장 결과가 나오지 않더라도 조급해하지 마세요. 멈춘 것처럼 보이는 이 시간이 사실은 더 단단해지는 준비 기간입니다. 내면을 돌아보고 방향을 재정비하면 곧 다시 좋은 흐름이 찾아올 것입니다.
별,연애,정방향,별 카드가 연애에서 정방향으로 나타났습니다. 이 카드는 밝은 희망과 치유의 빛의 에너지를 담고 있습니다. 지금 당신의 감정과 관계에 이 에너지가 긍정적으로 흐르고 있습니다. 상대방과의 관계에서 진심을 표현하고 서로에게 솔직해지는 것이 깊은 연결로 이어질 것입니다. 두려움 없이 마음을 열고 현재의 감정에 충실해보세요. 지금 이 흐름을 믿고 따라가면 아름다운 결실을 맺게 됩니다.
별,연애,역방향,별 카드가 역방향으로 나타났습니다. 연애에서 절망과 낙심의 에너지의 기운이 영향을 미치고 있습니다. 관계에서 무언가 막혀 있거나 소통이 원활하지 않을 수 있습니다. 지금은 상대방을 탓하기보다 자신의 감정과 패턴을 돌아볼 필요가 있습니다. 작은 오해가 쌓이기 전에 솔직한 대화로 풀어가세요. 내면을 정리하면 관계도 자연스럽게 안정을 찾아갑니다.
별,직장,정방향,"별 카드가 직장·커리어에서 긍정적인 신호를 보내고 있습니다. 밝은 희망과 치유의 빛의 에너지가 업무에 활력을 불어넣는 시기입니다. 그동안 준비해온 것들이 빛을 발할 때이며, 적극적으로 의견을 내고 기회를 잡아야 합니다. 동료와의 협력도 좋은 결과를 낳는 시기이므로 열린 마음으로 소통해보세요. 꾸준한 노력이 분명한 성과로 이어지는 흐름이 형성되고 있습니다."
별,직장,역방향,별 카드가 직장에서 역방향으로 나타났습니다. 절망과 낙심의 에너지의 에너지가 발목을 잡고 있을 수 있습니다. 업무에서 예상치 못한 장애물이나 소통 문제가 생길 수 있으니 신중하게 접근하세요. 무리하게 밀어붙이기보다 현재 상황을 점검하고 기반을 다지는 것이 중요합니다. 작은 것부터 꼼꼼히 챙기면 다시 안정을 찾을 수 있습니다.
별,일반,정방향,별 카드는 지금 당신의 삶에 밝은 희망과 치유의 빛의 에너지가 활발히 흐르고 있음을 알려줍니다. 이 흐름을 타고 원하는 방향으로 나아갈 최적의 시기입니다. 지금까지 망설이던 것이 있다면 용기를 내어 실천해보세요. 당신 내면의 힘과 현재의 기운이 잘 맞물려 있어 좋은 결과를 기대할 수 있습니다. 스스로를 믿고 오늘 하루를 충실히 살아가세요.
별,일반,역방향,별 카드 역방향은 절망과 낙심의 에너지의 에너지가 삶의 흐름에 영향을 미치고 있음을 나타냅니다. 지금 당장 결과가 나오지 않더라도 조급해하지 마세요. 멈춘 것처럼 보이는 이 시간이 사실은 더 단단해지는 준비 기간입니다. 내면을 돌아보고 방향을 재정비하면 곧 다시 좋은 흐름이 찾아올 것입니다.
달,연애,정방향,달 카드가 연애에서 정방향으로 나타났습니다. 이 카드는 신비로운 직관과 잠재의식의 에너지를 담고 있습니다. 지금 당신의 감정과 관계에 이 에너지가 긍정적으로 흐르고 있습니다. 상대방과의 관계에서 진심을 표현하고 서로에게 솔직해지는 것이 깊은 연결로 이어질 것입니다. 두려움 없이 마음을 열고 현재의 감정에 충실해보세요. 지금 이 흐름을 믿고 따라가면 아름다운 결실을 맺게 됩니다.
달,연애,역방향,달 카드가 역방향으로 나타났습니다. 연애에서 공포와 억압된 감정의 기운이 영향을 미치고 있습니다. 관계에서 무언가 막혀 있거나 소통이 원활하지 않을 수 있습니다. 지금은 상대방을 탓하기보다 자신의 감정과 패턴을 돌아볼 필요가 있습니다. 작은 오해가 쌓이기 전에 솔직한 대화로 풀어가세요. 내면을 정리하면 관계도 자연스럽게 안정을 찾아갑니다.
달,직장,정방향,"달 카드가 직장·커리어에서 긍정적인 신호를 보내고 있습니다. 신비로운 직관과 잠재의식의 에너지가 업무에 활력을 불어넣는 시기입니다. 그동안 준비해온 것들이 빛을 발할 때이며, 적극적으로 의견을 내고 기회를 잡아야 합니다. 동료와의 협력도 좋은 결과를 낳는 시기이므로 열린 마음으로 소통해보세요. 꾸준한 노력이 분명한 성과로 이어지는 흐름이 형성되고 있습니다."
달,직장,역방향,달 카드가 직장에서 역방향으로 나타났습니다. 공포와 억압된 감정의 에너지가 발목을 잡고 있을 수 있습니다. 업무에서 예상치 못한 장애물이나 소통 문제가 생길 수 있으니 신중하게 접근하세요. 무리하게 밀어붙이기보다 현재 상황을 점검하고 기반을 다지는 것이 중요합니다. 작은 것부터 꼼꼼히 챙기면 다시 안정을 찾을 수 있습니다.
달,일반,정방향,달 카드는 지금 당신의 삶에 신비로운 직관과 잠재의식의 에너지가 활발히 흐르고 있음을 알려줍니다. 이 흐름을 타고 원하는 방향으로 나아갈 최적의 시기입니다. 지금까지 망설이던 것이 있다면 용기를 내어 실천해보세요. 당신 내면의 힘과 현재의 기운이 잘 맞물려 있어 좋은 결과를 기대할 수 있습니다. 스스로를 믿고 오늘 하루를 충실히 살아가세요.
달,일반,역방향,달 카드 역방향은 공포와 억압된 감정의 에너지가 삶의 흐름에 영향을 미치고 있음을 나타냅니다. 지금 당장 결과가 나오지 않더라도 조급해하지 마세요. 멈춘 것처럼 보이는 이 시간이 사실은 더 단단해지는 준비 기간입니다. 내면을 돌아보고 방향을 재정비하면 곧 다시 좋은 흐름이 찾아올 것입니다.
태양,연애,정방향,태양 카드가 연애에서 정방향으로 나타났습니다. 이 카드는 따뜻한 성공과 넘치는 활력의 에너지를 담고 있습니다. 지금 당신의 감정과 관계에 이 에너지가 긍정적으로 흐르고 있습니다. 상대방과의 관계에서 진심을 표현하고 서로에게 솔직해지는 것이 깊은 연결로 이어질 것입니다. 두려움 없이 마음을 열고 현재의 감정에 충실해보세요. 지금 이 흐름을 믿고 따라가면 아름다운 결실을 맺게 됩니다.
태양,연애,역방향,태양 카드가 역방향으로 나타났습니다. 연애에서 과도한 낙관과 자아 과시의 기운이 영향을 미치고 있습니다. 관계에서 무언가 막혀 있거나 소통이 원활하지 않을 수 있습니다. 지금은 상대방을 탓하기보다 자신의 감정과 패턴을 돌아볼 필요가 있습니다. 작은 오해가 쌓이기 전에 솔직한 대화로 풀어가세요. 내면을 정리하면 관계도 자연스럽게 안정을 찾아갑니다.
태양,직장,정방향,"태양 카드가 직장·커리어에서 긍정적인 신호를 보내고 있습니다. 따뜻한 성공과 넘치는 활력의 에너지가 업무에 활력을 불어넣는 시기입니다. 그동안 준비해온 것들이 빛을 발할 때이며, 적극적으로 의견을 내고 기회를 잡아야 합니다. 동료와의 협력도 좋은 결과를 낳는 시기이므로 열린 마음으로 소통해보세요. 꾸준한 노력이 분명한 성과로 이어지는 흐름이 형성되고 있습니다."
태양,직장,역방향,태양 카드가 직장에서 역방향으로 나타났습니다. 과도한 낙관과 자아 과시의 에너지가 발목을 잡고 있을 수 있습니다. 업무에서 예상치 못한 장애물이나 소통 문제가 생길 수 있으니 신중하게 접근하세요. 무리하게 밀어붙이기보다 현재 상황을 점검하고 기반을 다지는 것이 중요합니다. 작은 것부터 꼼꼼히 챙기면 다시 안정을 찾을 수 있습니다.
태양,일반,정방향,태양 카드는 지금 당신의 삶에 따뜻한 성공과 넘치는 활력의 에너지가 활발히 흐르고 있음을 알려줍니다. 이 흐름을 타고 원하는 방향으로 나아갈 최적의 시기입니다. 지금까지 망설이던 것이 있다면 용기를 내어 실천해보세요. 당신 내면의 힘과 현재의 기운이 잘 맞물려 있어 좋은 결과를 기대할 수 있습니다. 스스로를 믿고 오늘 하루를 충실히 살아가세요.
태양,일반,역방향,태양 카드 역방향은 과도한 낙관과 자아 과시의 에너지가 삶의 흐름에 영향을 미치고 있음을 나타냅니다. 지금 당장 결과가 나오지 않더라도 조급해하지 마세요. 멈춘 것처럼 보이는 이 시간이 사실은 더 단단해지는 준비 기간입니다. 내면을 돌아보고 방향을 재정비하면 곧 다시 좋은 흐름이 찾아올 것입니다.
심판,연애,정방향,심판 카드가 연애에서 정방향으로 나타났습니다. 이 카드는 깨달음을 통한 재탄생의 에너지를 담고 있습니다. 지금 당신의 감정과 관계에 이 에너지가 긍정적으로 흐르고 있습니다. 상대방과의 관계에서 진심을 표현하고 서로에게 솔직해지는 것이 깊은 연결로 이어질 것입니다. 두려움 없이 마음을 열고 현재의 감정에 충실해보세요. 지금 이 흐름을 믿고 따라가면 아름다운 결실을 맺게 됩니다.
심판,연애,역방향,심판 카드가 역방향으로 나타났습니다. 연애에서 자기 의심과 내면의 비판의 기운이 영향을 미치고 있습니다. 관계에서 무언가 막혀 있거나 소통이 원활하지 않을 수 있습니다. 지금은 상대방을 탓하기보다 자신의 감정과 패턴을 돌아볼 필요가 있습니다. 작은 오해가 쌓이기 전에 솔직한 대화로 풀어가세요. 내면을 정리하면 관계도 자연스럽게 안정을 찾아갑니다.
심판,직장,정방향,"심판 카드가 직장·커리어에서 긍정적인 신호를 보내고 있습니다. 깨달음을 통한 재탄생의 에너지가 업무에 활력을 불어넣는 시기입니다. 그동안 준비해온 것들이 빛을 발할 때이며, 적극적으로 의견을 내고 기회를 잡아야 합니다. 동료와의 협력도 좋은 결과를 낳는 시기이므로 열린 마음으로 소통해보세요. 꾸준한 노력이 분명한 성과로 이어지는 흐름이 형성되고 있습니다."
심판,직장,역방향,심판 카드가 직장에서 역방향으로 나타났습니다. 자기 의심과 내면의 비판의 에너지가 발목을 잡고 있을 수 있습니다. 업무에서 예상치 못한 장애물이나 소통 문제가 생길 수 있으니 신중하게 접근하세요. 무리하게 밀어붙이기보다 현재 상황을 점검하고 기반을 다지는 것이 중요합니다. 작은 것부터 꼼꼼히 챙기면 다시 안정을 찾을 수 있습니다.
심판,일반,정방향,심판 카드는 지금 당신의 삶에 깨달음을 통한 재탄생의 에너지가 활발히 흐르고 있음을 알려줍니다. 이 흐름을 타고 원하는 방향으로 나아갈 최적의 시기입니다. 지금까지 망설이던 것이 있다면 용기를 내어 실천해보세요. 당신 내면의 힘과 현재의 기운이 잘 맞물려 있어 좋은 결과를 기대할 수 있습니다. 스스로를 믿고 오늘 하루를 충실히 살아가세요.
심판,일반,역방향,심판 카드 역방향은 자기 의심과 내면의 비판의 에너지가 삶의 흐름에 영향을 미치고 있음을 나타냅니다. 지금 당장 결과가 나오지 않더라도 조급해하지 마세요. 멈춘 것처럼 보이는 이 시간이 사실은 더 단단해지는 준비 기간입니다. 내면을 돌아보고 방향을 재정비하면 곧 다시 좋은 흐름이 찾아올 것입니다.
세계,연애,정방향,세계 카드가 연애에서 정방향으로 나타났습니다. 이 카드는 완전한 완성과 풍요로운 성취의 에너지를 담고 있습니다. 지금 당신의 감정과 관계에 이 에너지가 긍정적으로 흐르고 있습니다. 상대방과의 관계에서 진심을 표현하고 서로에게 솔직해지는 것이 깊은 연결로 이어질 것입니다. 두려움 없이 마음을 열고 현재의 감정에 충실해보세요. 지금 이 흐름을 믿고 따라가면 아름다운 결실을 맺게 됩니다.
세계,연애,역방향,세계 카드가 역방향으로 나타났습니다. 연애에서 미완성과 지연된 목표의 기운이 영향을 미치고 있습니다. 관계에서 무언가 막혀 있거나 소통이 원활하지 않을 수 있습니다. 지금은 상대방을 탓하기보다 자신의 감정과 패턴을 돌아볼 필요가 있습니다. 작은 오해가 쌓이기 전에 솔직한 대화로 풀어가세요. 내면을 정리하면 관계도 자연스럽게 안정을 찾아갑니다.
세계,직장,정방향,"세계 카드가 직장·커리어에서 긍정적인 신호를 보내고 있습니다. 완전한 완성과 풍요로운 성취의 에너지가 업무에 활력을 불어넣는 시기입니다. 그동안 준비해온 것들이 빛을 발할 때이며, 적극적으로 의견을 내고 기회를 잡아야 합니다. 동료와의 협력도 좋은 결과를 낳는 시기이므로 열린 마음으로 소통해보세요. 꾸준한 노력이 분명한 성과로 이어지는 흐름이 형성되고 있습니다."
세계,직장,역방향,세계 카드가 직장에서 역방향으로 나타났습니다. 미완성과 지연된 목표의 에너지가 발목을 잡고 있을 수 있습니다. 업무에서 예상치 못한 장애물이나 소통 문제가 생길 수 있으니 신중하게 접근하세요. 무리하게 밀어붙이기보다 현재 상황을 점검하고 기반을 다지는 것이 중요합니다. 작은 것부터 꼼꼼히 챙기면 다시 안정을 찾을 수 있습니다.
세계,일반,정방향,세계 카드는 지금 당신의 삶에 완전한 완성과 풍요로운 성취의 에너지가 활발히 흐르고 있음을 알려줍니다. 이 흐름을 타고 원하는 방향으로 나아갈 최적의 시기입니다. 지금까지 망설이던 것이 있다면 용기를 내어 실천해보세요. 당신 내면의 힘과 현재의 기운이 잘 맞물려 있어 좋은 결과를 기대할 수 있습니다. 스스로를 믿고 오늘 하루를 충실히 살아가세요.
세계,일반,역방향,세계 카드 역방향은 미완성과 지연된 목표의 에너지가 삶의 흐름에 영향을 미치고 있음을 나타냅니다. 지금 당장 결과가 나오지 않더라도 조급해하지 마세요. 멈춘 것처럼 보이는 이 시간이 사실은 더 단단해지는 준비 기간입니다. 내면을 돌아보고 방향을 재정비하면 곧 다시 좋은 흐름이 찾아올 것입니다.
완드 에이스,연애,정방향,완드 에이스 카드가 연애에서 정방향으로 나타났습니다. 이 카드는 창의적 에너지의 폭발적 시작의 에너지를 담고 있습니다. 지금 당신의 감정과 관계에 이 에너지가 긍정적으로 흐르고 있습니다. 상대방과의 관계에서 진심을 표현하고 서로에게 솔직해지는 것이 깊은 연결로 이어질 것입니다. 두려움 없이 마음을 열고 현재의 감정에 충실해보세요. 지금 이 흐름을 믿고 따라가면 아름다운 결실을 맺게 됩니다.
완드 에이스,연애,역방향,완드 에이스 카드가 역방향으로 나타났습니다. 연애에서 열정의 지연과 창의성 차단의 기운이 영향을 미치고 있습니다. 관계에서 무언가 막혀 있거나 소통이 원활하지 않을 수 있습니다. 지금은 상대방을 탓하기보다 자신의 감정과 패턴을 돌아볼 필요가 있습니다. 작은 오해가 쌓이기 전에 솔직한 대화로 풀어가세요. 내면을 정리하면 관계도 자연스럽게 안정을 찾아갑니다.
완드 에이스,직장,정방향,"완드 에이스 카드가 직장·커리어에서 긍정적인 신호를 보내고 있습니다. 창의적 에너지의 폭발적 시작의 에너지가 업무에 활력을 불어넣는 시기입니다. 그동안 준비해온 것들이 빛을 발할 때이며, 적극적으로 의견을 내고 기회를 잡아야 합니다. 동료와의 협력도 좋은 결과를 낳는 시기이므로 열린 마음으로 소통해보세요. 꾸준한 노력이 분명한 성과로 이어지는 흐름이 형성되고 있습니다."
완드 에이스,직장,역방향,완드 에이스 카드가 직장에서 역방향으로 나타났습니다. 열정의 지연과 창의성 차단의 에너지가 발목을 잡고 있을 수 있습니다. 업무에서 예상치 못한 장애물이나 소통 문제가 생길 수 있으니 신중하게 접근하세요. 무리하게 밀어붙이기보다 현재 상황을 점검하고 기반을 다지는 것이 중요합니다. 작은 것부터 꼼꼼히 챙기면 다시 안정을 찾을 수 있습니다.
완드 에이스,일반,정방향,완드 에이스 카드는 지금 당신의 삶에 창의적 에너지의 폭발적 시작의 에너지가 활발히 흐르고 있음을 알려줍니다. 이 흐름을 타고 원하는 방향으로 나아갈 최적의 시기입니다. 지금까지 망설이던 것이 있다면 용기를 내어 실천해보세요. 당신 내면의 힘과 현재의 기운이 잘 맞물려 있어 좋은 결과를 기대할 수 있습니다. 스스로를 믿고 오늘 하루를 충실히 살아가세요.
완드 에이스,일반,역방향,완드 에이스 카드 역방향은 열정의 지연과 창의성 차단의 에너지가 삶의 흐름에 영향을 미치고 있음을 나타냅니다. 지금 당장 결과가 나오지 않더라도 조급해하지 마세요. 멈춘 것처럼 보이는 이 시간이 사실은 더 단단해지는 준비 기간입니다. 내면을 돌아보고 방향을 재정비하면 곧 다시 좋은 흐름이 찾아올 것입니다.
완드 2,연애,정방향,완드 2 카드가 연애에서 정방향으로 나타났습니다. 이 카드는 미래를 향한 계획과 탐험 의지의 에너지를 담고 있습니다. 지금 당신의 감정과 관계에 이 에너지가 긍정적으로 흐르고 있습니다. 상대방과의 관계에서 진심을 표현하고 서로에게 솔직해지는 것이 깊은 연결로 이어질 것입니다. 두려움 없이 마음을 열고 현재의 감정에 충실해보세요. 지금 이 흐름을 믿고 따라가면 아름다운 결실을 맺게 됩니다.
완드 2,연애,역방향,완드 2 카드가 역방향으로 나타났습니다. 연애에서 불확실성과 망설임의 기운이 영향을 미치고 있습니다. 관계에서 무언가 막혀 있거나 소통이 원활하지 않을 수 있습니다. 지금은 상대방을 탓하기보다 자신의 감정과 패턴을 돌아볼 필요가 있습니다. 작은 오해가 쌓이기 전에 솔직한 대화로 풀어가세요. 내면을 정리하면 관계도 자연스럽게 안정을 찾아갑니다.
완드 2,직장,정방향,"완드 2 카드가 직장·커리어에서 긍정적인 신호를 보내고 있습니다. 미래를 향한 계획과 탐험 의지의 에너지가 업무에 활력을 불어넣는 시기입니다. 그동안 준비해온 것들이 빛을 발할 때이며, 적극적으로 의견을 내고 기회를 잡아야 합니다. 동료와의 협력도 좋은 결과를 낳는 시기이므로 열린 마음으로 소통해보세요. 꾸준한 노력이 분명한 성과로 이어지는 흐름이 형성되고 있습니다."
완드 2,직장,역방향,완드 2 카드가 직장에서 역방향으로 나타났습니다. 불확실성과 망설임의 에너지가 발목을 잡고 있을 수 있습니다. 업무에서 예상치 못한 장애물이나 소통 문제가 생길 수 있으니 신중하게 접근하세요. 무리하게 밀어붙이기보다 현재 상황을 점검하고 기반을 다지는 것이 중요합니다. 작은 것부터 꼼꼼히 챙기면 다시 안정을 찾을 수 있습니다.
완드 2,일반,정방향,완드 2 카드는 지금 당신의 삶에 미래를 향한 계획과 탐험 의지의 에너지가 활발히 흐르고 있음을 알려줍니다. 이 흐름을 타고 원하는 방향으로 나아갈 최적의 시기입니다. 지금까지 망설이던 것이 있다면 용기를 내어 실천해보세요. 당신 내면의 힘과 현재의 기운이 잘 맞물려 있어 좋은 결과를 기대할 수 있습니다. 스스로를 믿고 오늘 하루를 충실히 살아가세요.
완드 2,일반,역방향,완드 2 카드 역방향은 불확실성과 망설임의 에너지가 삶의 흐름에 영향을 미치고 있음을 나타냅니다. 지금 당장 결과가 나오지 않더라도 조급해하지 마세요. 멈춘 것처럼 보이는 이 시간이 사실은 더 단단해지는 준비 기간입니다. 내면을 돌아보고 방향을 재정비하면 곧 다시 좋은 흐름이 찾아올 것입니다.
완드 3,연애,정방향,완드 3 카드가 연애에서 정방향으로 나타났습니다. 이 카드는 넓은 시야와 확장의 기회의 에너지를 담고 있습니다. 지금 당신의 감정과 관계에 이 에너지가 긍정적으로 흐르고 있습니다. 상대방과의 관계에서 진심을 표현하고 서로에게 솔직해지는 것이 깊은 연결로 이어질 것입니다. 두려움 없이 마음을 열고 현재의 감정에 충실해보세요. 지금 이 흐름을 믿고 따라가면 아름다운 결실을 맺게 됩니다.
완드 3,연애,역방향,완드 3 카드가 역방향으로 나타났습니다. 연애에서 지연과 협력 부재의 기운이 영향을 미치고 있습니다. 관계에서 무언가 막혀 있거나 소통이 원활하지 않을 수 있습니다. 지금은 상대방을 탓하기보다 자신의 감정과 패턴을 돌아볼 필요가 있습니다. 작은 오해가 쌓이기 전에 솔직한 대화로 풀어가세요. 내면을 정리하면 관계도 자연스럽게 안정을 찾아갑니다.
완드 3,직장,정방향,"완드 3 카드가 직장·커리어에서 긍정적인 신호를 보내고 있습니다. 넓은 시야와 확장의 기회의 에너지가 업무에 활력을 불어넣는 시기입니다. 그동안 준비해온 것들이 빛을 발할 때이며, 적극적으로 의견을 내고 기회를 잡아야 합니다. 동료와의 협력도 좋은 결과를 낳는 시기이므로 열린 마음으로 소통해보세요. 꾸준한 노력이 분명한 성과로 이어지는 흐름이 형성되고 있습니다."
완드 3,직장,역방향,완드 3 카드가 직장에서 역방향으로 나타났습니다. 지연과 협력 부재의 에너지가 발목을 잡고 있을 수 있습니다. 업무에서 예상치 못한 장애물이나 소통 문제가 생길 수 있으니 신중하게 접근하세요. 무리하게 밀어붙이기보다 현재 상황을 점검하고 기반을 다지는 것이 중요합니다. 작은 것부터 꼼꼼히 챙기면 다시 안정을 찾을 수 있습니다.
완드 3,일반,정방향,완드 3 카드는 지금 당신의 삶에 넓은 시야와 확장의 기회의 에너지가 활발히 흐르고 있음을 알려줍니다. 이 흐름을 타고 원하는 방향으로 나아갈 최적의 시기입니다. 지금까지 망설이던 것이 있다면 용기를 내어 실천해보세요. 당신 내면의 힘과 현재의 기운이 잘 맞물려 있어 좋은 결과를 기대할 수 있습니다. 스스로를 믿고 오늘 하루를 충실히 살아가세요.
완드 3,일반,역방향,완드 3 카드 역방향은 지연과 협력 부재의 에너지가 삶의 흐름에 영향을 미치고 있음을 나타냅니다. 지금 당장 결과가 나오지 않더라도 조급해하지 마세요. 멈춘 것처럼 보이는 이 시간이 사실은 더 단단해지는 준비 기간입니다. 내면을 돌아보고 방향을 재정비하면 곧 다시 좋은 흐름이 찾아올 것입니다.
완드 4,연애,정방향,완드 4 카드가 연애에서 정방향으로 나타났습니다. 이 카드는 성취를 축하하는 안정과 조화의 에너지를 담고 있습니다. 지금 당신의 감정과 관계에 이 에너지가 긍정적으로 흐르고 있습니다. 상대방과의 관계에서 진심을 표현하고 서로에게 솔직해지는 것이 깊은 연결로 이어질 것입니다. 두려움 없이 마음을 열고 현재의 감정에 충실해보세요. 지금 이 흐름을 믿고 따라가면 아름다운 결실을 맺게 됩니다.
완드 4,연애,역방향,완드 4 카드가 역방향으로 나타났습니다. 연애에서 불안정과 기반 약화의 기운이 영향을 미치고 있습니다. 관계에서 무언가 막혀 있거나 소통이 원활하지 않을 수 있습니다. 지금은 상대방을 탓하기보다 자신의 감정과 패턴을 돌아볼 필요가 있습니다. 작은 오해가 쌓이기 전에 솔직한 대화로 풀어가세요. 내면을 정리하면 관계도 자연스럽게 안정을 찾아갑니다.
완드 4,직장,정방향,"완드 4 카드가 직장·커리어에서 긍정적인 신호를 보내고 있습니다. 성취를 축하하는 안정과 조화의 에너지가 업무에 활력을 불어넣는 시기입니다. 그동안 준비해온 것들이 빛을 발할 때이며, 적극적으로 의견을 내고 기회를 잡아야 합니다. 동료와의 협력도 좋은 결과를 낳는 시기이므로 열린 마음으로 소통해보세요. 꾸준한 노력이 분명한 성과로 이어지는 흐름이 형성되고 있습니다."
완드 4,직장,역방향,완드 4 카드가 직장에서 역방향으로 나타났습니다. 불안정과 기반 약화의 에너지가 발목을 잡고 있을 수 있습니다. 업무에서 예상치 못한 장애물이나 소통 문제가 생길 수 있으니 신중하게 접근하세요. 무리하게 밀어붙이기보다 현재 상황을 점검하고 기반을 다지는 것이 중요합니다. 작은 것부터 꼼꼼히 챙기면 다시 안정을 찾을 수 있습니다.
완드 4,일반,정방향,완드 4 카드는 지금 당신의 삶에 성취를 축하하는 안정과 조화의 에너지가 활발히 흐르고 있음을 알려줍니다. 이 흐름을 타고 원하는 방향으로 나아갈 최적의 시기입니다. 지금까지 망설이던 것이 있다면 용기를 내어 실천해보세요. 당신 내면의 힘과 현재의 기운이 잘 맞물려 있어 좋은 결과를 기대할 수 있습니다. 스스로를 믿고 오늘 하루를 충실히 살아가세요.
완드 4,일반,역방향,완드 4 카드 역방향은 불안정과 기반 약화의 에너지가 삶의 흐름에 영향을 미치고 있음을 나타냅니다. 지금 당장 결과가 나오지 않더라도 조급해하지 마세요. 멈춘 것처럼 보이는 이 시간이 사실은 더 단단해지는 준비 기간입니다. 내면을 돌아보고 방향을 재정비하면 곧 다시 좋은 흐름이 찾아올 것입니다.
완드 5,연애,정방향,완드 5 카드가 연애에서 정방향으로 나타났습니다. 이 카드는 성장을 위한 건설적 갈등의 에너지를 담고 있습니다. 지금 당신의 감정과 관계에 이 에너지가 긍정적으로 흐르고 있습니다. 상대방과의 관계에서 진심을 표현하고 서로에게 솔직해지는 것이 깊은 연결로 이어질 것입니다. 두려움 없이 마음을 열고 현재의 감정에 충실해보세요. 지금 이 흐름을 믿고 따라가면 아름다운 결실을 맺게 됩니다.
완드 5,연애,역방향,완드 5 카드가 역방향으로 나타났습니다. 연애에서 충돌 회피와 내부 갈등의 기운이 영향을 미치고 있습니다. 관계에서 무언가 막혀 있거나 소통이 원활하지 않을 수 있습니다. 지금은 상대방을 탓하기보다 자신의 감정과 패턴을 돌아볼 필요가 있습니다. 작은 오해가 쌓이기 전에 솔직한 대화로 풀어가세요. 내면을 정리하면 관계도 자연스럽게 안정을 찾아갑니다.
완드 5,직장,정방향,"완드 5 카드가 직장·커리어에서 긍정적인 신호를 보내고 있습니다. 성장을 위한 건설적 갈등의 에너지가 업무에 활력을 불어넣는 시기입니다. 그동안 준비해온 것들이 빛을 발할 때이며, 적극적으로 의견을 내고 기회를 잡아야 합니다. 동료와의 협력도 좋은 결과를 낳는 시기이므로 열린 마음으로 소통해보세요. 꾸준한 노력이 분명한 성과로 이어지는 흐름이 형성되고 있습니다."
완드 5,직장,역방향,완드 5 카드가 직장에서 역방향으로 나타났습니다. 충돌 회피와 내부 갈등의 에너지가 발목을 잡고 있을 수 있습니다. 업무에서 예상치 못한 장애물이나 소통 문제가 생길 수 있으니 신중하게 접근하세요. 무리하게 밀어붙이기보다 현재 상황을 점검하고 기반을 다지는 것이 중요합니다. 작은 것부터 꼼꼼히 챙기면 다시 안정을 찾을 수 있습니다.
완드 5,일반,정방향,완드 5 카드는 지금 당신의 삶에 성장을 위한 건설적 갈등의 에너지가 활발히 흐르고 있음을 알려줍니다. 이 흐름을 타고 원하는 방향으로 나아갈 최적의 시기입니다. 지금까지 망설이던 것이 있다면 용기를 내어 실천해보세요. 당신 내면의 힘과 현재의 기운이 잘 맞물려 있어 좋은 결과를 기대할 수 있습니다. 스스로를 믿고 오늘 하루를 충실히 살아가세요.
완드 5,일반,역방향,완드 5 카드 역방향은 충돌 회피와 내부 갈등의 에너지가 삶의 흐름에 영향을 미치고 있음을 나타냅니다. 지금 당장 결과가 나오지 않더라도 조급해하지 마세요. 멈춘 것처럼 보이는 이 시간이 사실은 더 단단해지는 준비 기간입니다. 내면을 돌아보고 방향을 재정비하면 곧 다시 좋은 흐름이 찾아올 것입니다.
완드 6,연애,정방향,완드 6 카드가 연애에서 정방향으로 나타났습니다. 이 카드는 노력이 인정받는 승리의 순간의 에너지를 담고 있습니다. 지금 당신의 감정과 관계에 이 에너지가 긍정적으로 흐르고 있습니다. 상대방과의 관계에서 진심을 표현하고 서로에게 솔직해지는 것이 깊은 연결로 이어질 것입니다. 두려움 없이 마음을 열고 현재의 감정에 충실해보세요. 지금 이 흐름을 믿고 따라가면 아름다운 결실을 맺게 됩니다.
완드 6,연애,역방향,완드 6 카드가 역방향으로 나타났습니다. 연애에서 자만과 실패 인정 어려움의 기운이 영향을 미치고 있습니다. 관계에서 무언가 막혀 있거나 소통이 원활하지 않을 수 있습니다. 지금은 상대방을 탓하기보다 자신의 감정과 패턴을 돌아볼 필요가 있습니다. 작은 오해가 쌓이기 전에 솔직한 대화로 풀어가세요. 내면을 정리하면 관계도 자연스럽게 안정을 찾아갑니다.
완드 6,직장,정방향,"완드 6 카드가 직장·커리어에서 긍정적인 신호를 보내고 있습니다. 노력이 인정받는 승리의 순간의 에너지가 업무에 활력을 불어넣는 시기입니다. 그동안 준비해온 것들이 빛을 발할 때이며, 적극적으로 의견을 내고 기회를 잡아야 합니다. 동료와의 협력도 좋은 결과를 낳는 시기이므로 열린 마음으로 소통해보세요. 꾸준한 노력이 분명한 성과로 이어지는 흐름이 형성되고 있습니다."
완드 6,직장,역방향,완드 6 카드가 직장에서 역방향으로 나타났습니다. 자만과 실패 인정 어려움의 에너지가 발목을 잡고 있을 수 있습니다. 업무에서 예상치 못한 장애물이나 소통 문제가 생길 수 있으니 신중하게 접근하세요. 무리하게 밀어붙이기보다 현재 상황을 점검하고 기반을 다지는 것이 중요합니다. 작은 것부터 꼼꼼히 챙기면 다시 안정을 찾을 수 있습니다.
완드 6,일반,정방향,완드 6 카드는 지금 당신의 삶에 노력이 인정받는 승리의 순간의 에너지가 활발히 흐르고 있음을 알려줍니다. 이 흐름을 타고 원하는 방향으로 나아갈 최적의 시기입니다. 지금까지 망설이던 것이 있다면 용기를 내어 실천해보세요. 당신 내면의 힘과 현재의 기운이 잘 맞물려 있어 좋은 결과를 기대할 수 있습니다. 스스로를 믿고 오늘 하루를 충실히 살아가세요.
완드 6,일반,역방향,완드 6 카드 역방향은 자만과 실패 인정 어려움의 에너지가 삶의 흐름에 영향을 미치고 있음을 나타냅니다. 지금 당장 결과가 나오지 않더라도 조급해하지 마세요. 멈춘 것처럼 보이는 이 시간이 사실은 더 단단해지는 준비 기간입니다. 내면을 돌아보고 방향을 재정비하면 곧 다시 좋은 흐름이 찾아올 것입니다.
완드 7,연애,정방향,완드 7 카드가 연애에서 정방향으로 나타났습니다. 이 카드는 어려움 앞에서도 굳건한 방어의 에너지를 담고 있습니다. 지금 당신의 감정과 관계에 이 에너지가 긍정적으로 흐르고 있습니다. 상대방과의 관계에서 진심을 표현하고 서로에게 솔직해지는 것이 깊은 연결로 이어질 것입니다. 두려움 없이 마음을 열고 현재의 감정에 충실해보세요. 지금 이 흐름을 믿고 따라가면 아름다운 결실을 맺게 됩니다.
완드 7,연애,역방향,완드 7 카드가 역방향으로 나타났습니다. 연애에서 우유부단과 압도감의 기운이 영향을 미치고 있습니다. 관계에서 무언가 막혀 있거나 소통이 원활하지 않을 수 있습니다. 지금은 상대방을 탓하기보다 자신의 감정과 패턴을 돌아볼 필요가 있습니다. 작은 오해가 쌓이기 전에 솔직한 대화로 풀어가세요. 내면을 정리하면 관계도 자연스럽게 안정을 찾아갑니다.
완드 7,직장,정방향,"완드 7 카드가 직장·커리어에서 긍정적인 신호를 보내고 있습니다. 어려움 앞에서도 굳건한 방어의 에너지가 업무에 활력을 불어넣는 시기입니다. 그동안 준비해온 것들이 빛을 발할 때이며, 적극적으로 의견을 내고 기회를 잡아야 합니다. 동료와의 협력도 좋은 결과를 낳는 시기이므로 열린 마음으로 소통해보세요. 꾸준한 노력이 분명한 성과로 이어지는 흐름이 형성되고 있습니다."
완드 7,직장,역방향,완드 7 카드가 직장에서 역방향으로 나타났습니다. 우유부단과 압도감의 에너지가 발목을 잡고 있을 수 있습니다. 업무에서 예상치 못한 장애물이나 소통 문제가 생길 수 있으니 신중하게 접근하세요. 무리하게 밀어붙이기보다 현재 상황을 점검하고 기반을 다지는 것이 중요합니다. 작은 것부터 꼼꼼히 챙기면 다시 안정을 찾을 수 있습니다.
완드 7,일반,정방향,완드 7 카드는 지금 당신의 삶에 어려움 앞에서도 굳건한 방어의 에너지가 활발히 흐르고 있음을 알려줍니다. 이 흐름을 타고 원하는 방향으로 나아갈 최적의 시기입니다. 지금까지 망설이던 것이 있다면 용기를 내어 실천해보세요. 당신 내면의 힘과 현재의 기운이 잘 맞물려 있어 좋은 결과를 기대할 수 있습니다. 스스로를 믿고 오늘 하루를 충실히 살아가세요.
완드 7,일반,역방향,완드 7 카드 역방향은 우유부단과 압도감의 에너지가 삶의 흐름에 영향을 미치고 있음을 나타냅니다. 지금 당장 결과가 나오지 않더라도 조급해하지 마세요. 멈춘 것처럼 보이는 이 시간이 사실은 더 단단해지는 준비 기간입니다. 내면을 돌아보고 방향을 재정비하면 곧 다시 좋은 흐름이 찾아올 것입니다.
완드 8,연애,정방향,완드 8 카드가 연애에서 정방향으로 나타났습니다. 이 카드는 빠르게 전개되는 변화의 흐름의 에너지를 담고 있습니다. 지금 당신의 감정과 관계에 이 에너지가 긍정적으로 흐르고 있습니다. 상대방과의 관계에서 진심을 표현하고 서로에게 솔직해지는 것이 깊은 연결로 이어질 것입니다. 두려움 없이 마음을 열고 현재의 감정에 충실해보세요. 지금 이 흐름을 믿고 따라가면 아름다운 결실을 맺게 됩니다.
완드 8,연애,역방향,완드 8 카드가 역방향으로 나타났습니다. 연애에서 지연과 잘못된 방향의 기운이 영향을 미치고 있습니다. 관계에서 무언가 막혀 있거나 소통이 원활하지 않을 수 있습니다. 지금은 상대방을 탓하기보다 자신의 감정과 패턴을 돌아볼 필요가 있습니다. 작은 오해가 쌓이기 전에 솔직한 대화로 풀어가세요. 내면을 정리하면 관계도 자연스럽게 안정을 찾아갑니다.
완드 8,직장,정방향,"완드 8 카드가 직장·커리어에서 긍정적인 신호를 보내고 있습니다. 빠르게 전개되는 변화의 흐름의 에너지가 업무에 활력을 불어넣는 시기입니다. 그동안 준비해온 것들이 빛을 발할 때이며, 적극적으로 의견을 내고 기회를 잡아야 합니다. 동료와의 협력도 좋은 결과를 낳는 시기이므로 열린 마음으로 소통해보세요. 꾸준한 노력이 분명한 성과로 이어지는 흐름이 형성되고 있습니다."
완드 8,직장,역방향,완드 8 카드가 직장에서 역방향으로 나타났습니다. 지연과 잘못된 방향의 에너지가 발목을 잡고 있을 수 있습니다. 업무에서 예상치 못한 장애물이나 소통 문제가 생길 수 있으니 신중하게 접근하세요. 무리하게 밀어붙이기보다 현재 상황을 점검하고 기반을 다지는 것이 중요합니다. 작은 것부터 꼼꼼히 챙기면 다시 안정을 찾을 수 있습니다.
완드 8,일반,정방향,완드 8 카드는 지금 당신의 삶에 빠르게 전개되는 변화의 흐름의 에너지가 활발히 흐르고 있음을 알려줍니다. 이 흐름을 타고 원하는 방향으로 나아갈 최적의 시기입니다. 지금까지 망설이던 것이 있다면 용기를 내어 실천해보세요. 당신 내면의 힘과 현재의 기운이 잘 맞물려 있어 좋은 결과를 기대할 수 있습니다. 스스로를 믿고 오늘 하루를 충실히 살아가세요.
완드 8,일반,역방향,완드 8 카드 역방향은 지연과 잘못된 방향의 에너지가 삶의 흐름에 영향을 미치고 있음을 나타냅니다. 지금 당장 결과가 나오지 않더라도 조급해하지 마세요. 멈춘 것처럼 보이는 이 시간이 사실은 더 단단해지는 준비 기간입니다. 내면을 돌아보고 방향을 재정비하면 곧 다시 좋은 흐름이 찾아올 것입니다.
완드 9,연애,정방향,완드 9 카드가 연애에서 정방향으로 나타났습니다. 이 카드는 끝까지 포기하지 않는 인내의 에너지를 담고 있습니다. 지금 당신의 감정과 관계에 이 에너지가 긍정적으로 흐르고 있습니다. 상대방과의 관계에서 진심을 표현하고 서로에게 솔직해지는 것이 깊은 연결로 이어질 것입니다. 두려움 없이 마음을 열고 현재의 감정에 충실해보세요. 지금 이 흐름을 믿고 따라가면 아름다운 결실을 맺게 됩니다.
완드 9,연애,역방향,완드 9 카드가 역방향으로 나타났습니다. 연애에서 피로와 방어적 경직의 기운이 영향을 미치고 있습니다. 관계에서 무언가 막혀 있거나 소통이 원활하지 않을 수 있습니다. 지금은 상대방을 탓하기보다 자신의 감정과 패턴을 돌아볼 필요가 있습니다. 작은 오해가 쌓이기 전에 솔직한 대화로 풀어가세요. 내면을 정리하면 관계도 자연스럽게 안정을 찾아갑니다.
완드 9,직장,정방향,"완드 9 카드가 직장·커리어에서 긍정적인 신호를 보내고 있습니다. 끝까지 포기하지 않는 인내의 에너지가 업무에 활력을 불어넣는 시기입니다. 그동안 준비해온 것들이 빛을 발할 때이며, 적극적으로 의견을 내고 기회를 잡아야 합니다. 동료와의 협력도 좋은 결과를 낳는 시기이므로 열린 마음으로 소통해보세요. 꾸준한 노력이 분명한 성과로 이어지는 흐름이 형성되고 있습니다."
완드 9,직장,역방향,완드 9 카드가 직장에서 역방향으로 나타났습니다. 피로와 방어적 경직의 에너지가 발목을 잡고 있을 수 있습니다. 업무에서 예상치 못한 장애물이나 소통 문제가 생길 수 있으니 신중하게 접근하세요. 무리하게 밀어붙이기보다 현재 상황을 점검하고 기반을 다지는 것이 중요합니다. 작은 것부터 꼼꼼히 챙기면 다시 안정을 찾을 수 있습니다.
완드 9,일반,정방향,완드 9 카드는 지금 당신의 삶에 끝까지 포기하지 않는 인내의 에너지가 활발히 흐르고 있음을 알려줍니다. 이 흐름을 타고 원하는 방향으로 나아갈 최적의 시기입니다. 지금까지 망설이던 것이 있다면 용기를 내어 실천해보세요. 당신 내면의 힘과 현재의 기운이 잘 맞물려 있어 좋은 결과를 기대할 수 있습니다. 스스로를 믿고 오늘 하루를 충실히 살아가세요.
완드 9,일반,역방향,완드 9 카드 역방향은 피로와 방어적 경직의 에너지가 삶의 흐름에 영향을 미치고 있음을 나타냅니다. 지금 당장 결과가 나오지 않더라도 조급해하지 마세요. 멈춘 것처럼 보이는 이 시간이 사실은 더 단단해지는 준비 기간입니다. 내면을 돌아보고 방향을 재정비하면 곧 다시 좋은 흐름이 찾아올 것입니다.
완드 10,연애,정방향,완드 10 카드가 연애에서 정방향으로 나타났습니다. 이 카드는 무거운 책임감 속의 완성의 에너지를 담고 있습니다. 지금 당신의 감정과 관계에 이 에너지가 긍정적으로 흐르고 있습니다. 상대방과의 관계에서 진심을 표현하고 서로에게 솔직해지는 것이 깊은 연결로 이어질 것입니다. 두려움 없이 마음을 열고 현재의 감정에 충실해보세요. 지금 이 흐름을 믿고 따라가면 아름다운 결실을 맺게 됩니다.
완드 10,연애,역방향,완드 10 카드가 역방향으로 나타났습니다. 연애에서 탈진과 역할 위임 필요의 기운이 영향을 미치고 있습니다. 관계에서 무언가 막혀 있거나 소통이 원활하지 않을 수 있습니다. 지금은 상대방을 탓하기보다 자신의 감정과 패턴을 돌아볼 필요가 있습니다. 작은 오해가 쌓이기 전에 솔직한 대화로 풀어가세요. 내면을 정리하면 관계도 자연스럽게 안정을 찾아갑니다.
완드 10,직장,정방향,"완드 10 카드가 직장·커리어에서 긍정적인 신호를 보내고 있습니다. 무거운 책임감 속의 완성의 에너지가 업무에 활력을 불어넣는 시기입니다. 그동안 준비해온 것들이 빛을 발할 때이며, 적극적으로 의견을 내고 기회를 잡아야 합니다. 동료와의 협력도 좋은 결과를 낳는 시기이므로 열린 마음으로 소통해보세요. 꾸준한 노력이 분명한 성과로 이어지는 흐름이 형성되고 있습니다."
완드 10,직장,역방향,완드 10 카드가 직장에서 역방향으로 나타났습니다. 탈진과 역할 위임 필요의 에너지가 발목을 잡고 있을 수 있습니다. 업무에서 예상치 못한 장애물이나 소통 문제가 생길 수 있으니 신중하게 접근하세요. 무리하게 밀어붙이기보다 현재 상황을 점검하고 기반을 다지는 것이 중요합니다. 작은 것부터 꼼꼼히 챙기면 다시 안정을 찾을 수 있습니다.
완드 10,일반,정방향,완드 10 카드는 지금 당신의 삶에 무거운 책임감 속의 완성의 에너지가 활발히 흐르고 있음을 알려줍니다. 이 흐름을 타고 원하는 방향으로 나아갈 최적의 시기입니다. 지금까지 망설이던 것이 있다면 용기를 내어 실천해보세요. 당신 내면의 힘과 현재의 기운이 잘 맞물려 있어 좋은 결과를 기대할 수 있습니다. 스스로를 믿고 오늘 하루를 충실히 살아가세요.
완드 10,일반,역방향,완드 10 카드 역방향은 탈진과 역할 위임 필요의 에너지가 삶의 흐름에 영향을 미치고 있음을 나타냅니다. 지금 당장 결과가 나오지 않더라도 조급해하지 마세요. 멈춘 것처럼 보이는 이 시간이 사실은 더 단단해지는 준비 기간입니다. 내면을 돌아보고 방향을 재정비하면 곧 다시 좋은 흐름이 찾아올 것입니다.
완드 시종,연애,정방향,완드 시종 카드가 연애에서 정방향으로 나타났습니다. 이 카드는 새로운 것에 대한 순수한 열정의 에너지를 담고 있습니다. 지금 당신의 감정과 관계에 이 에너지가 긍정적으로 흐르고 있습니다. 상대방과의 관계에서 진심을 표현하고 서로에게 솔직해지는 것이 깊은 연결로 이어질 것입니다. 두려움 없이 마음을 열고 현재의 감정에 충실해보세요. 지금 이 흐름을 믿고 따라가면 아름다운 결실을 맺게 됩니다.
완드 시종,연애,역방향,완드 시종 카드가 역방향으로 나타났습니다. 연애에서 아이디어 없음과 좌절의 기운이 영향을 미치고 있습니다. 관계에서 무언가 막혀 있거나 소통이 원활하지 않을 수 있습니다. 지금은 상대방을 탓하기보다 자신의 감정과 패턴을 돌아볼 필요가 있습니다. 작은 오해가 쌓이기 전에 솔직한 대화로 풀어가세요. 내면을 정리하면 관계도 자연스럽게 안정을 찾아갑니다.
완드 시종,직장,정방향,"완드 시종 카드가 직장·커리어에서 긍정적인 신호를 보내고 있습니다. 새로운 것에 대한 순수한 열정의 에너지가 업무에 활력을 불어넣는 시기입니다. 그동안 준비해온 것들이 빛을 발할 때이며, 적극적으로 의견을 내고 기회를 잡아야 합니다. 동료와의 협력도 좋은 결과를 낳는 시기이므로 열린 마음으로 소통해보세요. 꾸준한 노력이 분명한 성과로 이어지는 흐름이 형성되고 있습니다."
완드 시종,직장,역방향,완드 시종 카드가 직장에서 역방향으로 나타났습니다. 아이디어 없음과 좌절의 에너지가 발목을 잡고 있을 수 있습니다. 업무에서 예상치 못한 장애물이나 소통 문제가 생길 수 있으니 신중하게 접근하세요. 무리하게 밀어붙이기보다 현재 상황을 점검하고 기반을 다지는 것이 중요합니다. 작은 것부터 꼼꼼히 챙기면 다시 안정을 찾을 수 있습니다.
완드 시종,일반,정방향,완드 시종 카드는 지금 당신의 삶에 새로운 것에 대한 순수한 열정의 에너지가 활발히 흐르고 있음을 알려줍니다. 이 흐름을 타고 원하는 방향으로 나아갈 최적의 시기입니다. 지금까지 망설이던 것이 있다면 용기를 내어 실천해보세요. 당신 내면의 힘과 현재의 기운이 잘 맞물려 있어 좋은 결과를 기대할 수 있습니다. 스스로를 믿고 오늘 하루를 충실히 살아가세요.
완드 시종,일반,역방향,완드 시종 카드 역방향은 아이디어 없음과 좌절의 에너지가 삶의 흐름에 영향을 미치고 있음을 나타냅니다. 지금 당장 결과가 나오지 않더라도 조급해하지 마세요. 멈춘 것처럼 보이는 이 시간이 사실은 더 단단해지는 준비 기간입니다. 내면을 돌아보고 방향을 재정비하면 곧 다시 좋은 흐름이 찾아올 것입니다.
완드 기사,연애,정방향,완드 기사 카드가 연애에서 정방향으로 나타났습니다. 이 카드는 열정적이고 빠른 행동력의 에너지를 담고 있습니다. 지금 당신의 감정과 관계에 이 에너지가 긍정적으로 흐르고 있습니다. 상대방과의 관계에서 진심을 표현하고 서로에게 솔직해지는 것이 깊은 연결로 이어질 것입니다. 두려움 없이 마음을 열고 현재의 감정에 충실해보세요. 지금 이 흐름을 믿고 따라가면 아름다운 결실을 맺게 됩니다.
완드 기사,연애,역방향,완드 기사 카드가 역방향으로 나타났습니다. 연애에서 충동적 위험과 조급함의 기운이 영향을 미치고 있습니다. 관계에서 무언가 막혀 있거나 소통이 원활하지 않을 수 있습니다. 지금은 상대방을 탓하기보다 자신의 감정과 패턴을 돌아볼 필요가 있습니다. 작은 오해가 쌓이기 전에 솔직한 대화로 풀어가세요. 내면을 정리하면 관계도 자연스럽게 안정을 찾아갑니다.
완드 기사,직장,정방향,"완드 기사 카드가 직장·커리어에서 긍정적인 신호를 보내고 있습니다. 열정적이고 빠른 행동력의 에너지가 업무에 활력을 불어넣는 시기입니다. 그동안 준비해온 것들이 빛을 발할 때이며, 적극적으로 의견을 내고 기회를 잡아야 합니다. 동료와의 협력도 좋은 결과를 낳는 시기이므로 열린 마음으로 소통해보세요. 꾸준한 노력이 분명한 성과로 이어지는 흐름이 형성되고 있습니다."
완드 기사,직장,역방향,완드 기사 카드가 직장에서 역방향으로 나타났습니다. 충동적 위험과 조급함의 에너지가 발목을 잡고 있을 수 있습니다. 업무에서 예상치 못한 장애물이나 소통 문제가 생길 수 있으니 신중하게 접근하세요. 무리하게 밀어붙이기보다 현재 상황을 점검하고 기반을 다지는 것이 중요합니다. 작은 것부터 꼼꼼히 챙기면 다시 안정을 찾을 수 있습니다.
완드 기사,일반,정방향,완드 기사 카드는 지금 당신의 삶에 열정적이고 빠른 행동력의 에너지가 활발히 흐르고 있음을 알려줍니다. 이 흐름을 타고 원하는 방향으로 나아갈 최적의 시기입니다. 지금까지 망설이던 것이 있다면 용기를 내어 실천해보세요. 당신 내면의 힘과 현재의 기운이 잘 맞물려 있어 좋은 결과를 기대할 수 있습니다. 스스로를 믿고 오늘 하루를 충실히 살아가세요.
완드 기사,일반,역방향,완드 기사 카드 역방향은 충동적 위험과 조급함의 에너지가 삶의 흐름에 영향을 미치고 있음을 나타냅니다. 지금 당장 결과가 나오지 않더라도 조급해하지 마세요. 멈춘 것처럼 보이는 이 시간이 사실은 더 단단해지는 준비 기간입니다. 내면을 돌아보고 방향을 재정비하면 곧 다시 좋은 흐름이 찾아올 것입니다.
완드 여왕,연애,정방향,완드 여왕 카드가 연애에서 정방향으로 나타났습니다. 이 카드는 당당한 자신감과 독립적 에너지의 에너지를 담고 있습니다. 지금 당신의 감정과 관계에 이 에너지가 긍정적으로 흐르고 있습니다. 상대방과의 관계에서 진심을 표현하고 서로에게 솔직해지는 것이 깊은 연결로 이어질 것입니다. 두려움 없이 마음을 열고 현재의 감정에 충실해보세요. 지금 이 흐름을 믿고 따라가면 아름다운 결실을 맺게 됩니다.
완드 여왕,연애,역방향,완드 여왕 카드가 역방향으로 나타났습니다. 연애에서 자기 비판과 질투심의 기운이 영향을 미치고 있습니다. 관계에서 무언가 막혀 있거나 소통이 원활하지 않을 수 있습니다. 지금은 상대방을 탓하기보다 자신의 감정과 패턴을 돌아볼 필요가 있습니다. 작은 오해가 쌓이기 전에 솔직한 대화로 풀어가세요. 내면을 정리하면 관계도 자연스럽게 안정을 찾아갑니다.
완드 여왕,직장,정방향,"완드 여왕 카드가 직장·커리어에서 긍정적인 신호를 보내고 있습니다. 당당한 자신감과 독립적 에너지의 에너지가 업무에 활력을 불어넣는 시기입니다. 그동안 준비해온 것들이 빛을 발할 때이며, 적극적으로 의견을 내고 기회를 잡아야 합니다. 동료와의 협력도 좋은 결과를 낳는 시기이므로 열린 마음으로 소통해보세요. 꾸준한 노력이 분명한 성과로 이어지는 흐름이 형성되고 있습니다."
완드 여왕,직장,역방향,완드 여왕 카드가 직장에서 역방향으로 나타났습니다. 자기 비판과 질투심의 에너지가 발목을 잡고 있을 수 있습니다. 업무에서 예상치 못한 장애물이나 소통 문제가 생길 수 있으니 신중하게 접근하세요. 무리하게 밀어붙이기보다 현재 상황을 점검하고 기반을 다지는 것이 중요합니다. 작은 것부터 꼼꼼히 챙기면 다시 안정을 찾을 수 있습니다.
완드 여왕,일반,정방향,완드 여왕 카드는 지금 당신의 삶에 당당한 자신감과 독립적 에너지의 에너지가 활발히 흐르고 있음을 알려줍니다. 이 흐름을 타고 원하는 방향으로 나아갈 최적의 시기입니다. 지금까지 망설이던 것이 있다면 용기를 내어 실천해보세요. 당신 내면의 힘과 현재의 기운이 잘 맞물려 있어 좋은 결과를 기대할 수 있습니다. 스스로를 믿고 오늘 하루를 충실히 살아가세요.
완드 여왕,일반,역방향,완드 여왕 카드 역방향은 자기 비판과 질투심의 에너지가 삶의 흐름에 영향을 미치고 있음을 나타냅니다. 지금 당장 결과가 나오지 않더라도 조급해하지 마세요. 멈춘 것처럼 보이는 이 시간이 사실은 더 단단해지는 준비 기간입니다. 내면을 돌아보고 방향을 재정비하면 곧 다시 좋은 흐름이 찾아올 것입니다.
완드 왕,연애,정방향,완드 왕 카드가 연애에서 정방향으로 나타났습니다. 이 카드는 비전 있는 리더십과 기업가 정신의 에너지를 담고 있습니다. 지금 당신의 감정과 관계에 이 에너지가 긍정적으로 흐르고 있습니다. 상대방과의 관계에서 진심을 표현하고 서로에게 솔직해지는 것이 깊은 연결로 이어질 것입니다. 두려움 없이 마음을 열고 현재의 감정에 충실해보세요. 지금 이 흐름을 믿고 따라가면 아름다운 결실을 맺게 됩니다.
완드 왕,연애,역방향,완드 왕 카드가 역방향으로 나타났습니다. 연애에서 독단과 충동적 결정의 기운이 영향을 미치고 있습니다. 관계에서 무언가 막혀 있거나 소통이 원활하지 않을 수 있습니다. 지금은 상대방을 탓하기보다 자신의 감정과 패턴을 돌아볼 필요가 있습니다. 작은 오해가 쌓이기 전에 솔직한 대화로 풀어가세요. 내면을 정리하면 관계도 자연스럽게 안정을 찾아갑니다.
완드 왕,직장,정방향,"완드 왕 카드가 직장·커리어에서 긍정적인 신호를 보내고 있습니다. 비전 있는 리더십과 기업가 정신의 에너지가 업무에 활력을 불어넣는 시기입니다. 그동안 준비해온 것들이 빛을 발할 때이며, 적극적으로 의견을 내고 기회를 잡아야 합니다. 동료와의 협력도 좋은 결과를 낳는 시기이므로 열린 마음으로 소통해보세요. 꾸준한 노력이 분명한 성과로 이어지는 흐름이 형성되고 있습니다."
완드 왕,직장,역방향,완드 왕 카드가 직장에서 역방향으로 나타났습니다. 독단과 충동적 결정의 에너지가 발목을 잡고 있을 수 있습니다. 업무에서 예상치 못한 장애물이나 소통 문제가 생길 수 있으니 신중하게 접근하세요. 무리하게 밀어붙이기보다 현재 상황을 점검하고 기반을 다지는 것이 중요합니다. 작은 것부터 꼼꼼히 챙기면 다시 안정을 찾을 수 있습니다.
완드 왕,일반,정방향,완드 왕 카드는 지금 당신의 삶에 비전 있는 리더십과 기업가 정신의 에너지가 활발히 흐르고 있음을 알려줍니다. 이 흐름을 타고 원하는 방향으로 나아갈 최적의 시기입니다. 지금까지 망설이던 것이 있다면 용기를 내어 실천해보세요. 당신 내면의 힘과 현재의 기운이 잘 맞물려 있어 좋은 결과를 기대할 수 있습니다. 스스로를 믿고 오늘 하루를 충실히 살아가세요.
완드 왕,일반,역방향,완드 왕 카드 역방향은 독단과 충동적 결정의 에너지가 삶의 흐름에 영향을 미치고 있음을 나타냅니다. 지금 당장 결과가 나오지 않더라도 조급해하지 마세요. 멈춘 것처럼 보이는 이 시간이 사실은 더 단단해지는 준비 기간입니다. 내면을 돌아보고 방향을 재정비하면 곧 다시 좋은 흐름이 찾아올 것입니다.
컵 에이스,연애,정방향,컵 에이스 카드가 연애에서 정방향으로 나타났습니다. 이 카드는 새로운 감정과 사랑의 시작의 에너지를 담고 있습니다. 지금 당신의 감정과 관계에 이 에너지가 긍정적으로 흐르고 있습니다. 상대방과의 관계에서 진심을 표현하고 서로에게 솔직해지는 것이 깊은 연결로 이어질 것입니다. 두려움 없이 마음을 열고 현재의 감정에 충실해보세요. 지금 이 흐름을 믿고 따라가면 아름다운 결실을 맺게 됩니다.
컵 에이스,연애,역방향,컵 에이스 카드가 역방향으로 나타났습니다. 연애에서 감정 차단과 공허함의 기운이 영향을 미치고 있습니다. 관계에서 무언가 막혀 있거나 소통이 원활하지 않을 수 있습니다. 지금은 상대방을 탓하기보다 자신의 감정과 패턴을 돌아볼 필요가 있습니다. 작은 오해가 쌓이기 전에 솔직한 대화로 풀어가세요. 내면을 정리하면 관계도 자연스럽게 안정을 찾아갑니다.
컵 에이스,직장,정방향,"컵 에이스 카드가 직장·커리어에서 긍정적인 신호를 보내고 있습니다. 새로운 감정과 사랑의 시작의 에너지가 업무에 활력을 불어넣는 시기입니다. 그동안 준비해온 것들이 빛을 발할 때이며, 적극적으로 의견을 내고 기회를 잡아야 합니다. 동료와의 협력도 좋은 결과를 낳는 시기이므로 열린 마음으로 소통해보세요. 꾸준한 노력이 분명한 성과로 이어지는 흐름이 형성되고 있습니다."
컵 에이스,직장,역방향,컵 에이스 카드가 직장에서 역방향으로 나타났습니다. 감정 차단과 공허함의 에너지가 발목을 잡고 있을 수 있습니다. 업무에서 예상치 못한 장애물이나 소통 문제가 생길 수 있으니 신중하게 접근하세요. 무리하게 밀어붙이기보다 현재 상황을 점검하고 기반을 다지는 것이 중요합니다. 작은 것부터 꼼꼼히 챙기면 다시 안정을 찾을 수 있습니다.
컵 에이스,일반,정방향,컵 에이스 카드는 지금 당신의 삶에 새로운 감정과 사랑의 시작의 에너지가 활발히 흐르고 있음을 알려줍니다. 이 흐름을 타고 원하는 방향으로 나아갈 최적의 시기입니다. 지금까지 망설이던 것이 있다면 용기를 내어 실천해보세요. 당신 내면의 힘과 현재의 기운이 잘 맞물려 있어 좋은 결과를 기대할 수 있습니다. 스스로를 믿고 오늘 하루를 충실히 살아가세요.
컵 에이스,일반,역방향,컵 에이스 카드 역방향은 감정 차단과 공허함의 에너지가 삶의 흐름에 영향을 미치고 있음을 나타냅니다. 지금 당장 결과가 나오지 않더라도 조급해하지 마세요. 멈춘 것처럼 보이는 이 시간이 사실은 더 단단해지는 준비 기간입니다. 내면을 돌아보고 방향을 재정비하면 곧 다시 좋은 흐름이 찾아올 것입니다.
컵 2,연애,정방향,컵 2 카드가 연애에서 정방향으로 나타났습니다. 이 카드는 아름다운 관계와 정서적 연결의 에너지를 담고 있습니다. 지금 당신의 감정과 관계에 이 에너지가 긍정적으로 흐르고 있습니다. 상대방과의 관계에서 진심을 표현하고 서로에게 솔직해지는 것이 깊은 연결로 이어질 것입니다. 두려움 없이 마음을 열고 현재의 감정에 충실해보세요. 지금 이 흐름을 믿고 따라가면 아름다운 결실을 맺게 됩니다.
컵 2,연애,역방향,컵 2 카드가 역방향으로 나타났습니다. 연애에서 관계 해체와 불균형의 기운이 영향을 미치고 있습니다. 관계에서 무언가 막혀 있거나 소통이 원활하지 않을 수 있습니다. 지금은 상대방을 탓하기보다 자신의 감정과 패턴을 돌아볼 필요가 있습니다. 작은 오해가 쌓이기 전에 솔직한 대화로 풀어가세요. 내면을 정리하면 관계도 자연스럽게 안정을 찾아갑니다.
컵 2,직장,정방향,"컵 2 카드가 직장·커리어에서 긍정적인 신호를 보내고 있습니다. 아름다운 관계와 정서적 연결의 에너지가 업무에 활력을 불어넣는 시기입니다. 그동안 준비해온 것들이 빛을 발할 때이며, 적극적으로 의견을 내고 기회를 잡아야 합니다. 동료와의 협력도 좋은 결과를 낳는 시기이므로 열린 마음으로 소통해보세요. 꾸준한 노력이 분명한 성과로 이어지는 흐름이 형성되고 있습니다."
컵 2,직장,역방향,컵 2 카드가 직장에서 역방향으로 나타났습니다. 관계 해체와 불균형의 에너지가 발목을 잡고 있을 수 있습니다. 업무에서 예상치 못한 장애물이나 소통 문제가 생길 수 있으니 신중하게 접근하세요. 무리하게 밀어붙이기보다 현재 상황을 점검하고 기반을 다지는 것이 중요합니다. 작은 것부터 꼼꼼히 챙기면 다시 안정을 찾을 수 있습니다.
컵 2,일반,정방향,컵 2 카드는 지금 당신의 삶에 아름다운 관계와 정서적 연결의 에너지가 활발히 흐르고 있음을 알려줍니다. 이 흐름을 타고 원하는 방향으로 나아갈 최적의 시기입니다. 지금까지 망설이던 것이 있다면 용기를 내어 실천해보세요. 당신 내면의 힘과 현재의 기운이 잘 맞물려 있어 좋은 결과를 기대할 수 있습니다. 스스로를 믿고 오늘 하루를 충실히 살아가세요.
컵 2,일반,역방향,컵 2 카드 역방향은 관계 해체와 불균형의 에너지가 삶의 흐름에 영향을 미치고 있음을 나타냅니다. 지금 당장 결과가 나오지 않더라도 조급해하지 마세요. 멈춘 것처럼 보이는 이 시간이 사실은 더 단단해지는 준비 기간입니다. 내면을 돌아보고 방향을 재정비하면 곧 다시 좋은 흐름이 찾아올 것입니다.
컵 3,연애,정방향,컵 3 카드가 연애에서 정방향으로 나타났습니다. 이 카드는 기쁨 넘치는 축하와 우정의 에너지를 담고 있습니다. 지금 당신의 감정과 관계에 이 에너지가 긍정적으로 흐르고 있습니다. 상대방과의 관계에서 진심을 표현하고 서로에게 솔직해지는 것이 깊은 연결로 이어질 것입니다. 두려움 없이 마음을 열고 현재의 감정에 충실해보세요. 지금 이 흐름을 믿고 따라가면 아름다운 결실을 맺게 됩니다.
컵 3,연애,역방향,컵 3 카드가 역방향으로 나타났습니다. 연애에서 과잉 방종과 삼각관계의 기운이 영향을 미치고 있습니다. 관계에서 무언가 막혀 있거나 소통이 원활하지 않을 수 있습니다. 지금은 상대방을 탓하기보다 자신의 감정과 패턴을 돌아볼 필요가 있습니다. 작은 오해가 쌓이기 전에 솔직한 대화로 풀어가세요. 내면을 정리하면 관계도 자연스럽게 안정을 찾아갑니다.
컵 3,직장,정방향,"컵 3 카드가 직장·커리어에서 긍정적인 신호를 보내고 있습니다. 기쁨 넘치는 축하와 우정의 에너지가 업무에 활력을 불어넣는 시기입니다. 그동안 준비해온 것들이 빛을 발할 때이며, 적극적으로 의견을 내고 기회를 잡아야 합니다. 동료와의 협력도 좋은 결과를 낳는 시기이므로 열린 마음으로 소통해보세요. 꾸준한 노력이 분명한 성과로 이어지는 흐름이 형성되고 있습니다."
컵 3,직장,역방향,컵 3 카드가 직장에서 역방향으로 나타났습니다. 과잉 방종과 삼각관계의 에너지가 발목을 잡고 있을 수 있습니다. 업무에서 예상치 못한 장애물이나 소통 문제가 생길 수 있으니 신중하게 접근하세요. 무리하게 밀어붙이기보다 현재 상황을 점검하고 기반을 다지는 것이 중요합니다. 작은 것부터 꼼꼼히 챙기면 다시 안정을 찾을 수 있습니다.
컵 3,일반,정방향,컵 3 카드는 지금 당신의 삶에 기쁨 넘치는 축하와 우정의 에너지가 활발히 흐르고 있음을 알려줍니다. 이 흐름을 타고 원하는 방향으로 나아갈 최적의 시기입니다. 지금까지 망설이던 것이 있다면 용기를 내어 실천해보세요. 당신 내면의 힘과 현재의 기운이 잘 맞물려 있어 좋은 결과를 기대할 수 있습니다. 스스로를 믿고 오늘 하루를 충실히 살아가세요.
컵 3,일반,역방향,컵 3 카드 역방향은 과잉 방종과 삼각관계의 에너지가 삶의 흐름에 영향을 미치고 있음을 나타냅니다. 지금 당장 결과가 나오지 않더라도 조급해하지 마세요. 멈춘 것처럼 보이는 이 시간이 사실은 더 단단해지는 준비 기간입니다. 내면을 돌아보고 방향을 재정비하면 곧 다시 좋은 흐름이 찾아올 것입니다.
컵 4,연애,정방향,컵 4 카드가 연애에서 정방향으로 나타났습니다. 이 카드는 내면을 돌아보는 성찰의 시간의 에너지를 담고 있습니다. 지금 당신의 감정과 관계에 이 에너지가 긍정적으로 흐르고 있습니다. 상대방과의 관계에서 진심을 표현하고 서로에게 솔직해지는 것이 깊은 연결로 이어질 것입니다. 두려움 없이 마음을 열고 현재의 감정에 충실해보세요. 지금 이 흐름을 믿고 따라가면 아름다운 결실을 맺게 됩니다.
컵 4,연애,역방향,컵 4 카드가 역방향으로 나타났습니다. 연애에서 새로운 기회 놓침과 무관심의 기운이 영향을 미치고 있습니다. 관계에서 무언가 막혀 있거나 소통이 원활하지 않을 수 있습니다. 지금은 상대방을 탓하기보다 자신의 감정과 패턴을 돌아볼 필요가 있습니다. 작은 오해가 쌓이기 전에 솔직한 대화로 풀어가세요. 내면을 정리하면 관계도 자연스럽게 안정을 찾아갑니다.
컵 4,직장,정방향,"컵 4 카드가 직장·커리어에서 긍정적인 신호를 보내고 있습니다. 내면을 돌아보는 성찰의 시간의 에너지가 업무에 활력을 불어넣는 시기입니다. 그동안 준비해온 것들이 빛을 발할 때이며, 적극적으로 의견을 내고 기회를 잡아야 합니다. 동료와의 협력도 좋은 결과를 낳는 시기이므로 열린 마음으로 소통해보세요. 꾸준한 노력이 분명한 성과로 이어지는 흐름이 형성되고 있습니다."
컵 4,직장,역방향,컵 4 카드가 직장에서 역방향으로 나타났습니다. 새로운 기회 놓침과 무관심의 에너지가 발목을 잡고 있을 수 있습니다. 업무에서 예상치 못한 장애물이나 소통 문제가 생길 수 있으니 신중하게 접근하세요. 무리하게 밀어붙이기보다 현재 상황을 점검하고 기반을 다지는 것이 중요합니다. 작은 것부터 꼼꼼히 챙기면 다시 안정을 찾을 수 있습니다.
컵 4,일반,정방향,컵 4 카드는 지금 당신의 삶에 내면을 돌아보는 성찰의 시간의 에너지가 활발히 흐르고 있음을 알려줍니다. 이 흐름을 타고 원하는 방향으로 나아갈 최적의 시기입니다. 지금까지 망설이던 것이 있다면 용기를 내어 실천해보세요. 당신 내면의 힘과 현재의 기운이 잘 맞물려 있어 좋은 결과를 기대할 수 있습니다. 스스로를 믿고 오늘 하루를 충실히 살아가세요.
컵 4,일반,역방향,컵 4 카드 역방향은 새로운 기회 놓침과 무관심의 에너지가 삶의 흐름에 영향을 미치고 있음을 나타냅니다. 지금 당장 결과가 나오지 않더라도 조급해하지 마세요. 멈춘 것처럼 보이는 이 시간이 사실은 더 단단해지는 준비 기간입니다. 내면을 돌아보고 방향을 재정비하면 곧 다시 좋은 흐름이 찾아올 것입니다.
컵 5,연애,정방향,컵 5 카드가 연애에서 정방향으로 나타났습니다. 이 카드는 상실과 슬픔 속 치유의 시작의 에너지를 담고 있습니다. 지금 당신의 감정과 관계에 이 에너지가 긍정적으로 흐르고 있습니다. 상대방과의 관계에서 진심을 표현하고 서로에게 솔직해지는 것이 깊은 연결로 이어질 것입니다. 두려움 없이 마음을 열고 현재의 감정에 충실해보세요. 지금 이 흐름을 믿고 따라가면 아름다운 결실을 맺게 됩니다.
컵 5,연애,역방향,컵 5 카드가 역방향으로 나타났습니다. 연애에서 과거 집착과 회복 거부의 기운이 영향을 미치고 있습니다. 관계에서 무언가 막혀 있거나 소통이 원활하지 않을 수 있습니다. 지금은 상대방을 탓하기보다 자신의 감정과 패턴을 돌아볼 필요가 있습니다. 작은 오해가 쌓이기 전에 솔직한 대화로 풀어가세요. 내면을 정리하면 관계도 자연스럽게 안정을 찾아갑니다.
컵 5,직장,정방향,"컵 5 카드가 직장·커리어에서 긍정적인 신호를 보내고 있습니다. 상실과 슬픔 속 치유의 시작의 에너지가 업무에 활력을 불어넣는 시기입니다. 그동안 준비해온 것들이 빛을 발할 때이며, 적극적으로 의견을 내고 기회를 잡아야 합니다. 동료와의 협력도 좋은 결과를 낳는 시기이므로 열린 마음으로 소통해보세요. 꾸준한 노력이 분명한 성과로 이어지는 흐름이 형성되고 있습니다."
컵 5,직장,역방향,컵 5 카드가 직장에서 역방향으로 나타났습니다. 과거 집착과 회복 거부의 에너지가 발목을 잡고 있을 수 있습니다. 업무에서 예상치 못한 장애물이나 소통 문제가 생길 수 있으니 신중하게 접근하세요. 무리하게 밀어붙이기보다 현재 상황을 점검하고 기반을 다지는 것이 중요합니다. 작은 것부터 꼼꼼히 챙기면 다시 안정을 찾을 수 있습니다.
컵 5,일반,정방향,컵 5 카드는 지금 당신의 삶에 상실과 슬픔 속 치유의 시작의 에너지가 활발히 흐르고 있음을 알려줍니다. 이 흐름을 타고 원하는 방향으로 나아갈 최적의 시기입니다. 지금까지 망설이던 것이 있다면 용기를 내어 실천해보세요. 당신 내면의 힘과 현재의 기운이 잘 맞물려 있어 좋은 결과를 기대할 수 있습니다. 스스로를 믿고 오늘 하루를 충실히 살아가세요.
컵 5,일반,역방향,컵 5 카드 역방향은 과거 집착과 회복 거부의 에너지가 삶의 흐름에 영향을 미치고 있음을 나타냅니다. 지금 당장 결과가 나오지 않더라도 조급해하지 마세요. 멈춘 것처럼 보이는 이 시간이 사실은 더 단단해지는 준비 기간입니다. 내면을 돌아보고 방향을 재정비하면 곧 다시 좋은 흐름이 찾아올 것입니다.
컵 6,연애,정방향,컵 6 카드가 연애에서 정방향으로 나타났습니다. 이 카드는 따뜻한 추억과 순수한 인연의 에너지를 담고 있습니다. 지금 당신의 감정과 관계에 이 에너지가 긍정적으로 흐르고 있습니다. 상대방과의 관계에서 진심을 표현하고 서로에게 솔직해지는 것이 깊은 연결로 이어질 것입니다. 두려움 없이 마음을 열고 현재의 감정에 충실해보세요. 지금 이 흐름을 믿고 따라가면 아름다운 결실을 맺게 됩니다.
컵 6,연애,역방향,컵 6 카드가 역방향으로 나타났습니다. 연애에서 과거에 묶인 미래 회피의 기운이 영향을 미치고 있습니다. 관계에서 무언가 막혀 있거나 소통이 원활하지 않을 수 있습니다. 지금은 상대방을 탓하기보다 자신의 감정과 패턴을 돌아볼 필요가 있습니다. 작은 오해가 쌓이기 전에 솔직한 대화로 풀어가세요. 내면을 정리하면 관계도 자연스럽게 안정을 찾아갑니다.
컵 6,직장,정방향,"컵 6 카드가 직장·커리어에서 긍정적인 신호를 보내고 있습니다. 따뜻한 추억과 순수한 인연의 에너지가 업무에 활력을 불어넣는 시기입니다. 그동안 준비해온 것들이 빛을 발할 때이며, 적극적으로 의견을 내고 기회를 잡아야 합니다. 동료와의 협력도 좋은 결과를 낳는 시기이므로 열린 마음으로 소통해보세요. 꾸준한 노력이 분명한 성과로 이어지는 흐름이 형성되고 있습니다."
컵 6,직장,역방향,컵 6 카드가 직장에서 역방향으로 나타났습니다. 과거에 묶인 미래 회피의 에너지가 발목을 잡고 있을 수 있습니다. 업무에서 예상치 못한 장애물이나 소통 문제가 생길 수 있으니 신중하게 접근하세요. 무리하게 밀어붙이기보다 현재 상황을 점검하고 기반을 다지는 것이 중요합니다. 작은 것부터 꼼꼼히 챙기면 다시 안정을 찾을 수 있습니다.
컵 6,일반,정방향,컵 6 카드는 지금 당신의 삶에 따뜻한 추억과 순수한 인연의 에너지가 활발히 흐르고 있음을 알려줍니다. 이 흐름을 타고 원하는 방향으로 나아갈 최적의 시기입니다. 지금까지 망설이던 것이 있다면 용기를 내어 실천해보세요. 당신 내면의 힘과 현재의 기운이 잘 맞물려 있어 좋은 결과를 기대할 수 있습니다. 스스로를 믿고 오늘 하루를 충실히 살아가세요.
컵 6,일반,역방향,컵 6 카드 역방향은 과거에 묶인 미래 회피의 에너지가 삶의 흐름에 영향을 미치고 있음을 나타냅니다. 지금 당장 결과가 나오지 않더라도 조급해하지 마세요. 멈춘 것처럼 보이는 이 시간이 사실은 더 단단해지는 준비 기간입니다. 내면을 돌아보고 방향을 재정비하면 곧 다시 좋은 흐름이 찾아올 것입니다.
컵 7,연애,정방향,컵 7 카드가 연애에서 정방향으로 나타났습니다. 이 카드는 풍부한 상상력과 다양한 가능성의 에너지를 담고 있습니다. 지금 당신의 감정과 관계에 이 에너지가 긍정적으로 흐르고 있습니다. 상대방과의 관계에서 진심을 표현하고 서로에게 솔직해지는 것이 깊은 연결로 이어질 것입니다. 두려움 없이 마음을 열고 현재의 감정에 충실해보세요. 지금 이 흐름을 믿고 따라가면 아름다운 결실을 맺게 됩니다.
컵 7,연애,역방향,컵 7 카드가 역방향으로 나타났습니다. 연애에서 현실 도피와 환상적 사고의 기운이 영향을 미치고 있습니다. 관계에서 무언가 막혀 있거나 소통이 원활하지 않을 수 있습니다. 지금은 상대방을 탓하기보다 자신의 감정과 패턴을 돌아볼 필요가 있습니다. 작은 오해가 쌓이기 전에 솔직한 대화로 풀어가세요. 내면을 정리하면 관계도 자연스럽게 안정을 찾아갑니다.
컵 7,직장,정방향,"컵 7 카드가 직장·커리어에서 긍정적인 신호를 보내고 있습니다. 풍부한 상상력과 다양한 가능성의 에너지가 업무에 활력을 불어넣는 시기입니다. 그동안 준비해온 것들이 빛을 발할 때이며, 적극적으로 의견을 내고 기회를 잡아야 합니다. 동료와의 협력도 좋은 결과를 낳는 시기이므로 열린 마음으로 소통해보세요. 꾸준한 노력이 분명한 성과로 이어지는 흐름이 형성되고 있습니다."
컵 7,직장,역방향,컵 7 카드가 직장에서 역방향으로 나타났습니다. 현실 도피와 환상적 사고의 에너지가 발목을 잡고 있을 수 있습니다. 업무에서 예상치 못한 장애물이나 소통 문제가 생길 수 있으니 신중하게 접근하세요. 무리하게 밀어붙이기보다 현재 상황을 점검하고 기반을 다지는 것이 중요합니다. 작은 것부터 꼼꼼히 챙기면 다시 안정을 찾을 수 있습니다.
컵 7,일반,정방향,컵 7 카드는 지금 당신의 삶에 풍부한 상상력과 다양한 가능성의 에너지가 활발히 흐르고 있음을 알려줍니다. 이 흐름을 타고 원하는 방향으로 나아갈 최적의 시기입니다. 지금까지 망설이던 것이 있다면 용기를 내어 실천해보세요. 당신 내면의 힘과 현재의 기운이 잘 맞물려 있어 좋은 결과를 기대할 수 있습니다. 스스로를 믿고 오늘 하루를 충실히 살아가세요.
컵 7,일반,역방향,컵 7 카드 역방향은 현실 도피와 환상적 사고의 에너지가 삶의 흐름에 영향을 미치고 있음을 나타냅니다. 지금 당장 결과가 나오지 않더라도 조급해하지 마세요. 멈춘 것처럼 보이는 이 시간이 사실은 더 단단해지는 준비 기간입니다. 내면을 돌아보고 방향을 재정비하면 곧 다시 좋은 흐름이 찾아올 것입니다.
컵 8,연애,정방향,컵 8 카드가 연애에서 정방향으로 나타났습니다. 이 카드는 더 나은 것을 향한 용기 있는 이탈의 에너지를 담고 있습니다. 지금 당신의 감정과 관계에 이 에너지가 긍정적으로 흐르고 있습니다. 상대방과의 관계에서 진심을 표현하고 서로에게 솔직해지는 것이 깊은 연결로 이어질 것입니다. 두려움 없이 마음을 열고 현재의 감정에 충실해보세요. 지금 이 흐름을 믿고 따라가면 아름다운 결실을 맺게 됩니다.
컵 8,연애,역방향,컵 8 카드가 역방향으로 나타났습니다. 연애에서 변화 두려움과 정체의 기운이 영향을 미치고 있습니다. 관계에서 무언가 막혀 있거나 소통이 원활하지 않을 수 있습니다. 지금은 상대방을 탓하기보다 자신의 감정과 패턴을 돌아볼 필요가 있습니다. 작은 오해가 쌓이기 전에 솔직한 대화로 풀어가세요. 내면을 정리하면 관계도 자연스럽게 안정을 찾아갑니다.
컵 8,직장,정방향,"컵 8 카드가 직장·커리어에서 긍정적인 신호를 보내고 있습니다. 더 나은 것을 향한 용기 있는 이탈의 에너지가 업무에 활력을 불어넣는 시기입니다. 그동안 준비해온 것들이 빛을 발할 때이며, 적극적으로 의견을 내고 기회를 잡아야 합니다. 동료와의 협력도 좋은 결과를 낳는 시기이므로 열린 마음으로 소통해보세요. 꾸준한 노력이 분명한 성과로 이어지는 흐름이 형성되고 있습니다."
컵 8,직장,역방향,컵 8 카드가 직장에서 역방향으로 나타났습니다. 변화 두려움과 정체의 에너지가 발목을 잡고 있을 수 있습니다. 업무에서 예상치 못한 장애물이나 소통 문제가 생길 수 있으니 신중하게 접근하세요. 무리하게 밀어붙이기보다 현재 상황을 점검하고 기반을 다지는 것이 중요합니다. 작은 것부터 꼼꼼히 챙기면 다시 안정을 찾을 수 있습니다.
컵 8,일반,정방향,컵 8 카드는 지금 당신의 삶에 더 나은 것을 향한 용기 있는 이탈의 에너지가 활발히 흐르고 있음을 알려줍니다. 이 흐름을 타고 원하는 방향으로 나아갈 최적의 시기입니다. 지금까지 망설이던 것이 있다면 용기를 내어 실천해보세요. 당신 내면의 힘과 현재의 기운이 잘 맞물려 있어 좋은 결과를 기대할 수 있습니다. 스스로를 믿고 오늘 하루를 충실히 살아가세요.
컵 8,일반,역방향,컵 8 카드 역방향은 변화 두려움과 정체의 에너지가 삶의 흐름에 영향을 미치고 있음을 나타냅니다. 지금 당장 결과가 나오지 않더라도 조급해하지 마세요. 멈춘 것처럼 보이는 이 시간이 사실은 더 단단해지는 준비 기간입니다. 내면을 돌아보고 방향을 재정비하면 곧 다시 좋은 흐름이 찾아올 것입니다.
컵 9,연애,정방향,컵 9 카드가 연애에서 정방향으로 나타났습니다. 이 카드는 소원이 이루어지는 만족과 행복의 에너지를 담고 있습니다. 지금 당신의 감정과 관계에 이 에너지가 긍정적으로 흐르고 있습니다. 상대방과의 관계에서 진심을 표현하고 서로에게 솔직해지는 것이 깊은 연결로 이어질 것입니다. 두려움 없이 마음을 열고 현재의 감정에 충실해보세요. 지금 이 흐름을 믿고 따라가면 아름다운 결실을 맺게 됩니다.
컵 9,연애,역방향,컵 9 카드가 역방향으로 나타났습니다. 연애에서 물질주의와 내면 공허의 기운이 영향을 미치고 있습니다. 관계에서 무언가 막혀 있거나 소통이 원활하지 않을 수 있습니다. 지금은 상대방을 탓하기보다 자신의 감정과 패턴을 돌아볼 필요가 있습니다. 작은 오해가 쌓이기 전에 솔직한 대화로 풀어가세요. 내면을 정리하면 관계도 자연스럽게 안정을 찾아갑니다.
컵 9,직장,정방향,"컵 9 카드가 직장·커리어에서 긍정적인 신호를 보내고 있습니다. 소원이 이루어지는 만족과 행복의 에너지가 업무에 활력을 불어넣는 시기입니다. 그동안 준비해온 것들이 빛을 발할 때이며, 적극적으로 의견을 내고 기회를 잡아야 합니다. 동료와의 협력도 좋은 결과를 낳는 시기이므로 열린 마음으로 소통해보세요. 꾸준한 노력이 분명한 성과로 이어지는 흐름이 형성되고 있습니다."
컵 9,직장,역방향,컵 9 카드가 직장에서 역방향으로 나타났습니다. 물질주의와 내면 공허의 에너지가 발목을 잡고 있을 수 있습니다. 업무에서 예상치 못한 장애물이나 소통 문제가 생길 수 있으니 신중하게 접근하세요. 무리하게 밀어붙이기보다 현재 상황을 점검하고 기반을 다지는 것이 중요합니다. 작은 것부터 꼼꼼히 챙기면 다시 안정을 찾을 수 있습니다.
컵 9,일반,정방향,컵 9 카드는 지금 당신의 삶에 소원이 이루어지는 만족과 행복의 에너지가 활발히 흐르고 있음을 알려줍니다. 이 흐름을 타고 원하는 방향으로 나아갈 최적의 시기입니다. 지금까지 망설이던 것이 있다면 용기를 내어 실천해보세요. 당신 내면의 힘과 현재의 기운이 잘 맞물려 있어 좋은 결과를 기대할 수 있습니다. 스스로를 믿고 오늘 하루를 충실히 살아가세요.
컵 9,일반,역방향,컵 9 카드 역방향은 물질주의와 내면 공허의 에너지가 삶의 흐름에 영향을 미치고 있음을 나타냅니다. 지금 당장 결과가 나오지 않더라도 조급해하지 마세요. 멈춘 것처럼 보이는 이 시간이 사실은 더 단단해지는 준비 기간입니다. 내면을 돌아보고 방향을 재정비하면 곧 다시 좋은 흐름이 찾아올 것입니다.
컵 10,연애,정방향,컵 10 카드가 연애에서 정방향으로 나타났습니다. 이 카드는 완전한 행복과 가정적 조화의 에너지를 담고 있습니다. 지금 당신의 감정과 관계에 이 에너지가 긍정적으로 흐르고 있습니다. 상대방과의 관계에서 진심을 표현하고 서로에게 솔직해지는 것이 깊은 연결로 이어질 것입니다. 두려움 없이 마음을 열고 현재의 감정에 충실해보세요. 지금 이 흐름을 믿고 따라가면 아름다운 결실을 맺게 됩니다.
컵 10,연애,역방향,컵 10 카드가 역방향으로 나타났습니다. 연애에서 부조화와 가족 갈등의 기운이 영향을 미치고 있습니다. 관계에서 무언가 막혀 있거나 소통이 원활하지 않을 수 있습니다. 지금은 상대방을 탓하기보다 자신의 감정과 패턴을 돌아볼 필요가 있습니다. 작은 오해가 쌓이기 전에 솔직한 대화로 풀어가세요. 내면을 정리하면 관계도 자연스럽게 안정을 찾아갑니다.
컵 10,직장,정방향,"컵 10 카드가 직장·커리어에서 긍정적인 신호를 보내고 있습니다. 완전한 행복과 가정적 조화의 에너지가 업무에 활력을 불어넣는 시기입니다. 그동안 준비해온 것들이 빛을 발할 때이며, 적극적으로 의견을 내고 기회를 잡아야 합니다. 동료와의 협력도 좋은 결과를 낳는 시기이므로 열린 마음으로 소통해보세요. 꾸준한 노력이 분명한 성과로 이어지는 흐름이 형성되고 있습니다."
컵 10,직장,역방향,컵 10 카드가 직장에서 역방향으로 나타났습니다. 부조화와 가족 갈등의 에너지가 발목을 잡고 있을 수 있습니다. 업무에서 예상치 못한 장애물이나 소통 문제가 생길 수 있으니 신중하게 접근하세요. 무리하게 밀어붙이기보다 현재 상황을 점검하고 기반을 다지는 것이 중요합니다. 작은 것부터 꼼꼼히 챙기면 다시 안정을 찾을 수 있습니다.
컵 10,일반,정방향,컵 10 카드는 지금 당신의 삶에 완전한 행복과 가정적 조화의 에너지가 활발히 흐르고 있음을 알려줍니다. 이 흐름을 타고 원하는 방향으로 나아갈 최적의 시기입니다. 지금까지 망설이던 것이 있다면 용기를 내어 실천해보세요. 당신 내면의 힘과 현재의 기운이 잘 맞물려 있어 좋은 결과를 기대할 수 있습니다. 스스로를 믿고 오늘 하루를 충실히 살아가세요.
컵 10,일반,역방향,컵 10 카드 역방향은 부조화와 가족 갈등의 에너지가 삶의 흐름에 영향을 미치고 있음을 나타냅니다. 지금 당장 결과가 나오지 않더라도 조급해하지 마세요. 멈춘 것처럼 보이는 이 시간이 사실은 더 단단해지는 준비 기간입니다. 내면을 돌아보고 방향을 재정비하면 곧 다시 좋은 흐름이 찾아올 것입니다.
컵 시종,연애,정방향,컵 시종 카드가 연애에서 정방향으로 나타났습니다. 이 카드는 감수성 풍부한 직관과 창의의 에너지를 담고 있습니다. 지금 당신의 감정과 관계에 이 에너지가 긍정적으로 흐르고 있습니다. 상대방과의 관계에서 진심을 표현하고 서로에게 솔직해지는 것이 깊은 연결로 이어질 것입니다. 두려움 없이 마음을 열고 현재의 감정에 충실해보세요. 지금 이 흐름을 믿고 따라가면 아름다운 결실을 맺게 됩니다.
컵 시종,연애,역방향,컵 시종 카드가 역방향으로 나타났습니다. 연애에서 감정 미성숙과 창의성 부족의 기운이 영향을 미치고 있습니다. 관계에서 무언가 막혀 있거나 소통이 원활하지 않을 수 있습니다. 지금은 상대방을 탓하기보다 자신의 감정과 패턴을 돌아볼 필요가 있습니다. 작은 오해가 쌓이기 전에 솔직한 대화로 풀어가세요. 내면을 정리하면 관계도 자연스럽게 안정을 찾아갑니다.
컵 시종,직장,정방향,"컵 시종 카드가 직장·커리어에서 긍정적인 신호를 보내고 있습니다. 감수성 풍부한 직관과 창의의 에너지가 업무에 활력을 불어넣는 시기입니다. 그동안 준비해온 것들이 빛을 발할 때이며, 적극적으로 의견을 내고 기회를 잡아야 합니다. 동료와의 협력도 좋은 결과를 낳는 시기이므로 열린 마음으로 소통해보세요. 꾸준한 노력이 분명한 성과로 이어지는 흐름이 형성되고 있습니다."
컵 시종,직장,역방향,컵 시종 카드가 직장에서 역방향으로 나타났습니다. 감정 미성숙과 창의성 부족의 에너지가 발목을 잡고 있을 수 있습니다. 업무에서 예상치 못한 장애물이나 소통 문제가 생길 수 있으니 신중하게 접근하세요. 무리하게 밀어붙이기보다 현재 상황을 점검하고 기반을 다지는 것이 중요합니다. 작은 것부터 꼼꼼히 챙기면 다시 안정을 찾을 수 있습니다.
컵 시종,일반,정방향,컵 시종 카드는 지금 당신의 삶에 감수성 풍부한 직관과 창의의 에너지가 활발히 흐르고 있음을 알려줍니다. 이 흐름을 타고 원하는 방향으로 나아갈 최적의 시기입니다. 지금까지 망설이던 것이 있다면 용기를 내어 실천해보세요. 당신 내면의 힘과 현재의 기운이 잘 맞물려 있어 좋은 결과를 기대할 수 있습니다. 스스로를 믿고 오늘 하루를 충실히 살아가세요.
컵 시종,일반,역방향,컵 시종 카드 역방향은 감정 미성숙과 창의성 부족의 에너지가 삶의 흐름에 영향을 미치고 있음을 나타냅니다. 지금 당장 결과가 나오지 않더라도 조급해하지 마세요. 멈춘 것처럼 보이는 이 시간이 사실은 더 단단해지는 준비 기간입니다. 내면을 돌아보고 방향을 재정비하면 곧 다시 좋은 흐름이 찾아올 것입니다.
컵 기사,연애,정방향,컵 기사 카드가 연애에서 정방향으로 나타났습니다. 이 카드는 낭만적 상상력과 감성적 매력의 에너지를 담고 있습니다. 지금 당신의 감정과 관계에 이 에너지가 긍정적으로 흐르고 있습니다. 상대방과의 관계에서 진심을 표현하고 서로에게 솔직해지는 것이 깊은 연결로 이어질 것입니다. 두려움 없이 마음을 열고 현재의 감정에 충실해보세요. 지금 이 흐름을 믿고 따라가면 아름다운 결실을 맺게 됩니다.
컵 기사,연애,역방향,컵 기사 카드가 역방향으로 나타났습니다. 연애에서 기분 변화와 비현실적 기대의 기운이 영향을 미치고 있습니다. 관계에서 무언가 막혀 있거나 소통이 원활하지 않을 수 있습니다. 지금은 상대방을 탓하기보다 자신의 감정과 패턴을 돌아볼 필요가 있습니다. 작은 오해가 쌓이기 전에 솔직한 대화로 풀어가세요. 내면을 정리하면 관계도 자연스럽게 안정을 찾아갑니다.
컵 기사,직장,정방향,"컵 기사 카드가 직장·커리어에서 긍정적인 신호를 보내고 있습니다. 낭만적 상상력과 감성적 매력의 에너지가 업무에 활력을 불어넣는 시기입니다. 그동안 준비해온 것들이 빛을 발할 때이며, 적극적으로 의견을 내고 기회를 잡아야 합니다. 동료와의 협력도 좋은 결과를 낳는 시기이므로 열린 마음으로 소통해보세요. 꾸준한 노력이 분명한 성과로 이어지는 흐름이 형성되고 있습니다."
컵 기사,직장,역방향,컵 기사 카드가 직장에서 역방향으로 나타났습니다. 기분 변화와 비현실적 기대의 에너지가 발목을 잡고 있을 수 있습니다. 업무에서 예상치 못한 장애물이나 소통 문제가 생길 수 있으니 신중하게 접근하세요. 무리하게 밀어붙이기보다 현재 상황을 점검하고 기반을 다지는 것이 중요합니다. 작은 것부터 꼼꼼히 챙기면 다시 안정을 찾을 수 있습니다.
컵 기사,일반,정방향,컵 기사 카드는 지금 당신의 삶에 낭만적 상상력과 감성적 매력의 에너지가 활발히 흐르고 있음을 알려줍니다. 이 흐름을 타고 원하는 방향으로 나아갈 최적의 시기입니다. 지금까지 망설이던 것이 있다면 용기를 내어 실천해보세요. 당신 내면의 힘과 현재의 기운이 잘 맞물려 있어 좋은 결과를 기대할 수 있습니다. 스스로를 믿고 오늘 하루를 충실히 살아가세요.
컵 기사,일반,역방향,컵 기사 카드 역방향은 기분 변화와 비현실적 기대의 에너지가 삶의 흐름에 영향을 미치고 있음을 나타냅니다. 지금 당장 결과가 나오지 않더라도 조급해하지 마세요. 멈춘 것처럼 보이는 이 시간이 사실은 더 단단해지는 준비 기간입니다. 내면을 돌아보고 방향을 재정비하면 곧 다시 좋은 흐름이 찾아올 것입니다.
컵 여왕,연애,정방향,컵 여왕 카드가 연애에서 정방향으로 나타났습니다. 이 카드는 따뜻한 공감과 깊은 직관력의 에너지를 담고 있습니다. 지금 당신의 감정과 관계에 이 에너지가 긍정적으로 흐르고 있습니다. 상대방과의 관계에서 진심을 표현하고 서로에게 솔직해지는 것이 깊은 연결로 이어질 것입니다. 두려움 없이 마음을 열고 현재의 감정에 충실해보세요. 지금 이 흐름을 믿고 따라가면 아름다운 결실을 맺게 됩니다.
컵 여왕,연애,역방향,컵 여왕 카드가 역방향으로 나타났습니다. 연애에서 감정 의존과 불안정의 기운이 영향을 미치고 있습니다. 관계에서 무언가 막혀 있거나 소통이 원활하지 않을 수 있습니다. 지금은 상대방을 탓하기보다 자신의 감정과 패턴을 돌아볼 필요가 있습니다. 작은 오해가 쌓이기 전에 솔직한 대화로 풀어가세요. 내면을 정리하면 관계도 자연스럽게 안정을 찾아갑니다.
컵 여왕,직장,정방향,"컵 여왕 카드가 직장·커리어에서 긍정적인 신호를 보내고 있습니다. 따뜻한 공감과 깊은 직관력의 에너지가 업무에 활력을 불어넣는 시기입니다. 그동안 준비해온 것들이 빛을 발할 때이며, 적극적으로 의견을 내고 기회를 잡아야 합니다. 동료와의 협력도 좋은 결과를 낳는 시기이므로 열린 마음으로 소통해보세요. 꾸준한 노력이 분명한 성과로 이어지는 흐름이 형성되고 있습니다."
컵 여왕,직장,역방향,컵 여왕 카드가 직장에서 역방향으로 나타났습니다. 감정 의존과 불안정의 에너지가 발목을 잡고 있을 수 있습니다. 업무에서 예상치 못한 장애물이나 소통 문제가 생길 수 있으니 신중하게 접근하세요. 무리하게 밀어붙이기보다 현재 상황을 점검하고 기반을 다지는 것이 중요합니다. 작은 것부터 꼼꼼히 챙기면 다시 안정을 찾을 수 있습니다.
컵 여왕,일반,정방향,컵 여왕 카드는 지금 당신의 삶에 따뜻한 공감과 깊은 직관력의 에너지가 활발히 흐르고 있음을 알려줍니다. 이 흐름을 타고 원하는 방향으로 나아갈 최적의 시기입니다. 지금까지 망설이던 것이 있다면 용기를 내어 실천해보세요. 당신 내면의 힘과 현재의 기운이 잘 맞물려 있어 좋은 결과를 기대할 수 있습니다. 스스로를 믿고 오늘 하루를 충실히 살아가세요.
컵 여왕,일반,역방향,컵 여왕 카드 역방향은 감정 의존과 불안정의 에너지가 삶의 흐름에 영향을 미치고 있음을 나타냅니다. 지금 당장 결과가 나오지 않더라도 조급해하지 마세요. 멈춘 것처럼 보이는 이 시간이 사실은 더 단단해지는 준비 기간입니다. 내면을 돌아보고 방향을 재정비하면 곧 다시 좋은 흐름이 찾아올 것입니다.
컵 왕,연애,정방향,컵 왕 카드가 연애에서 정방향으로 나타났습니다. 이 카드는 균형 잡힌 감성과 배려의 지혜의 에너지를 담고 있습니다. 지금 당신의 감정과 관계에 이 에너지가 긍정적으로 흐르고 있습니다. 상대방과의 관계에서 진심을 표현하고 서로에게 솔직해지는 것이 깊은 연결로 이어질 것입니다. 두려움 없이 마음을 열고 현재의 감정에 충실해보세요. 지금 이 흐름을 믿고 따라가면 아름다운 결실을 맺게 됩니다.
컵 왕,연애,역방향,컵 왕 카드가 역방향으로 나타났습니다. 연애에서 냉담함과 감정 불안정의 기운이 영향을 미치고 있습니다. 관계에서 무언가 막혀 있거나 소통이 원활하지 않을 수 있습니다. 지금은 상대방을 탓하기보다 자신의 감정과 패턴을 돌아볼 필요가 있습니다. 작은 오해가 쌓이기 전에 솔직한 대화로 풀어가세요. 내면을 정리하면 관계도 자연스럽게 안정을 찾아갑니다.
컵 왕,직장,정방향,"컵 왕 카드가 직장·커리어에서 긍정적인 신호를 보내고 있습니다. 균형 잡힌 감성과 배려의 지혜의 에너지가 업무에 활력을 불어넣는 시기입니다. 그동안 준비해온 것들이 빛을 발할 때이며, 적극적으로 의견을 내고 기회를 잡아야 합니다. 동료와의 협력도 좋은 결과를 낳는 시기이므로 열린 마음으로 소통해보세요. 꾸준한 노력이 분명한 성과로 이어지는 흐름이 형성되고 있습니다."
컵 왕,직장,역방향,컵 왕 카드가 직장에서 역방향으로 나타났습니다. 냉담함과 감정 불안정의 에너지가 발목을 잡고 있을 수 있습니다. 업무에서 예상치 못한 장애물이나 소통 문제가 생길 수 있으니 신중하게 접근하세요. 무리하게 밀어붙이기보다 현재 상황을 점검하고 기반을 다지는 것이 중요합니다. 작은 것부터 꼼꼼히 챙기면 다시 안정을 찾을 수 있습니다.
컵 왕,일반,정방향,컵 왕 카드는 지금 당신의 삶에 균형 잡힌 감성과 배려의 지혜의 에너지가 활발히 흐르고 있음을 알려줍니다. 이 흐름을 타고 원하는 방향으로 나아갈 최적의 시기입니다. 지금까지 망설이던 것이 있다면 용기를 내어 실천해보세요. 당신 내면의 힘과 현재의 기운이 잘 맞물려 있어 좋은 결과를 기대할 수 있습니다. 스스로를 믿고 오늘 하루를 충실히 살아가세요.
컵 왕,일반,역방향,컵 왕 카드 역방향은 냉담함과 감정 불안정의 에너지가 삶의 흐름에 영향을 미치고 있음을 나타냅니다. 지금 당장 결과가 나오지 않더라도 조급해하지 마세요. 멈춘 것처럼 보이는 이 시간이 사실은 더 단단해지는 준비 기간입니다. 내면을 돌아보고 방향을 재정비하면 곧 다시 좋은 흐름이 찾아올 것입니다.
소드 에이스,연애,정방향,소드 에이스 카드가 연애에서 정방향으로 나타났습니다. 이 카드는 명확한 진실과 강력한 돌파력의 에너지를 담고 있습니다. 지금 당신의 감정과 관계에 이 에너지가 긍정적으로 흐르고 있습니다. 상대방과의 관계에서 진심을 표현하고 서로에게 솔직해지는 것이 깊은 연결로 이어질 것입니다. 두려움 없이 마음을 열고 현재의 감정에 충실해보세요. 지금 이 흐름을 믿고 따라가면 아름다운 결실을 맺게 됩니다.
소드 에이스,연애,역방향,소드 에이스 카드가 역방향으로 나타났습니다. 연애에서 혼돈과 과도한 파괴성의 기운이 영향을 미치고 있습니다. 관계에서 무언가 막혀 있거나 소통이 원활하지 않을 수 있습니다. 지금은 상대방을 탓하기보다 자신의 감정과 패턴을 돌아볼 필요가 있습니다. 작은 오해가 쌓이기 전에 솔직한 대화로 풀어가세요. 내면을 정리하면 관계도 자연스럽게 안정을 찾아갑니다.
소드 에이스,직장,정방향,"소드 에이스 카드가 직장·커리어에서 긍정적인 신호를 보내고 있습니다. 명확한 진실과 강력한 돌파력의 에너지가 업무에 활력을 불어넣는 시기입니다. 그동안 준비해온 것들이 빛을 발할 때이며, 적극적으로 의견을 내고 기회를 잡아야 합니다. 동료와의 협력도 좋은 결과를 낳는 시기이므로 열린 마음으로 소통해보세요. 꾸준한 노력이 분명한 성과로 이어지는 흐름이 형성되고 있습니다."
소드 에이스,직장,역방향,소드 에이스 카드가 직장에서 역방향으로 나타났습니다. 혼돈과 과도한 파괴성의 에너지가 발목을 잡고 있을 수 있습니다. 업무에서 예상치 못한 장애물이나 소통 문제가 생길 수 있으니 신중하게 접근하세요. 무리하게 밀어붙이기보다 현재 상황을 점검하고 기반을 다지는 것이 중요합니다. 작은 것부터 꼼꼼히 챙기면 다시 안정을 찾을 수 있습니다.
소드 에이스,일반,정방향,소드 에이스 카드는 지금 당신의 삶에 명확한 진실과 강력한 돌파력의 에너지가 활발히 흐르고 있음을 알려줍니다. 이 흐름을 타고 원하는 방향으로 나아갈 최적의 시기입니다. 지금까지 망설이던 것이 있다면 용기를 내어 실천해보세요. 당신 내면의 힘과 현재의 기운이 잘 맞물려 있어 좋은 결과를 기대할 수 있습니다. 스스로를 믿고 오늘 하루를 충실히 살아가세요.
소드 에이스,일반,역방향,소드 에이스 카드 역방향은 혼돈과 과도한 파괴성의 에너지가 삶의 흐름에 영향을 미치고 있음을 나타냅니다. 지금 당장 결과가 나오지 않더라도 조급해하지 마세요. 멈춘 것처럼 보이는 이 시간이 사실은 더 단단해지는 준비 기간입니다. 내면을 돌아보고 방향을 재정비하면 곧 다시 좋은 흐름이 찾아올 것입니다.
소드 2,연애,정방향,소드 2 카드가 연애에서 정방향으로 나타났습니다. 이 카드는 어려운 선택과 균형 있는 판단의 에너지를 담고 있습니다. 지금 당신의 감정과 관계에 이 에너지가 긍정적으로 흐르고 있습니다. 상대방과의 관계에서 진심을 표현하고 서로에게 솔직해지는 것이 깊은 연결로 이어질 것입니다. 두려움 없이 마음을 열고 현재의 감정에 충실해보세요. 지금 이 흐름을 믿고 따라가면 아름다운 결실을 맺게 됩니다.
소드 2,연애,역방향,소드 2 카드가 역방향으로 나타났습니다. 연애에서 혼란과 정보 과부하의 기운이 영향을 미치고 있습니다. 관계에서 무언가 막혀 있거나 소통이 원활하지 않을 수 있습니다. 지금은 상대방을 탓하기보다 자신의 감정과 패턴을 돌아볼 필요가 있습니다. 작은 오해가 쌓이기 전에 솔직한 대화로 풀어가세요. 내면을 정리하면 관계도 자연스럽게 안정을 찾아갑니다.
소드 2,직장,정방향,"소드 2 카드가 직장·커리어에서 긍정적인 신호를 보내고 있습니다. 어려운 선택과 균형 있는 판단의 에너지가 업무에 활력을 불어넣는 시기입니다. 그동안 준비해온 것들이 빛을 발할 때이며, 적극적으로 의견을 내고 기회를 잡아야 합니다. 동료와의 협력도 좋은 결과를 낳는 시기이므로 열린 마음으로 소통해보세요. 꾸준한 노력이 분명한 성과로 이어지는 흐름이 형성되고 있습니다."
소드 2,직장,역방향,소드 2 카드가 직장에서 역방향으로 나타났습니다. 혼란과 정보 과부하의 에너지가 발목을 잡고 있을 수 있습니다. 업무에서 예상치 못한 장애물이나 소통 문제가 생길 수 있으니 신중하게 접근하세요. 무리하게 밀어붙이기보다 현재 상황을 점검하고 기반을 다지는 것이 중요합니다. 작은 것부터 꼼꼼히 챙기면 다시 안정을 찾을 수 있습니다.
소드 2,일반,정방향,소드 2 카드는 지금 당신의 삶에 어려운 선택과 균형 있는 판단의 에너지가 활발히 흐르고 있음을 알려줍니다. 이 흐름을 타고 원하는 방향으로 나아갈 최적의 시기입니다. 지금까지 망설이던 것이 있다면 용기를 내어 실천해보세요. 당신 내면의 힘과 현재의 기운이 잘 맞물려 있어 좋은 결과를 기대할 수 있습니다. 스스로를 믿고 오늘 하루를 충실히 살아가세요.
소드 2,일반,역방향,소드 2 카드 역방향은 혼란과 정보 과부하의 에너지가 삶의 흐름에 영향을 미치고 있음을 나타냅니다. 지금 당장 결과가 나오지 않더라도 조급해하지 마세요. 멈춘 것처럼 보이는 이 시간이 사실은 더 단단해지는 준비 기간입니다. 내면을 돌아보고 방향을 재정비하면 곧 다시 좋은 흐름이 찾아올 것입니다.
소드 3,연애,정방향,소드 3 카드가 연애에서 정방향으로 나타났습니다. 이 카드는 가슴 아픈 상처와 슬픔의 에너지를 담고 있습니다. 지금 당신의 감정과 관계에 이 에너지가 긍정적으로 흐르고 있습니다. 상대방과의 관계에서 진심을 표현하고 서로에게 솔직해지는 것이 깊은 연결로 이어질 것입니다. 두려움 없이 마음을 열고 현재의 감정에 충실해보세요. 지금 이 흐름을 믿고 따라가면 아름다운 결실을 맺게 됩니다.
소드 3,연애,역방향,소드 3 카드가 역방향으로 나타났습니다. 연애에서 회복과 치유의 시작의 기운이 영향을 미치고 있습니다. 관계에서 무언가 막혀 있거나 소통이 원활하지 않을 수 있습니다. 지금은 상대방을 탓하기보다 자신의 감정과 패턴을 돌아볼 필요가 있습니다. 작은 오해가 쌓이기 전에 솔직한 대화로 풀어가세요. 내면을 정리하면 관계도 자연스럽게 안정을 찾아갑니다.
소드 3,직장,정방향,"소드 3 카드가 직장·커리어에서 긍정적인 신호를 보내고 있습니다. 가슴 아픈 상처와 슬픔의 에너지가 업무에 활력을 불어넣는 시기입니다. 그동안 준비해온 것들이 빛을 발할 때이며, 적극적으로 의견을 내고 기회를 잡아야 합니다. 동료와의 협력도 좋은 결과를 낳는 시기이므로 열린 마음으로 소통해보세요. 꾸준한 노력이 분명한 성과로 이어지는 흐름이 형성되고 있습니다."
소드 3,직장,역방향,소드 3 카드가 직장에서 역방향으로 나타났습니다. 회복과 치유의 시작의 에너지가 발목을 잡고 있을 수 있습니다. 업무에서 예상치 못한 장애물이나 소통 문제가 생길 수 있으니 신중하게 접근하세요. 무리하게 밀어붙이기보다 현재 상황을 점검하고 기반을 다지는 것이 중요합니다. 작은 것부터 꼼꼼히 챙기면 다시 안정을 찾을 수 있습니다.
소드 3,일반,정방향,소드 3 카드는 지금 당신의 삶에 가슴 아픈 상처와 슬픔의 에너지가 활발히 흐르고 있음을 알려줍니다. 이 흐름을 타고 원하는 방향으로 나아갈 최적의 시기입니다. 지금까지 망설이던 것이 있다면 용기를 내어 실천해보세요. 당신 내면의 힘과 현재의 기운이 잘 맞물려 있어 좋은 결과를 기대할 수 있습니다. 스스로를 믿고 오늘 하루를 충실히 살아가세요.
소드 3,일반,역방향,소드 3 카드 역방향은 회복과 치유의 시작의 에너지가 삶의 흐름에 영향을 미치고 있음을 나타냅니다. 지금 당장 결과가 나오지 않더라도 조급해하지 마세요. 멈춘 것처럼 보이는 이 시간이 사실은 더 단단해지는 준비 기간입니다. 내면을 돌아보고 방향을 재정비하면 곧 다시 좋은 흐름이 찾아올 것입니다.
소드 4,연애,정방향,소드 4 카드가 연애에서 정방향으로 나타났습니다. 이 카드는 충분한 휴식과 내면의 회복의 에너지를 담고 있습니다. 지금 당신의 감정과 관계에 이 에너지가 긍정적으로 흐르고 있습니다. 상대방과의 관계에서 진심을 표현하고 서로에게 솔직해지는 것이 깊은 연결로 이어질 것입니다. 두려움 없이 마음을 열고 현재의 감정에 충실해보세요. 지금 이 흐름을 믿고 따라가면 아름다운 결실을 맺게 됩니다.
소드 4,연애,역방향,소드 4 카드가 역방향으로 나타났습니다. 연애에서 재활성화와 활동 재개의 기운이 영향을 미치고 있습니다. 관계에서 무언가 막혀 있거나 소통이 원활하지 않을 수 있습니다. 지금은 상대방을 탓하기보다 자신의 감정과 패턴을 돌아볼 필요가 있습니다. 작은 오해가 쌓이기 전에 솔직한 대화로 풀어가세요. 내면을 정리하면 관계도 자연스럽게 안정을 찾아갑니다.
소드 4,직장,정방향,"소드 4 카드가 직장·커리어에서 긍정적인 신호를 보내고 있습니다. 충분한 휴식과 내면의 회복의 에너지가 업무에 활력을 불어넣는 시기입니다. 그동안 준비해온 것들이 빛을 발할 때이며, 적극적으로 의견을 내고 기회를 잡아야 합니다. 동료와의 협력도 좋은 결과를 낳는 시기이므로 열린 마음으로 소통해보세요. 꾸준한 노력이 분명한 성과로 이어지는 흐름이 형성되고 있습니다."
소드 4,직장,역방향,소드 4 카드가 직장에서 역방향으로 나타났습니다. 재활성화와 활동 재개의 에너지가 발목을 잡고 있을 수 있습니다. 업무에서 예상치 못한 장애물이나 소통 문제가 생길 수 있으니 신중하게 접근하세요. 무리하게 밀어붙이기보다 현재 상황을 점검하고 기반을 다지는 것이 중요합니다. 작은 것부터 꼼꼼히 챙기면 다시 안정을 찾을 수 있습니다.
소드 4,일반,정방향,소드 4 카드는 지금 당신의 삶에 충분한 휴식과 내면의 회복의 에너지가 활발히 흐르고 있음을 알려줍니다. 이 흐름을 타고 원하는 방향으로 나아갈 최적의 시기입니다. 지금까지 망설이던 것이 있다면 용기를 내어 실천해보세요. 당신 내면의 힘과 현재의 기운이 잘 맞물려 있어 좋은 결과를 기대할 수 있습니다. 스스로를 믿고 오늘 하루를 충실히 살아가세요.
소드 4,일반,역방향,소드 4 카드 역방향은 재활성화와 활동 재개의 에너지가 삶의 흐름에 영향을 미치고 있음을 나타냅니다. 지금 당장 결과가 나오지 않더라도 조급해하지 마세요. 멈춘 것처럼 보이는 이 시간이 사실은 더 단단해지는 준비 기간입니다. 내면을 돌아보고 방향을 재정비하면 곧 다시 좋은 흐름이 찾아올 것입니다.
소드 5,연애,정방향,소드 5 카드가 연애에서 정방향으로 나타났습니다. 이 카드는 갈등 후 교훈을 얻는 과정의 에너지를 담고 있습니다. 지금 당신의 감정과 관계에 이 에너지가 긍정적으로 흐르고 있습니다. 상대방과의 관계에서 진심을 표현하고 서로에게 솔직해지는 것이 깊은 연결로 이어질 것입니다. 두려움 없이 마음을 열고 현재의 감정에 충실해보세요. 지금 이 흐름을 믿고 따라가면 아름다운 결실을 맺게 됩니다.
소드 5,연애,역방향,소드 5 카드가 역방향으로 나타났습니다. 연애에서 피해 의식과 화해 거부의 기운이 영향을 미치고 있습니다. 관계에서 무언가 막혀 있거나 소통이 원활하지 않을 수 있습니다. 지금은 상대방을 탓하기보다 자신의 감정과 패턴을 돌아볼 필요가 있습니다. 작은 오해가 쌓이기 전에 솔직한 대화로 풀어가세요. 내면을 정리하면 관계도 자연스럽게 안정을 찾아갑니다.
소드 5,직장,정방향,"소드 5 카드가 직장·커리어에서 긍정적인 신호를 보내고 있습니다. 갈등 후 교훈을 얻는 과정의 에너지가 업무에 활력을 불어넣는 시기입니다. 그동안 준비해온 것들이 빛을 발할 때이며, 적극적으로 의견을 내고 기회를 잡아야 합니다. 동료와의 협력도 좋은 결과를 낳는 시기이므로 열린 마음으로 소통해보세요. 꾸준한 노력이 분명한 성과로 이어지는 흐름이 형성되고 있습니다."
소드 5,직장,역방향,소드 5 카드가 직장에서 역방향으로 나타났습니다. 피해 의식과 화해 거부의 에너지가 발목을 잡고 있을 수 있습니다. 업무에서 예상치 못한 장애물이나 소통 문제가 생길 수 있으니 신중하게 접근하세요. 무리하게 밀어붙이기보다 현재 상황을 점검하고 기반을 다지는 것이 중요합니다. 작은 것부터 꼼꼼히 챙기면 다시 안정을 찾을 수 있습니다.
소드 5,일반,정방향,소드 5 카드는 지금 당신의 삶에 갈등 후 교훈을 얻는 과정의 에너지가 활발히 흐르고 있음을 알려줍니다. 이 흐름을 타고 원하는 방향으로 나아갈 최적의 시기입니다. 지금까지 망설이던 것이 있다면 용기를 내어 실천해보세요. 당신 내면의 힘과 현재의 기운이 잘 맞물려 있어 좋은 결과를 기대할 수 있습니다. 스스로를 믿고 오늘 하루를 충실히 살아가세요.
소드 5,일반,역방향,소드 5 카드 역방향은 피해 의식과 화해 거부의 에너지가 삶의 흐름에 영향을 미치고 있음을 나타냅니다. 지금 당장 결과가 나오지 않더라도 조급해하지 마세요. 멈춘 것처럼 보이는 이 시간이 사실은 더 단단해지는 준비 기간입니다. 내면을 돌아보고 방향을 재정비하면 곧 다시 좋은 흐름이 찾아올 것입니다.
소드 6,연애,정방향,소드 6 카드가 연애에서 정방향으로 나타났습니다. 이 카드는 더 나은 곳으로의 전환과 희망의 에너지를 담고 있습니다. 지금 당신의 감정과 관계에 이 에너지가 긍정적으로 흐르고 있습니다. 상대방과의 관계에서 진심을 표현하고 서로에게 솔직해지는 것이 깊은 연결로 이어질 것입니다. 두려움 없이 마음을 열고 현재의 감정에 충실해보세요. 지금 이 흐름을 믿고 따라가면 아름다운 결실을 맺게 됩니다.
소드 6,연애,역방향,소드 6 카드가 역방향으로 나타났습니다. 연애에서 변화 저항과 이행 두려움의 기운이 영향을 미치고 있습니다. 관계에서 무언가 막혀 있거나 소통이 원활하지 않을 수 있습니다. 지금은 상대방을 탓하기보다 자신의 감정과 패턴을 돌아볼 필요가 있습니다. 작은 오해가 쌓이기 전에 솔직한 대화로 풀어가세요. 내면을 정리하면 관계도 자연스럽게 안정을 찾아갑니다.
소드 6,직장,정방향,"소드 6 카드가 직장·커리어에서 긍정적인 신호를 보내고 있습니다. 더 나은 곳으로의 전환과 희망의 에너지가 업무에 활력을 불어넣는 시기입니다. 그동안 준비해온 것들이 빛을 발할 때이며, 적극적으로 의견을 내고 기회를 잡아야 합니다. 동료와의 협력도 좋은 결과를 낳는 시기이므로 열린 마음으로 소통해보세요. 꾸준한 노력이 분명한 성과로 이어지는 흐름이 형성되고 있습니다."
소드 6,직장,역방향,소드 6 카드가 직장에서 역방향으로 나타났습니다. 변화 저항과 이행 두려움의 에너지가 발목을 잡고 있을 수 있습니다. 업무에서 예상치 못한 장애물이나 소통 문제가 생길 수 있으니 신중하게 접근하세요. 무리하게 밀어붙이기보다 현재 상황을 점검하고 기반을 다지는 것이 중요합니다. 작은 것부터 꼼꼼히 챙기면 다시 안정을 찾을 수 있습니다.
소드 6,일반,정방향,소드 6 카드는 지금 당신의 삶에 더 나은 곳으로의 전환과 희망의 에너지가 활발히 흐르고 있음을 알려줍니다. 이 흐름을 타고 원하는 방향으로 나아갈 최적의 시기입니다. 지금까지 망설이던 것이 있다면 용기를 내어 실천해보세요. 당신 내면의 힘과 현재의 기운이 잘 맞물려 있어 좋은 결과를 기대할 수 있습니다. 스스로를 믿고 오늘 하루를 충실히 살아가세요.
소드 6,일반,역방향,소드 6 카드 역방향은 변화 저항과 이행 두려움의 에너지가 삶의 흐름에 영향을 미치고 있음을 나타냅니다. 지금 당장 결과가 나오지 않더라도 조급해하지 마세요. 멈춘 것처럼 보이는 이 시간이 사실은 더 단단해지는 준비 기간입니다. 내면을 돌아보고 방향을 재정비하면 곧 다시 좋은 흐름이 찾아올 것입니다.
소드 7,연애,정방향,소드 7 카드가 연애에서 정방향으로 나타났습니다. 이 카드는 전략적 판단과 영리한 접근의 에너지를 담고 있습니다. 지금 당신의 감정과 관계에 이 에너지가 긍정적으로 흐르고 있습니다. 상대방과의 관계에서 진심을 표현하고 서로에게 솔직해지는 것이 깊은 연결로 이어질 것입니다. 두려움 없이 마음을 열고 현재의 감정에 충실해보세요. 지금 이 흐름을 믿고 따라가면 아름다운 결실을 맺게 됩니다.
소드 7,연애,역방향,소드 7 카드가 역방향으로 나타났습니다. 연애에서 배신과 숨겨진 의도의 기운이 영향을 미치고 있습니다. 관계에서 무언가 막혀 있거나 소통이 원활하지 않을 수 있습니다. 지금은 상대방을 탓하기보다 자신의 감정과 패턴을 돌아볼 필요가 있습니다. 작은 오해가 쌓이기 전에 솔직한 대화로 풀어가세요. 내면을 정리하면 관계도 자연스럽게 안정을 찾아갑니다.
소드 7,직장,정방향,"소드 7 카드가 직장·커리어에서 긍정적인 신호를 보내고 있습니다. 전략적 판단과 영리한 접근의 에너지가 업무에 활력을 불어넣는 시기입니다. 그동안 준비해온 것들이 빛을 발할 때이며, 적극적으로 의견을 내고 기회를 잡아야 합니다. 동료와의 협력도 좋은 결과를 낳는 시기이므로 열린 마음으로 소통해보세요. 꾸준한 노력이 분명한 성과로 이어지는 흐름이 형성되고 있습니다."
소드 7,직장,역방향,소드 7 카드가 직장에서 역방향으로 나타났습니다. 배신과 숨겨진 의도의 에너지가 발목을 잡고 있을 수 있습니다. 업무에서 예상치 못한 장애물이나 소통 문제가 생길 수 있으니 신중하게 접근하세요. 무리하게 밀어붙이기보다 현재 상황을 점검하고 기반을 다지는 것이 중요합니다. 작은 것부터 꼼꼼히 챙기면 다시 안정을 찾을 수 있습니다.
소드 7,일반,정방향,소드 7 카드는 지금 당신의 삶에 전략적 판단과 영리한 접근의 에너지가 활발히 흐르고 있음을 알려줍니다. 이 흐름을 타고 원하는 방향으로 나아갈 최적의 시기입니다. 지금까지 망설이던 것이 있다면 용기를 내어 실천해보세요. 당신 내면의 힘과 현재의 기운이 잘 맞물려 있어 좋은 결과를 기대할 수 있습니다. 스스로를 믿고 오늘 하루를 충실히 살아가세요.
소드 7,일반,역방향,소드 7 카드 역방향은 배신과 숨겨진 의도의 에너지가 삶의 흐름에 영향을 미치고 있음을 나타냅니다. 지금 당장 결과가 나오지 않더라도 조급해하지 마세요. 멈춘 것처럼 보이는 이 시간이 사실은 더 단단해지는 준비 기간입니다. 내면을 돌아보고 방향을 재정비하면 곧 다시 좋은 흐름이 찾아올 것입니다.
소드 8,연애,정방향,소드 8 카드가 연애에서 정방향으로 나타났습니다. 이 카드는 내면의 두려움이 만든 제약의 에너지를 담고 있습니다. 지금 당신의 감정과 관계에 이 에너지가 긍정적으로 흐르고 있습니다. 상대방과의 관계에서 진심을 표현하고 서로에게 솔직해지는 것이 깊은 연결로 이어질 것입니다. 두려움 없이 마음을 열고 현재의 감정에 충실해보세요. 지금 이 흐름을 믿고 따라가면 아름다운 결실을 맺게 됩니다.
소드 8,연애,역방향,소드 8 카드가 역방향으로 나타났습니다. 연애에서 억압에서 벗어나는 자유의 기운이 영향을 미치고 있습니다. 관계에서 무언가 막혀 있거나 소통이 원활하지 않을 수 있습니다. 지금은 상대방을 탓하기보다 자신의 감정과 패턴을 돌아볼 필요가 있습니다. 작은 오해가 쌓이기 전에 솔직한 대화로 풀어가세요. 내면을 정리하면 관계도 자연스럽게 안정을 찾아갑니다.
소드 8,직장,정방향,"소드 8 카드가 직장·커리어에서 긍정적인 신호를 보내고 있습니다. 내면의 두려움이 만든 제약의 에너지가 업무에 활력을 불어넣는 시기입니다. 그동안 준비해온 것들이 빛을 발할 때이며, 적극적으로 의견을 내고 기회를 잡아야 합니다. 동료와의 협력도 좋은 결과를 낳는 시기이므로 열린 마음으로 소통해보세요. 꾸준한 노력이 분명한 성과로 이어지는 흐름이 형성되고 있습니다."
소드 8,직장,역방향,소드 8 카드가 직장에서 역방향으로 나타났습니다. 억압에서 벗어나는 자유의 에너지가 발목을 잡고 있을 수 있습니다. 업무에서 예상치 못한 장애물이나 소통 문제가 생길 수 있으니 신중하게 접근하세요. 무리하게 밀어붙이기보다 현재 상황을 점검하고 기반을 다지는 것이 중요합니다. 작은 것부터 꼼꼼히 챙기면 다시 안정을 찾을 수 있습니다.
소드 8,일반,정방향,소드 8 카드는 지금 당신의 삶에 내면의 두려움이 만든 제약의 에너지가 활발히 흐르고 있음을 알려줍니다. 이 흐름을 타고 원하는 방향으로 나아갈 최적의 시기입니다. 지금까지 망설이던 것이 있다면 용기를 내어 실천해보세요. 당신 내면의 힘과 현재의 기운이 잘 맞물려 있어 좋은 결과를 기대할 수 있습니다. 스스로를 믿고 오늘 하루를 충실히 살아가세요.
소드 8,일반,역방향,소드 8 카드 역방향은 억압에서 벗어나는 자유의 에너지가 삶의 흐름에 영향을 미치고 있음을 나타냅니다. 지금 당장 결과가 나오지 않더라도 조급해하지 마세요. 멈춘 것처럼 보이는 이 시간이 사실은 더 단단해지는 준비 기간입니다. 내면을 돌아보고 방향을 재정비하면 곧 다시 좋은 흐름이 찾아올 것입니다.
소드 9,연애,정방향,소드 9 카드가 연애에서 정방향으로 나타났습니다. 이 카드는 불안과 걱정이 극대화된 순간의 에너지를 담고 있습니다. 지금 당신의 감정과 관계에 이 에너지가 긍정적으로 흐르고 있습니다. 상대방과의 관계에서 진심을 표현하고 서로에게 솔직해지는 것이 깊은 연결로 이어질 것입니다. 두려움 없이 마음을 열고 현재의 감정에 충실해보세요. 지금 이 흐름을 믿고 따라가면 아름다운 결실을 맺게 됩니다.
소드 9,연애,역방향,소드 9 카드가 역방향으로 나타났습니다. 연애에서 희망의 빛과 위기 완화의 기운이 영향을 미치고 있습니다. 관계에서 무언가 막혀 있거나 소통이 원활하지 않을 수 있습니다. 지금은 상대방을 탓하기보다 자신의 감정과 패턴을 돌아볼 필요가 있습니다. 작은 오해가 쌓이기 전에 솔직한 대화로 풀어가세요. 내면을 정리하면 관계도 자연스럽게 안정을 찾아갑니다.
소드 9,직장,정방향,"소드 9 카드가 직장·커리어에서 긍정적인 신호를 보내고 있습니다. 불안과 걱정이 극대화된 순간의 에너지가 업무에 활력을 불어넣는 시기입니다. 그동안 준비해온 것들이 빛을 발할 때이며, 적극적으로 의견을 내고 기회를 잡아야 합니다. 동료와의 협력도 좋은 결과를 낳는 시기이므로 열린 마음으로 소통해보세요. 꾸준한 노력이 분명한 성과로 이어지는 흐름이 형성되고 있습니다."
소드 9,직장,역방향,소드 9 카드가 직장에서 역방향으로 나타났습니다. 희망의 빛과 위기 완화의 에너지가 발목을 잡고 있을 수 있습니다. 업무에서 예상치 못한 장애물이나 소통 문제가 생길 수 있으니 신중하게 접근하세요. 무리하게 밀어붙이기보다 현재 상황을 점검하고 기반을 다지는 것이 중요합니다. 작은 것부터 꼼꼼히 챙기면 다시 안정을 찾을 수 있습니다.
소드 9,일반,정방향,소드 9 카드는 지금 당신의 삶에 불안과 걱정이 극대화된 순간의 에너지가 활발히 흐르고 있음을 알려줍니다. 이 흐름을 타고 원하는 방향으로 나아갈 최적의 시기입니다. 지금까지 망설이던 것이 있다면 용기를 내어 실천해보세요. 당신 내면의 힘과 현재의 기운이 잘 맞물려 있어 좋은 결과를 기대할 수 있습니다. 스스로를 믿고 오늘 하루를 충실히 살아가세요.
소드 9,일반,역방향,소드 9 카드 역방향은 희망의 빛과 위기 완화의 에너지가 삶의 흐름에 영향을 미치고 있음을 나타냅니다. 지금 당장 결과가 나오지 않더라도 조급해하지 마세요. 멈춘 것처럼 보이는 이 시간이 사실은 더 단단해지는 준비 기간입니다. 내면을 돌아보고 방향을 재정비하면 곧 다시 좋은 흐름이 찾아올 것입니다.
소드 10,연애,정방향,소드 10 카드가 연애에서 정방향으로 나타났습니다. 이 카드는 고통스러운 끝 뒤의 새로운 시작의 에너지를 담고 있습니다. 지금 당신의 감정과 관계에 이 에너지가 긍정적으로 흐르고 있습니다. 상대방과의 관계에서 진심을 표현하고 서로에게 솔직해지는 것이 깊은 연결로 이어질 것입니다. 두려움 없이 마음을 열고 현재의 감정에 충실해보세요. 지금 이 흐름을 믿고 따라가면 아름다운 결실을 맺게 됩니다.
소드 10,연애,역방향,소드 10 카드가 역방향으로 나타났습니다. 연애에서 회복과 재생의 에너지의 기운이 영향을 미치고 있습니다. 관계에서 무언가 막혀 있거나 소통이 원활하지 않을 수 있습니다. 지금은 상대방을 탓하기보다 자신의 감정과 패턴을 돌아볼 필요가 있습니다. 작은 오해가 쌓이기 전에 솔직한 대화로 풀어가세요. 내면을 정리하면 관계도 자연스럽게 안정을 찾아갑니다.
소드 10,직장,정방향,"소드 10 카드가 직장·커리어에서 긍정적인 신호를 보내고 있습니다. 고통스러운 끝 뒤의 새로운 시작의 에너지가 업무에 활력을 불어넣는 시기입니다. 그동안 준비해온 것들이 빛을 발할 때이며, 적극적으로 의견을 내고 기회를 잡아야 합니다. 동료와의 협력도 좋은 결과를 낳는 시기이므로 열린 마음으로 소통해보세요. 꾸준한 노력이 분명한 성과로 이어지는 흐름이 형성되고 있습니다."
소드 10,직장,역방향,소드 10 카드가 직장에서 역방향으로 나타났습니다. 회복과 재생의 에너지의 에너지가 발목을 잡고 있을 수 있습니다. 업무에서 예상치 못한 장애물이나 소통 문제가 생길 수 있으니 신중하게 접근하세요. 무리하게 밀어붙이기보다 현재 상황을 점검하고 기반을 다지는 것이 중요합니다. 작은 것부터 꼼꼼히 챙기면 다시 안정을 찾을 수 있습니다.
소드 10,일반,정방향,소드 10 카드는 지금 당신의 삶에 고통스러운 끝 뒤의 새로운 시작의 에너지가 활발히 흐르고 있음을 알려줍니다. 이 흐름을 타고 원하는 방향으로 나아갈 최적의 시기입니다. 지금까지 망설이던 것이 있다면 용기를 내어 실천해보세요. 당신 내면의 힘과 현재의 기운이 잘 맞물려 있어 좋은 결과를 기대할 수 있습니다. 스스로를 믿고 오늘 하루를 충실히 살아가세요.
소드 10,일반,역방향,소드 10 카드 역방향은 회복과 재생의 에너지의 에너지가 삶의 흐름에 영향을 미치고 있음을 나타냅니다. 지금 당장 결과가 나오지 않더라도 조급해하지 마세요. 멈춘 것처럼 보이는 이 시간이 사실은 더 단단해지는 준비 기간입니다. 내면을 돌아보고 방향을 재정비하면 곧 다시 좋은 흐름이 찾아올 것입니다.
소드 시종,연애,정방향,소드 시종 카드가 연애에서 정방향으로 나타났습니다. 이 카드는 예리한 호기심과 민첩한 사고의 에너지를 담고 있습니다. 지금 당신의 감정과 관계에 이 에너지가 긍정적으로 흐르고 있습니다. 상대방과의 관계에서 진심을 표현하고 서로에게 솔직해지는 것이 깊은 연결로 이어질 것입니다. 두려움 없이 마음을 열고 현재의 감정에 충실해보세요. 지금 이 흐름을 믿고 따라가면 아름다운 결실을 맺게 됩니다.
소드 시종,연애,역방향,소드 시종 카드가 역방향으로 나타났습니다. 연애에서 경솔함과 냉정함 부족의 기운이 영향을 미치고 있습니다. 관계에서 무언가 막혀 있거나 소통이 원활하지 않을 수 있습니다. 지금은 상대방을 탓하기보다 자신의 감정과 패턴을 돌아볼 필요가 있습니다. 작은 오해가 쌓이기 전에 솔직한 대화로 풀어가세요. 내면을 정리하면 관계도 자연스럽게 안정을 찾아갑니다.
소드 시종,직장,정방향,"소드 시종 카드가 직장·커리어에서 긍정적인 신호를 보내고 있습니다. 예리한 호기심과 민첩한 사고의 에너지가 업무에 활력을 불어넣는 시기입니다. 그동안 준비해온 것들이 빛을 발할 때이며, 적극적으로 의견을 내고 기회를 잡아야 합니다. 동료와의 협력도 좋은 결과를 낳는 시기이므로 열린 마음으로 소통해보세요. 꾸준한 노력이 분명한 성과로 이어지는 흐름이 형성되고 있습니다."
소드 시종,직장,역방향,소드 시종 카드가 직장에서 역방향으로 나타났습니다. 경솔함과 냉정함 부족의 에너지가 발목을 잡고 있을 수 있습니다. 업무에서 예상치 못한 장애물이나 소통 문제가 생길 수 있으니 신중하게 접근하세요. 무리하게 밀어붙이기보다 현재 상황을 점검하고 기반을 다지는 것이 중요합니다. 작은 것부터 꼼꼼히 챙기면 다시 안정을 찾을 수 있습니다.
소드 시종,일반,정방향,소드 시종 카드는 지금 당신의 삶에 예리한 호기심과 민첩한 사고의 에너지가 활발히 흐르고 있음을 알려줍니다. 이 흐름을 타고 원하는 방향으로 나아갈 최적의 시기입니다. 지금까지 망설이던 것이 있다면 용기를 내어 실천해보세요. 당신 내면의 힘과 현재의 기운이 잘 맞물려 있어 좋은 결과를 기대할 수 있습니다. 스스로를 믿고 오늘 하루를 충실히 살아가세요.
소드 시종,일반,역방향,소드 시종 카드 역방향은 경솔함과 냉정함 부족의 에너지가 삶의 흐름에 영향을 미치고 있음을 나타냅니다. 지금 당장 결과가 나오지 않더라도 조급해하지 마세요. 멈춘 것처럼 보이는 이 시간이 사실은 더 단단해지는 준비 기간입니다. 내면을 돌아보고 방향을 재정비하면 곧 다시 좋은 흐름이 찾아올 것입니다.
소드 기사,연애,정방향,소드 기사 카드가 연애에서 정방향으로 나타났습니다. 이 카드는 야망을 향한 빠르고 용감한 행동의 에너지를 담고 있습니다. 지금 당신의 감정과 관계에 이 에너지가 긍정적으로 흐르고 있습니다. 상대방과의 관계에서 진심을 표현하고 서로에게 솔직해지는 것이 깊은 연결로 이어질 것입니다. 두려움 없이 마음을 열고 현재의 감정에 충실해보세요. 지금 이 흐름을 믿고 따라가면 아름다운 결실을 맺게 됩니다.
소드 기사,연애,역방향,소드 기사 카드가 역방향으로 나타났습니다. 연애에서 무모함과 갈등 유발의 기운이 영향을 미치고 있습니다. 관계에서 무언가 막혀 있거나 소통이 원활하지 않을 수 있습니다. 지금은 상대방을 탓하기보다 자신의 감정과 패턴을 돌아볼 필요가 있습니다. 작은 오해가 쌓이기 전에 솔직한 대화로 풀어가세요. 내면을 정리하면 관계도 자연스럽게 안정을 찾아갑니다.
소드 기사,직장,정방향,"소드 기사 카드가 직장·커리어에서 긍정적인 신호를 보내고 있습니다. 야망을 향한 빠르고 용감한 행동의 에너지가 업무에 활력을 불어넣는 시기입니다. 그동안 준비해온 것들이 빛을 발할 때이며, 적극적으로 의견을 내고 기회를 잡아야 합니다. 동료와의 협력도 좋은 결과를 낳는 시기이므로 열린 마음으로 소통해보세요. 꾸준한 노력이 분명한 성과로 이어지는 흐름이 형성되고 있습니다."
소드 기사,직장,역방향,소드 기사 카드가 직장에서 역방향으로 나타났습니다. 무모함과 갈등 유발의 에너지가 발목을 잡고 있을 수 있습니다. 업무에서 예상치 못한 장애물이나 소통 문제가 생길 수 있으니 신중하게 접근하세요. 무리하게 밀어붙이기보다 현재 상황을 점검하고 기반을 다지는 것이 중요합니다. 작은 것부터 꼼꼼히 챙기면 다시 안정을 찾을 수 있습니다.
소드 기사,일반,정방향,소드 기사 카드는 지금 당신의 삶에 야망을 향한 빠르고 용감한 행동의 에너지가 활발히 흐르고 있음을 알려줍니다. 이 흐름을 타고 원하는 방향으로 나아갈 최적의 시기입니다. 지금까지 망설이던 것이 있다면 용기를 내어 실천해보세요. 당신 내면의 힘과 현재의 기운이 잘 맞물려 있어 좋은 결과를 기대할 수 있습니다. 스스로를 믿고 오늘 하루를 충실히 살아가세요.
소드 기사,일반,역방향,소드 기사 카드 역방향은 무모함과 갈등 유발의 에너지가 삶의 흐름에 영향을 미치고 있음을 나타냅니다. 지금 당장 결과가 나오지 않더라도 조급해하지 마세요. 멈춘 것처럼 보이는 이 시간이 사실은 더 단단해지는 준비 기간입니다. 내면을 돌아보고 방향을 재정비하면 곧 다시 좋은 흐름이 찾아올 것입니다.
소드 여왕,연애,정방향,소드 여왕 카드가 연애에서 정방향으로 나타났습니다. 이 카드는 독립적이고 명석한 판단력의 에너지를 담고 있습니다. 지금 당신의 감정과 관계에 이 에너지가 긍정적으로 흐르고 있습니다. 상대방과의 관계에서 진심을 표현하고 서로에게 솔직해지는 것이 깊은 연결로 이어질 것입니다. 두려움 없이 마음을 열고 현재의 감정에 충실해보세요. 지금 이 흐름을 믿고 따라가면 아름다운 결실을 맺게 됩니다.
소드 여왕,연애,역방향,소드 여왕 카드가 역방향으로 나타났습니다. 연애에서 냉담함과 날카로운 비판의 기운이 영향을 미치고 있습니다. 관계에서 무언가 막혀 있거나 소통이 원활하지 않을 수 있습니다. 지금은 상대방을 탓하기보다 자신의 감정과 패턴을 돌아볼 필요가 있습니다. 작은 오해가 쌓이기 전에 솔직한 대화로 풀어가세요. 내면을 정리하면 관계도 자연스럽게 안정을 찾아갑니다.
소드 여왕,직장,정방향,"소드 여왕 카드가 직장·커리어에서 긍정적인 신호를 보내고 있습니다. 독립적이고 명석한 판단력의 에너지가 업무에 활력을 불어넣는 시기입니다. 그동안 준비해온 것들이 빛을 발할 때이며, 적극적으로 의견을 내고 기회를 잡아야 합니다. 동료와의 협력도 좋은 결과를 낳는 시기이므로 열린 마음으로 소통해보세요. 꾸준한 노력이 분명한 성과로 이어지는 흐름이 형성되고 있습니다."
소드 여왕,직장,역방향,소드 여왕 카드가 직장에서 역방향으로 나타났습니다. 냉담함과 날카로운 비판의 에너지가 발목을 잡고 있을 수 있습니다. 업무에서 예상치 못한 장애물이나 소통 문제가 생길 수 있으니 신중하게 접근하세요. 무리하게 밀어붙이기보다 현재 상황을 점검하고 기반을 다지는 것이 중요합니다. 작은 것부터 꼼꼼히 챙기면 다시 안정을 찾을 수 있습니다.
소드 여왕,일반,정방향,소드 여왕 카드는 지금 당신의 삶에 독립적이고 명석한 판단력의 에너지가 활발히 흐르고 있음을 알려줍니다. 이 흐름을 타고 원하는 방향으로 나아갈 최적의 시기입니다. 지금까지 망설이던 것이 있다면 용기를 내어 실천해보세요. 당신 내면의 힘과 현재의 기운이 잘 맞물려 있어 좋은 결과를 기대할 수 있습니다. 스스로를 믿고 오늘 하루를 충실히 살아가세요.
소드 여왕,일반,역방향,소드 여왕 카드 역방향은 냉담함과 날카로운 비판의 에너지가 삶의 흐름에 영향을 미치고 있음을 나타냅니다. 지금 당장 결과가 나오지 않더라도 조급해하지 마세요. 멈춘 것처럼 보이는 이 시간이 사실은 더 단단해지는 준비 기간입니다. 내면을 돌아보고 방향을 재정비하면 곧 다시 좋은 흐름이 찾아올 것입니다.
소드 왕,연애,정방향,소드 왕 카드가 연애에서 정방향으로 나타났습니다. 이 카드는 지성과 권위로 이끄는 리더십의 에너지를 담고 있습니다. 지금 당신의 감정과 관계에 이 에너지가 긍정적으로 흐르고 있습니다. 상대방과의 관계에서 진심을 표현하고 서로에게 솔직해지는 것이 깊은 연결로 이어질 것입니다. 두려움 없이 마음을 열고 현재의 감정에 충실해보세요. 지금 이 흐름을 믿고 따라가면 아름다운 결실을 맺게 됩니다.
소드 왕,연애,역방향,소드 왕 카드가 역방향으로 나타났습니다. 연애에서 독단과 불의의 기운이 영향을 미치고 있습니다. 관계에서 무언가 막혀 있거나 소통이 원활하지 않을 수 있습니다. 지금은 상대방을 탓하기보다 자신의 감정과 패턴을 돌아볼 필요가 있습니다. 작은 오해가 쌓이기 전에 솔직한 대화로 풀어가세요. 내면을 정리하면 관계도 자연스럽게 안정을 찾아갑니다.
소드 왕,직장,정방향,"소드 왕 카드가 직장·커리어에서 긍정적인 신호를 보내고 있습니다. 지성과 권위로 이끄는 리더십의 에너지가 업무에 활력을 불어넣는 시기입니다. 그동안 준비해온 것들이 빛을 발할 때이며, 적극적으로 의견을 내고 기회를 잡아야 합니다. 동료와의 협력도 좋은 결과를 낳는 시기이므로 열린 마음으로 소통해보세요. 꾸준한 노력이 분명한 성과로 이어지는 흐름이 형성되고 있습니다."
소드 왕,직장,역방향,소드 왕 카드가 직장에서 역방향으로 나타났습니다. 독단과 불의의 에너지가 발목을 잡고 있을 수 있습니다. 업무에서 예상치 못한 장애물이나 소통 문제가 생길 수 있으니 신중하게 접근하세요. 무리하게 밀어붙이기보다 현재 상황을 점검하고 기반을 다지는 것이 중요합니다. 작은 것부터 꼼꼼히 챙기면 다시 안정을 찾을 수 있습니다.
소드 왕,일반,정방향,소드 왕 카드는 지금 당신의 삶에 지성과 권위로 이끄는 리더십의 에너지가 활발히 흐르고 있음을 알려줍니다. 이 흐름을 타고 원하는 방향으로 나아갈 최적의 시기입니다. 지금까지 망설이던 것이 있다면 용기를 내어 실천해보세요. 당신 내면의 힘과 현재의 기운이 잘 맞물려 있어 좋은 결과를 기대할 수 있습니다. 스스로를 믿고 오늘 하루를 충실히 살아가세요.
소드 왕,일반,역방향,소드 왕 카드 역방향은 독단과 불의의 에너지가 삶의 흐름에 영향을 미치고 있음을 나타냅니다. 지금 당장 결과가 나오지 않더라도 조급해하지 마세요. 멈춘 것처럼 보이는 이 시간이 사실은 더 단단해지는 준비 기간입니다. 내면을 돌아보고 방향을 재정비하면 곧 다시 좋은 흐름이 찾아올 것입니다.
펜타클 에이스,연애,정방향,펜타클 에이스 카드가 연애에서 정방향으로 나타났습니다. 이 카드는 새로운 물질적 기회와 풍요의 에너지를 담고 있습니다. 지금 당신의 감정과 관계에 이 에너지가 긍정적으로 흐르고 있습니다. 상대방과의 관계에서 진심을 표현하고 서로에게 솔직해지는 것이 깊은 연결로 이어질 것입니다. 두려움 없이 마음을 열고 현재의 감정에 충실해보세요. 지금 이 흐름을 믿고 따라가면 아름다운 결실을 맺게 됩니다.
펜타클 에이스,연애,역방향,펜타클 에이스 카드가 역방향으로 나타났습니다. 연애에서 기회 손실과 재정 불안의 기운이 영향을 미치고 있습니다. 관계에서 무언가 막혀 있거나 소통이 원활하지 않을 수 있습니다. 지금은 상대방을 탓하기보다 자신의 감정과 패턴을 돌아볼 필요가 있습니다. 작은 오해가 쌓이기 전에 솔직한 대화로 풀어가세요. 내면을 정리하면 관계도 자연스럽게 안정을 찾아갑니다.
펜타클 에이스,직장,정방향,"펜타클 에이스 카드가 직장·커리어에서 긍정적인 신호를 보내고 있습니다. 새로운 물질적 기회와 풍요의 에너지가 업무에 활력을 불어넣는 시기입니다. 그동안 준비해온 것들이 빛을 발할 때이며, 적극적으로 의견을 내고 기회를 잡아야 합니다. 동료와의 협력도 좋은 결과를 낳는 시기이므로 열린 마음으로 소통해보세요. 꾸준한 노력이 분명한 성과로 이어지는 흐름이 형성되고 있습니다."
펜타클 에이스,직장,역방향,펜타클 에이스 카드가 직장에서 역방향으로 나타났습니다. 기회 손실과 재정 불안의 에너지가 발목을 잡고 있을 수 있습니다. 업무에서 예상치 못한 장애물이나 소통 문제가 생길 수 있으니 신중하게 접근하세요. 무리하게 밀어붙이기보다 현재 상황을 점검하고 기반을 다지는 것이 중요합니다. 작은 것부터 꼼꼼히 챙기면 다시 안정을 찾을 수 있습니다.
펜타클 에이스,일반,정방향,펜타클 에이스 카드는 지금 당신의 삶에 새로운 물질적 기회와 풍요의 에너지가 활발히 흐르고 있음을 알려줍니다. 이 흐름을 타고 원하는 방향으로 나아갈 최적의 시기입니다. 지금까지 망설이던 것이 있다면 용기를 내어 실천해보세요. 당신 내면의 힘과 현재의 기운이 잘 맞물려 있어 좋은 결과를 기대할 수 있습니다. 스스로를 믿고 오늘 하루를 충실히 살아가세요.
펜타클 에이스,일반,역방향,펜타클 에이스 카드 역방향은 기회 손실과 재정 불안의 에너지가 삶의 흐름에 영향을 미치고 있음을 나타냅니다. 지금 당장 결과가 나오지 않더라도 조급해하지 마세요. 멈춘 것처럼 보이는 이 시간이 사실은 더 단단해지는 준비 기간입니다. 내면을 돌아보고 방향을 재정비하면 곧 다시 좋은 흐름이 찾아올 것입니다.
펜타클 2,연애,정방향,펜타클 2 카드가 연애에서 정방향으로 나타났습니다. 이 카드는 여러 역할을 균형 있게 조율의 에너지를 담고 있습니다. 지금 당신의 감정과 관계에 이 에너지가 긍정적으로 흐르고 있습니다. 상대방과의 관계에서 진심을 표현하고 서로에게 솔직해지는 것이 깊은 연결로 이어질 것입니다. 두려움 없이 마음을 열고 현재의 감정에 충실해보세요. 지금 이 흐름을 믿고 따라가면 아름다운 결실을 맺게 됩니다.
펜타클 2,연애,역방향,펜타클 2 카드가 역방향으로 나타났습니다. 연애에서 과부하와 혼란의 기운이 영향을 미치고 있습니다. 관계에서 무언가 막혀 있거나 소통이 원활하지 않을 수 있습니다. 지금은 상대방을 탓하기보다 자신의 감정과 패턴을 돌아볼 필요가 있습니다. 작은 오해가 쌓이기 전에 솔직한 대화로 풀어가세요. 내면을 정리하면 관계도 자연스럽게 안정을 찾아갑니다.
펜타클 2,직장,정방향,"펜타클 2 카드가 직장·커리어에서 긍정적인 신호를 보내고 있습니다. 여러 역할을 균형 있게 조율의 에너지가 업무에 활력을 불어넣는 시기입니다. 그동안 준비해온 것들이 빛을 발할 때이며, 적극적으로 의견을 내고 기회를 잡아야 합니다. 동료와의 협력도 좋은 결과를 낳는 시기이므로 열린 마음으로 소통해보세요. 꾸준한 노력이 분명한 성과로 이어지는 흐름이 형성되고 있습니다."
펜타클 2,직장,역방향,펜타클 2 카드가 직장에서 역방향으로 나타났습니다. 과부하와 혼란의 에너지가 발목을 잡고 있을 수 있습니다. 업무에서 예상치 못한 장애물이나 소통 문제가 생길 수 있으니 신중하게 접근하세요. 무리하게 밀어붙이기보다 현재 상황을 점검하고 기반을 다지는 것이 중요합니다. 작은 것부터 꼼꼼히 챙기면 다시 안정을 찾을 수 있습니다.
펜타클 2,일반,정방향,펜타클 2 카드는 지금 당신의 삶에 여러 역할을 균형 있게 조율의 에너지가 활발히 흐르고 있음을 알려줍니다. 이 흐름을 타고 원하는 방향으로 나아갈 최적의 시기입니다. 지금까지 망설이던 것이 있다면 용기를 내어 실천해보세요. 당신 내면의 힘과 현재의 기운이 잘 맞물려 있어 좋은 결과를 기대할 수 있습니다. 스스로를 믿고 오늘 하루를 충실히 살아가세요.
펜타클 2,일반,역방향,펜타클 2 카드 역방향은 과부하와 혼란의 에너지가 삶의 흐름에 영향을 미치고 있음을 나타냅니다. 지금 당장 결과가 나오지 않더라도 조급해하지 마세요. 멈춘 것처럼 보이는 이 시간이 사실은 더 단단해지는 준비 기간입니다. 내면을 돌아보고 방향을 재정비하면 곧 다시 좋은 흐름이 찾아올 것입니다.
펜타클 3,연애,정방향,펜타클 3 카드가 연애에서 정방향으로 나타났습니다. 이 카드는 팀워크로 만들어내는 성과의 에너지를 담고 있습니다. 지금 당신의 감정과 관계에 이 에너지가 긍정적으로 흐르고 있습니다. 상대방과의 관계에서 진심을 표현하고 서로에게 솔직해지는 것이 깊은 연결로 이어질 것입니다. 두려움 없이 마음을 열고 현재의 감정에 충실해보세요. 지금 이 흐름을 믿고 따라가면 아름다운 결실을 맺게 됩니다.
펜타클 3,연애,역방향,펜타클 3 카드가 역방향으로 나타났습니다. 연애에서 협력 부재와 기술 미숙의 기운이 영향을 미치고 있습니다. 관계에서 무언가 막혀 있거나 소통이 원활하지 않을 수 있습니다. 지금은 상대방을 탓하기보다 자신의 감정과 패턴을 돌아볼 필요가 있습니다. 작은 오해가 쌓이기 전에 솔직한 대화로 풀어가세요. 내면을 정리하면 관계도 자연스럽게 안정을 찾아갑니다.
펜타클 3,직장,정방향,"펜타클 3 카드가 직장·커리어에서 긍정적인 신호를 보내고 있습니다. 팀워크로 만들어내는 성과의 에너지가 업무에 활력을 불어넣는 시기입니다. 그동안 준비해온 것들이 빛을 발할 때이며, 적극적으로 의견을 내고 기회를 잡아야 합니다. 동료와의 협력도 좋은 결과를 낳는 시기이므로 열린 마음으로 소통해보세요. 꾸준한 노력이 분명한 성과로 이어지는 흐름이 형성되고 있습니다."
펜타클 3,직장,역방향,펜타클 3 카드가 직장에서 역방향으로 나타났습니다. 협력 부재와 기술 미숙의 에너지가 발목을 잡고 있을 수 있습니다. 업무에서 예상치 못한 장애물이나 소통 문제가 생길 수 있으니 신중하게 접근하세요. 무리하게 밀어붙이기보다 현재 상황을 점검하고 기반을 다지는 것이 중요합니다. 작은 것부터 꼼꼼히 챙기면 다시 안정을 찾을 수 있습니다.
펜타클 3,일반,정방향,펜타클 3 카드는 지금 당신의 삶에 팀워크로 만들어내는 성과의 에너지가 활발히 흐르고 있음을 알려줍니다. 이 흐름을 타고 원하는 방향으로 나아갈 최적의 시기입니다. 지금까지 망설이던 것이 있다면 용기를 내어 실천해보세요. 당신 내면의 힘과 현재의 기운이 잘 맞물려 있어 좋은 결과를 기대할 수 있습니다. 스스로를 믿고 오늘 하루를 충실히 살아가세요.
펜타클 3,일반,역방향,펜타클 3 카드 역방향은 협력 부재와 기술 미숙의 에너지가 삶의 흐름에 영향을 미치고 있음을 나타냅니다. 지금 당장 결과가 나오지 않더라도 조급해하지 마세요. 멈춘 것처럼 보이는 이 시간이 사실은 더 단단해지는 준비 기간입니다. 내면을 돌아보고 방향을 재정비하면 곧 다시 좋은 흐름이 찾아올 것입니다.
펜타클 4,연애,정방향,펜타클 4 카드가 연애에서 정방향으로 나타났습니다. 이 카드는 안정적인 물질 기반 확보의 에너지를 담고 있습니다. 지금 당신의 감정과 관계에 이 에너지가 긍정적으로 흐르고 있습니다. 상대방과의 관계에서 진심을 표현하고 서로에게 솔직해지는 것이 깊은 연결로 이어질 것입니다. 두려움 없이 마음을 열고 현재의 감정에 충실해보세요. 지금 이 흐름을 믿고 따라가면 아름다운 결실을 맺게 됩니다.
펜타클 4,연애,역방향,펜타클 4 카드가 역방향으로 나타났습니다. 연애에서 인색함과 과도한 집착의 기운이 영향을 미치고 있습니다. 관계에서 무언가 막혀 있거나 소통이 원활하지 않을 수 있습니다. 지금은 상대방을 탓하기보다 자신의 감정과 패턴을 돌아볼 필요가 있습니다. 작은 오해가 쌓이기 전에 솔직한 대화로 풀어가세요. 내면을 정리하면 관계도 자연스럽게 안정을 찾아갑니다.
펜타클 4,직장,정방향,"펜타클 4 카드가 직장·커리어에서 긍정적인 신호를 보내고 있습니다. 안정적인 물질 기반 확보의 에너지가 업무에 활력을 불어넣는 시기입니다. 그동안 준비해온 것들이 빛을 발할 때이며, 적극적으로 의견을 내고 기회를 잡아야 합니다. 동료와의 협력도 좋은 결과를 낳는 시기이므로 열린 마음으로 소통해보세요. 꾸준한 노력이 분명한 성과로 이어지는 흐름이 형성되고 있습니다."
펜타클 4,직장,역방향,펜타클 4 카드가 직장에서 역방향으로 나타났습니다. 인색함과 과도한 집착의 에너지가 발목을 잡고 있을 수 있습니다. 업무에서 예상치 못한 장애물이나 소통 문제가 생길 수 있으니 신중하게 접근하세요. 무리하게 밀어붙이기보다 현재 상황을 점검하고 기반을 다지는 것이 중요합니다. 작은 것부터 꼼꼼히 챙기면 다시 안정을 찾을 수 있습니다.
펜타클 4,일반,정방향,펜타클 4 카드는 지금 당신의 삶에 안정적인 물질 기반 확보의 에너지가 활발히 흐르고 있음을 알려줍니다. 이 흐름을 타고 원하는 방향으로 나아갈 최적의 시기입니다. 지금까지 망설이던 것이 있다면 용기를 내어 실천해보세요. 당신 내면의 힘과 현재의 기운이 잘 맞물려 있어 좋은 결과를 기대할 수 있습니다. 스스로를 믿고 오늘 하루를 충실히 살아가세요.
펜타클 4,일반,역방향,펜타클 4 카드 역방향은 인색함과 과도한 집착의 에너지가 삶의 흐름에 영향을 미치고 있음을 나타냅니다. 지금 당장 결과가 나오지 않더라도 조급해하지 마세요. 멈춘 것처럼 보이는 이 시간이 사실은 더 단단해지는 준비 기간입니다. 내면을 돌아보고 방향을 재정비하면 곧 다시 좋은 흐름이 찾아올 것입니다.
펜타클 5,연애,정방향,펜타클 5 카드가 연애에서 정방향으로 나타났습니다. 이 카드는 어려운 시기 속 도움의 손길의 에너지를 담고 있습니다. 지금 당신의 감정과 관계에 이 에너지가 긍정적으로 흐르고 있습니다. 상대방과의 관계에서 진심을 표현하고 서로에게 솔직해지는 것이 깊은 연결로 이어질 것입니다. 두려움 없이 마음을 열고 현재의 감정에 충실해보세요. 지금 이 흐름을 믿고 따라가면 아름다운 결실을 맺게 됩니다.
펜타클 5,연애,역방향,펜타클 5 카드가 역방향으로 나타났습니다. 연애에서 고립과 절망적 상황의 기운이 영향을 미치고 있습니다. 관계에서 무언가 막혀 있거나 소통이 원활하지 않을 수 있습니다. 지금은 상대방을 탓하기보다 자신의 감정과 패턴을 돌아볼 필요가 있습니다. 작은 오해가 쌓이기 전에 솔직한 대화로 풀어가세요. 내면을 정리하면 관계도 자연스럽게 안정을 찾아갑니다.
펜타클 5,직장,정방향,"펜타클 5 카드가 직장·커리어에서 긍정적인 신호를 보내고 있습니다. 어려운 시기 속 도움의 손길의 에너지가 업무에 활력을 불어넣는 시기입니다. 그동안 준비해온 것들이 빛을 발할 때이며, 적극적으로 의견을 내고 기회를 잡아야 합니다. 동료와의 협력도 좋은 결과를 낳는 시기이므로 열린 마음으로 소통해보세요. 꾸준한 노력이 분명한 성과로 이어지는 흐름이 형성되고 있습니다."
펜타클 5,직장,역방향,펜타클 5 카드가 직장에서 역방향으로 나타났습니다. 고립과 절망적 상황의 에너지가 발목을 잡고 있을 수 있습니다. 업무에서 예상치 못한 장애물이나 소통 문제가 생길 수 있으니 신중하게 접근하세요. 무리하게 밀어붙이기보다 현재 상황을 점검하고 기반을 다지는 것이 중요합니다. 작은 것부터 꼼꼼히 챙기면 다시 안정을 찾을 수 있습니다.
펜타클 5,일반,정방향,펜타클 5 카드는 지금 당신의 삶에 어려운 시기 속 도움의 손길의 에너지가 활발히 흐르고 있음을 알려줍니다. 이 흐름을 타고 원하는 방향으로 나아갈 최적의 시기입니다. 지금까지 망설이던 것이 있다면 용기를 내어 실천해보세요. 당신 내면의 힘과 현재의 기운이 잘 맞물려 있어 좋은 결과를 기대할 수 있습니다. 스스로를 믿고 오늘 하루를 충실히 살아가세요.
펜타클 5,일반,역방향,펜타클 5 카드 역방향은 고립과 절망적 상황의 에너지가 삶의 흐름에 영향을 미치고 있음을 나타냅니다. 지금 당장 결과가 나오지 않더라도 조급해하지 마세요. 멈춘 것처럼 보이는 이 시간이 사실은 더 단단해지는 준비 기간입니다. 내면을 돌아보고 방향을 재정비하면 곧 다시 좋은 흐름이 찾아올 것입니다.
펜타클 6,연애,정방향,펜타클 6 카드가 연애에서 정방향으로 나타났습니다. 이 카드는 나눔과 관대함의 풍요의 에너지를 담고 있습니다. 지금 당신의 감정과 관계에 이 에너지가 긍정적으로 흐르고 있습니다. 상대방과의 관계에서 진심을 표현하고 서로에게 솔직해지는 것이 깊은 연결로 이어질 것입니다. 두려움 없이 마음을 열고 현재의 감정에 충실해보세요. 지금 이 흐름을 믿고 따라가면 아름다운 결실을 맺게 됩니다.
펜타클 6,연애,역방향,펜타클 6 카드가 역방향으로 나타났습니다. 연애에서 이기심과 불균형한 거래의 기운이 영향을 미치고 있습니다. 관계에서 무언가 막혀 있거나 소통이 원활하지 않을 수 있습니다. 지금은 상대방을 탓하기보다 자신의 감정과 패턴을 돌아볼 필요가 있습니다. 작은 오해가 쌓이기 전에 솔직한 대화로 풀어가세요. 내면을 정리하면 관계도 자연스럽게 안정을 찾아갑니다.
펜타클 6,직장,정방향,"펜타클 6 카드가 직장·커리어에서 긍정적인 신호를 보내고 있습니다. 나눔과 관대함의 풍요의 에너지가 업무에 활력을 불어넣는 시기입니다. 그동안 준비해온 것들이 빛을 발할 때이며, 적극적으로 의견을 내고 기회를 잡아야 합니다. 동료와의 협력도 좋은 결과를 낳는 시기이므로 열린 마음으로 소통해보세요. 꾸준한 노력이 분명한 성과로 이어지는 흐름이 형성되고 있습니다."
펜타클 6,직장,역방향,펜타클 6 카드가 직장에서 역방향으로 나타났습니다. 이기심과 불균형한 거래의 에너지가 발목을 잡고 있을 수 있습니다. 업무에서 예상치 못한 장애물이나 소통 문제가 생길 수 있으니 신중하게 접근하세요. 무리하게 밀어붙이기보다 현재 상황을 점검하고 기반을 다지는 것이 중요합니다. 작은 것부터 꼼꼼히 챙기면 다시 안정을 찾을 수 있습니다.
펜타클 6,일반,정방향,펜타클 6 카드는 지금 당신의 삶에 나눔과 관대함의 풍요의 에너지가 활발히 흐르고 있음을 알려줍니다. 이 흐름을 타고 원하는 방향으로 나아갈 최적의 시기입니다. 지금까지 망설이던 것이 있다면 용기를 내어 실천해보세요. 당신 내면의 힘과 현재의 기운이 잘 맞물려 있어 좋은 결과를 기대할 수 있습니다. 스스로를 믿고 오늘 하루를 충실히 살아가세요.
펜타클 6,일반,역방향,펜타클 6 카드 역방향은 이기심과 불균형한 거래의 에너지가 삶의 흐름에 영향을 미치고 있음을 나타냅니다. 지금 당장 결과가 나오지 않더라도 조급해하지 마세요. 멈춘 것처럼 보이는 이 시간이 사실은 더 단단해지는 준비 기간입니다. 내면을 돌아보고 방향을 재정비하면 곧 다시 좋은 흐름이 찾아올 것입니다.
펜타클 7,연애,정방향,펜타클 7 카드가 연애에서 정방향으로 나타났습니다. 이 카드는 장기적 투자와 인내의 결실의 에너지를 담고 있습니다. 지금 당신의 감정과 관계에 이 에너지가 긍정적으로 흐르고 있습니다. 상대방과의 관계에서 진심을 표현하고 서로에게 솔직해지는 것이 깊은 연결로 이어질 것입니다. 두려움 없이 마음을 열고 현재의 감정에 충실해보세요. 지금 이 흐름을 믿고 따라가면 아름다운 결실을 맺게 됩니다.
펜타클 7,연애,역방향,펜타클 7 카드가 역방향으로 나타났습니다. 연애에서 지체와 이익 없는 노력의 기운이 영향을 미치고 있습니다. 관계에서 무언가 막혀 있거나 소통이 원활하지 않을 수 있습니다. 지금은 상대방을 탓하기보다 자신의 감정과 패턴을 돌아볼 필요가 있습니다. 작은 오해가 쌓이기 전에 솔직한 대화로 풀어가세요. 내면을 정리하면 관계도 자연스럽게 안정을 찾아갑니다.
펜타클 7,직장,정방향,"펜타클 7 카드가 직장·커리어에서 긍정적인 신호를 보내고 있습니다. 장기적 투자와 인내의 결실의 에너지가 업무에 활력을 불어넣는 시기입니다. 그동안 준비해온 것들이 빛을 발할 때이며, 적극적으로 의견을 내고 기회를 잡아야 합니다. 동료와의 협력도 좋은 결과를 낳는 시기이므로 열린 마음으로 소통해보세요. 꾸준한 노력이 분명한 성과로 이어지는 흐름이 형성되고 있습니다."
펜타클 7,직장,역방향,펜타클 7 카드가 직장에서 역방향으로 나타났습니다. 지체와 이익 없는 노력의 에너지가 발목을 잡고 있을 수 있습니다. 업무에서 예상치 못한 장애물이나 소통 문제가 생길 수 있으니 신중하게 접근하세요. 무리하게 밀어붙이기보다 현재 상황을 점검하고 기반을 다지는 것이 중요합니다. 작은 것부터 꼼꼼히 챙기면 다시 안정을 찾을 수 있습니다.
펜타클 7,일반,정방향,펜타클 7 카드는 지금 당신의 삶에 장기적 투자와 인내의 결실의 에너지가 활발히 흐르고 있음을 알려줍니다. 이 흐름을 타고 원하는 방향으로 나아갈 최적의 시기입니다. 지금까지 망설이던 것이 있다면 용기를 내어 실천해보세요. 당신 내면의 힘과 현재의 기운이 잘 맞물려 있어 좋은 결과를 기대할 수 있습니다. 스스로를 믿고 오늘 하루를 충실히 살아가세요.
펜타클 7,일반,역방향,펜타클 7 카드 역방향은 지체와 이익 없는 노력의 에너지가 삶의 흐름에 영향을 미치고 있음을 나타냅니다. 지금 당장 결과가 나오지 않더라도 조급해하지 마세요. 멈춘 것처럼 보이는 이 시간이 사실은 더 단단해지는 준비 기간입니다. 내면을 돌아보고 방향을 재정비하면 곧 다시 좋은 흐름이 찾아올 것입니다.
펜타클 8,연애,정방향,펜타클 8 카드가 연애에서 정방향으로 나타났습니다. 이 카드는 기술을 연마하는 집중과 노력의 에너지를 담고 있습니다. 지금 당신의 감정과 관계에 이 에너지가 긍정적으로 흐르고 있습니다. 상대방과의 관계에서 진심을 표현하고 서로에게 솔직해지는 것이 깊은 연결로 이어질 것입니다. 두려움 없이 마음을 열고 현재의 감정에 충실해보세요. 지금 이 흐름을 믿고 따라가면 아름다운 결실을 맺게 됩니다.
펜타클 8,연애,역방향,펜타클 8 카드가 역방향으로 나타났습니다. 연애에서 동기 부재와 발전 없음의 기운이 영향을 미치고 있습니다. 관계에서 무언가 막혀 있거나 소통이 원활하지 않을 수 있습니다. 지금은 상대방을 탓하기보다 자신의 감정과 패턴을 돌아볼 필요가 있습니다. 작은 오해가 쌓이기 전에 솔직한 대화로 풀어가세요. 내면을 정리하면 관계도 자연스럽게 안정을 찾아갑니다.
펜타클 8,직장,정방향,"펜타클 8 카드가 직장·커리어에서 긍정적인 신호를 보내고 있습니다. 기술을 연마하는 집중과 노력의 에너지가 업무에 활력을 불어넣는 시기입니다. 그동안 준비해온 것들이 빛을 발할 때이며, 적극적으로 의견을 내고 기회를 잡아야 합니다. 동료와의 협력도 좋은 결과를 낳는 시기이므로 열린 마음으로 소통해보세요. 꾸준한 노력이 분명한 성과로 이어지는 흐름이 형성되고 있습니다."
펜타클 8,직장,역방향,펜타클 8 카드가 직장에서 역방향으로 나타났습니다. 동기 부재와 발전 없음의 에너지가 발목을 잡고 있을 수 있습니다. 업무에서 예상치 못한 장애물이나 소통 문제가 생길 수 있으니 신중하게 접근하세요. 무리하게 밀어붙이기보다 현재 상황을 점검하고 기반을 다지는 것이 중요합니다. 작은 것부터 꼼꼼히 챙기면 다시 안정을 찾을 수 있습니다.
펜타클 8,일반,정방향,펜타클 8 카드는 지금 당신의 삶에 기술을 연마하는 집중과 노력의 에너지가 활발히 흐르고 있음을 알려줍니다. 이 흐름을 타고 원하는 방향으로 나아갈 최적의 시기입니다. 지금까지 망설이던 것이 있다면 용기를 내어 실천해보세요. 당신 내면의 힘과 현재의 기운이 잘 맞물려 있어 좋은 결과를 기대할 수 있습니다. 스스로를 믿고 오늘 하루를 충실히 살아가세요.
펜타클 8,일반,역방향,펜타클 8 카드 역방향은 동기 부재와 발전 없음의 에너지가 삶의 흐름에 영향을 미치고 있음을 나타냅니다. 지금 당장 결과가 나오지 않더라도 조급해하지 마세요. 멈춘 것처럼 보이는 이 시간이 사실은 더 단단해지는 준비 기간입니다. 내면을 돌아보고 방향을 재정비하면 곧 다시 좋은 흐름이 찾아올 것입니다.
펜타클 9,연애,정방향,펜타클 9 카드가 연애에서 정방향으로 나타났습니다. 이 카드는 자립적 풍요와 성숙한 성취의 에너지를 담고 있습니다. 지금 당신의 감정과 관계에 이 에너지가 긍정적으로 흐르고 있습니다. 상대방과의 관계에서 진심을 표현하고 서로에게 솔직해지는 것이 깊은 연결로 이어질 것입니다. 두려움 없이 마음을 열고 현재의 감정에 충실해보세요. 지금 이 흐름을 믿고 따라가면 아름다운 결실을 맺게 됩니다.
펜타클 9,연애,역방향,펜타클 9 카드가 역방향으로 나타났습니다. 연애에서 재정 문제와 낭비의 기운이 영향을 미치고 있습니다. 관계에서 무언가 막혀 있거나 소통이 원활하지 않을 수 있습니다. 지금은 상대방을 탓하기보다 자신의 감정과 패턴을 돌아볼 필요가 있습니다. 작은 오해가 쌓이기 전에 솔직한 대화로 풀어가세요. 내면을 정리하면 관계도 자연스럽게 안정을 찾아갑니다.
펜타클 9,직장,정방향,"펜타클 9 카드가 직장·커리어에서 긍정적인 신호를 보내고 있습니다. 자립적 풍요와 성숙한 성취의 에너지가 업무에 활력을 불어넣는 시기입니다. 그동안 준비해온 것들이 빛을 발할 때이며, 적극적으로 의견을 내고 기회를 잡아야 합니다. 동료와의 협력도 좋은 결과를 낳는 시기이므로 열린 마음으로 소통해보세요. 꾸준한 노력이 분명한 성과로 이어지는 흐름이 형성되고 있습니다."
펜타클 9,직장,역방향,펜타클 9 카드가 직장에서 역방향으로 나타났습니다. 재정 문제와 낭비의 에너지가 발목을 잡고 있을 수 있습니다. 업무에서 예상치 못한 장애물이나 소통 문제가 생길 수 있으니 신중하게 접근하세요. 무리하게 밀어붙이기보다 현재 상황을 점검하고 기반을 다지는 것이 중요합니다. 작은 것부터 꼼꼼히 챙기면 다시 안정을 찾을 수 있습니다.
펜타클 9,일반,정방향,펜타클 9 카드는 지금 당신의 삶에 자립적 풍요와 성숙한 성취의 에너지가 활발히 흐르고 있음을 알려줍니다. 이 흐름을 타고 원하는 방향으로 나아갈 최적의 시기입니다. 지금까지 망설이던 것이 있다면 용기를 내어 실천해보세요. 당신 내면의 힘과 현재의 기운이 잘 맞물려 있어 좋은 결과를 기대할 수 있습니다. 스스로를 믿고 오늘 하루를 충실히 살아가세요.
펜타클 9,일반,역방향,펜타클 9 카드 역방향은 재정 문제와 낭비의 에너지가 삶의 흐름에 영향을 미치고 있음을 나타냅니다. 지금 당장 결과가 나오지 않더라도 조급해하지 마세요. 멈춘 것처럼 보이는 이 시간이 사실은 더 단단해지는 준비 기간입니다. 내면을 돌아보고 방향을 재정비하면 곧 다시 좋은 흐름이 찾아올 것입니다.
펜타클 10,연애,정방향,펜타클 10 카드가 연애에서 정방향으로 나타났습니다. 이 카드는 세대를 이어가는 안정과 부유의 에너지를 담고 있습니다. 지금 당신의 감정과 관계에 이 에너지가 긍정적으로 흐르고 있습니다. 상대방과의 관계에서 진심을 표현하고 서로에게 솔직해지는 것이 깊은 연결로 이어질 것입니다. 두려움 없이 마음을 열고 현재의 감정에 충실해보세요. 지금 이 흐름을 믿고 따라가면 아름다운 결실을 맺게 됩니다.
펜타클 10,연애,역방향,펜타클 10 카드가 역방향으로 나타났습니다. 연애에서 재정 실패와 가족 분쟁의 기운이 영향을 미치고 있습니다. 관계에서 무언가 막혀 있거나 소통이 원활하지 않을 수 있습니다. 지금은 상대방을 탓하기보다 자신의 감정과 패턴을 돌아볼 필요가 있습니다. 작은 오해가 쌓이기 전에 솔직한 대화로 풀어가세요. 내면을 정리하면 관계도 자연스럽게 안정을 찾아갑니다.
펜타클 10,직장,정방향,"펜타클 10 카드가 직장·커리어에서 긍정적인 신호를 보내고 있습니다. 세대를 이어가는 안정과 부유의 에너지가 업무에 활력을 불어넣는 시기입니다. 그동안 준비해온 것들이 빛을 발할 때이며, 적극적으로 의견을 내고 기회를 잡아야 합니다. 동료와의 협력도 좋은 결과를 낳는 시기이므로 열린 마음으로 소통해보세요. 꾸준한 노력이 분명한 성과로 이어지는 흐름이 형성되고 있습니다."
펜타클 10,직장,역방향,펜타클 10 카드가 직장에서 역방향으로 나타났습니다. 재정 실패와 가족 분쟁의 에너지가 발목을 잡고 있을 수 있습니다. 업무에서 예상치 못한 장애물이나 소통 문제가 생길 수 있으니 신중하게 접근하세요. 무리하게 밀어붙이기보다 현재 상황을 점검하고 기반을 다지는 것이 중요합니다. 작은 것부터 꼼꼼히 챙기면 다시 안정을 찾을 수 있습니다.
펜타클 10,일반,정방향,펜타클 10 카드는 지금 당신의 삶에 세대를 이어가는 안정과 부유의 에너지가 활발히 흐르고 있음을 알려줍니다. 이 흐름을 타고 원하는 방향으로 나아갈 최적의 시기입니다. 지금까지 망설이던 것이 있다면 용기를 내어 실천해보세요. 당신 내면의 힘과 현재의 기운이 잘 맞물려 있어 좋은 결과를 기대할 수 있습니다. 스스로를 믿고 오늘 하루를 충실히 살아가세요.
펜타클 10,일반,역방향,펜타클 10 카드 역방향은 재정 실패와 가족 분쟁의 에너지가 삶의 흐름에 영향을 미치고 있음을 나타냅니다. 지금 당장 결과가 나오지 않더라도 조급해하지 마세요. 멈춘 것처럼 보이는 이 시간이 사실은 더 단단해지는 준비 기간입니다. 내면을 돌아보고 방향을 재정비하면 곧 다시 좋은 흐름이 찾아올 것입니다.
펜타클 시종,연애,정방향,펜타클 시종 카드가 연애에서 정방향으로 나타났습니다. 이 카드는 배움에 열중하는 성장 에너지의 에너지를 담고 있습니다. 지금 당신의 감정과 관계에 이 에너지가 긍정적으로 흐르고 있습니다. 상대방과의 관계에서 진심을 표현하고 서로에게 솔직해지는 것이 깊은 연결로 이어질 것입니다. 두려움 없이 마음을 열고 현재의 감정에 충실해보세요. 지금 이 흐름을 믿고 따라가면 아름다운 결실을 맺게 됩니다.
펜타클 시종,연애,역방향,펜타클 시종 카드가 역방향으로 나타났습니다. 연애에서 비능률과 계획 부재의 기운이 영향을 미치고 있습니다. 관계에서 무언가 막혀 있거나 소통이 원활하지 않을 수 있습니다. 지금은 상대방을 탓하기보다 자신의 감정과 패턴을 돌아볼 필요가 있습니다. 작은 오해가 쌓이기 전에 솔직한 대화로 풀어가세요. 내면을 정리하면 관계도 자연스럽게 안정을 찾아갑니다.
펜타클 시종,직장,정방향,"펜타클 시종 카드가 직장·커리어에서 긍정적인 신호를 보내고 있습니다. 배움에 열중하는 성장 에너지의 에너지가 업무에 활력을 불어넣는 시기입니다. 그동안 준비해온 것들이 빛을 발할 때이며, 적극적으로 의견을 내고 기회를 잡아야 합니다. 동료와의 협력도 좋은 결과를 낳는 시기이므로 열린 마음으로 소통해보세요. 꾸준한 노력이 분명한 성과로 이어지는 흐름이 형성되고 있습니다."
펜타클 시종,직장,역방향,펜타클 시종 카드가 직장에서 역방향으로 나타났습니다. 비능률과 계획 부재의 에너지가 발목을 잡고 있을 수 있습니다. 업무에서 예상치 못한 장애물이나 소통 문제가 생길 수 있으니 신중하게 접근하세요. 무리하게 밀어붙이기보다 현재 상황을 점검하고 기반을 다지는 것이 중요합니다. 작은 것부터 꼼꼼히 챙기면 다시 안정을 찾을 수 있습니다.
펜타클 시종,일반,정방향,펜타클 시종 카드는 지금 당신의 삶에 배움에 열중하는 성장 에너지의 에너지가 활발히 흐르고 있음을 알려줍니다. 이 흐름을 타고 원하는 방향으로 나아갈 최적의 시기입니다. 지금까지 망설이던 것이 있다면 용기를 내어 실천해보세요. 당신 내면의 힘과 현재의 기운이 잘 맞물려 있어 좋은 결과를 기대할 수 있습니다. 스스로를 믿고 오늘 하루를 충실히 살아가세요.
펜타클 시종,일반,역방향,펜타클 시종 카드 역방향은 비능률과 계획 부재의 에너지가 삶의 흐름에 영향을 미치고 있음을 나타냅니다. 지금 당장 결과가 나오지 않더라도 조급해하지 마세요. 멈춘 것처럼 보이는 이 시간이 사실은 더 단단해지는 준비 기간입니다. 내면을 돌아보고 방향을 재정비하면 곧 다시 좋은 흐름이 찾아올 것입니다.
펜타클 기사,연애,정방향,펜타클 기사 카드가 연애에서 정방향으로 나타났습니다. 이 카드는 성실하고 신뢰할 수 있는 노력의 에너지를 담고 있습니다. 지금 당신의 감정과 관계에 이 에너지가 긍정적으로 흐르고 있습니다. 상대방과의 관계에서 진심을 표현하고 서로에게 솔직해지는 것이 깊은 연결로 이어질 것입니다. 두려움 없이 마음을 열고 현재의 감정에 충실해보세요. 지금 이 흐름을 믿고 따라가면 아름다운 결실을 맺게 됩니다.
펜타클 기사,연애,역방향,펜타클 기사 카드가 역방향으로 나타났습니다. 연애에서 정체와 지나친 안주의 기운이 영향을 미치고 있습니다. 관계에서 무언가 막혀 있거나 소통이 원활하지 않을 수 있습니다. 지금은 상대방을 탓하기보다 자신의 감정과 패턴을 돌아볼 필요가 있습니다. 작은 오해가 쌓이기 전에 솔직한 대화로 풀어가세요. 내면을 정리하면 관계도 자연스럽게 안정을 찾아갑니다.
펜타클 기사,직장,정방향,"펜타클 기사 카드가 직장·커리어에서 긍정적인 신호를 보내고 있습니다. 성실하고 신뢰할 수 있는 노력의 에너지가 업무에 활력을 불어넣는 시기입니다. 그동안 준비해온 것들이 빛을 발할 때이며, 적극적으로 의견을 내고 기회를 잡아야 합니다. 동료와의 협력도 좋은 결과를 낳는 시기이므로 열린 마음으로 소통해보세요. 꾸준한 노력이 분명한 성과로 이어지는 흐름이 형성되고 있습니다."
펜타클 기사,직장,역방향,펜타클 기사 카드가 직장에서 역방향으로 나타났습니다. 정체와 지나친 안주의 에너지가 발목을 잡고 있을 수 있습니다. 업무에서 예상치 못한 장애물이나 소통 문제가 생길 수 있으니 신중하게 접근하세요. 무리하게 밀어붙이기보다 현재 상황을 점검하고 기반을 다지는 것이 중요합니다. 작은 것부터 꼼꼼히 챙기면 다시 안정을 찾을 수 있습니다.
펜타클 기사,일반,정방향,펜타클 기사 카드는 지금 당신의 삶에 성실하고 신뢰할 수 있는 노력의 에너지가 활발히 흐르고 있음을 알려줍니다. 이 흐름을 타고 원하는 방향으로 나아갈 최적의 시기입니다. 지금까지 망설이던 것이 있다면 용기를 내어 실천해보세요. 당신 내면의 힘과 현재의 기운이 잘 맞물려 있어 좋은 결과를 기대할 수 있습니다. 스스로를 믿고 오늘 하루를 충실히 살아가세요.
펜타클 기사,일반,역방향,펜타클 기사 카드 역방향은 정체와 지나친 안주의 에너지가 삶의 흐름에 영향을 미치고 있음을 나타냅니다. 지금 당장 결과가 나오지 않더라도 조급해하지 마세요. 멈춘 것처럼 보이는 이 시간이 사실은 더 단단해지는 준비 기간입니다. 내면을 돌아보고 방향을 재정비하면 곧 다시 좋은 흐름이 찾아올 것입니다.
펜타클 여왕,연애,정방향,펜타클 여왕 카드가 연애에서 정방향으로 나타났습니다. 이 카드는 현실적이고 너그러운 풍요의 에너지를 담고 있습니다. 지금 당신의 감정과 관계에 이 에너지가 긍정적으로 흐르고 있습니다. 상대방과의 관계에서 진심을 표현하고 서로에게 솔직해지는 것이 깊은 연결로 이어질 것입니다. 두려움 없이 마음을 열고 현재의 감정에 충실해보세요. 지금 이 흐름을 믿고 따라가면 아름다운 결실을 맺게 됩니다.
펜타클 여왕,연애,역방향,펜타클 여왕 카드가 역방향으로 나타났습니다. 연애에서 조직 부족과 독립 어려움의 기운이 영향을 미치고 있습니다. 관계에서 무언가 막혀 있거나 소통이 원활하지 않을 수 있습니다. 지금은 상대방을 탓하기보다 자신의 감정과 패턴을 돌아볼 필요가 있습니다. 작은 오해가 쌓이기 전에 솔직한 대화로 풀어가세요. 내면을 정리하면 관계도 자연스럽게 안정을 찾아갑니다.
펜타클 여왕,직장,정방향,"펜타클 여왕 카드가 직장·커리어에서 긍정적인 신호를 보내고 있습니다. 현실적이고 너그러운 풍요의 에너지가 업무에 활력을 불어넣는 시기입니다. 그동안 준비해온 것들이 빛을 발할 때이며, 적극적으로 의견을 내고 기회를 잡아야 합니다. 동료와의 협력도 좋은 결과를 낳는 시기이므로 열린 마음으로 소통해보세요. 꾸준한 노력이 분명한 성과로 이어지는 흐름이 형성되고 있습니다."
펜타클 여왕,직장,역방향,펜타클 여왕 카드가 직장에서 역방향으로 나타났습니다. 조직 부족과 독립 어려움의 에너지가 발목을 잡고 있을 수 있습니다. 업무에서 예상치 못한 장애물이나 소통 문제가 생길 수 있으니 신중하게 접근하세요. 무리하게 밀어붙이기보다 현재 상황을 점검하고 기반을 다지는 것이 중요합니다. 작은 것부터 꼼꼼히 챙기면 다시 안정을 찾을 수 있습니다.
펜타클 여왕,일반,정방향,펜타클 여왕 카드는 지금 당신의 삶에 현실적이고 너그러운 풍요의 에너지가 활발히 흐르고 있음을 알려줍니다. 이 흐름을 타고 원하는 방향으로 나아갈 최적의 시기입니다. 지금까지 망설이던 것이 있다면 용기를 내어 실천해보세요. 당신 내면의 힘과 현재의 기운이 잘 맞물려 있어 좋은 결과를 기대할 수 있습니다. 스스로를 믿고 오늘 하루를 충실히 살아가세요.
펜타클 여왕,일반,역방향,펜타클 여왕 카드 역방향은 조직 부족과 독립 어려움의 에너지가 삶의 흐름에 영향을 미치고 있음을 나타냅니다. 지금 당장 결과가 나오지 않더라도 조급해하지 마세요. 멈춘 것처럼 보이는 이 시간이 사실은 더 단단해지는 준비 기간입니다. 내면을 돌아보고 방향을 재정비하면 곧 다시 좋은 흐름이 찾아올 것입니다.
펜타클 왕,연애,정방향,펜타클 왕 카드가 연애에서 정방향으로 나타났습니다. 이 카드는 사업과 물질적 성공의 정점의 에너지를 담고 있습니다. 지금 당신의 감정과 관계에 이 에너지가 긍정적으로 흐르고 있습니다. 상대방과의 관계에서 진심을 표현하고 서로에게 솔직해지는 것이 깊은 연결로 이어질 것입니다. 두려움 없이 마음을 열고 현재의 감정에 충실해보세요. 지금 이 흐름을 믿고 따라가면 아름다운 결실을 맺게 됩니다.
펜타클 왕,연애,역방향,펜타클 왕 카드가 역방향으로 나타났습니다. 연애에서 물질적 집착과 신뢰 상실의 기운이 영향을 미치고 있습니다. 관계에서 무언가 막혀 있거나 소통이 원활하지 않을 수 있습니다. 지금은 상대방을 탓하기보다 자신의 감정과 패턴을 돌아볼 필요가 있습니다. 작은 오해가 쌓이기 전에 솔직한 대화로 풀어가세요. 내면을 정리하면 관계도 자연스럽게 안정을 찾아갑니다.
펜타클 왕,직장,정방향,"펜타클 왕 카드가 직장·커리어에서 긍정적인 신호를 보내고 있습니다. 사업과 물질적 성공의 정점의 에너지가 업무에 활력을 불어넣는 시기입니다. 그동안 준비해온 것들이 빛을 발할 때이며, 적극적으로 의견을 내고 기회를 잡아야 합니다. 동료와의 협력도 좋은 결과를 낳는 시기이므로 열린 마음으로 소통해보세요. 꾸준한 노력이 분명한 성과로 이어지는 흐름이 형성되고 있습니다."
펜타클 왕,직장,역방향,펜타클 왕 카드가 직장에서 역방향으로 나타났습니다. 물질적 집착과 신뢰 상실의 에너지가 발목을 잡고 있을 수 있습니다. 업무에서 예상치 못한 장애물이나 소통 문제가 생길 수 있으니 신중하게 접근하세요. 무리하게 밀어붙이기보다 현재 상황을 점검하고 기반을 다지는 것이 중요합니다. 작은 것부터 꼼꼼히 챙기면 다시 안정을 찾을 수 있습니다.
펜타클 왕,일반,정방향,펜타클 왕 카드는 지금 당신의 삶에 사업과 물질적 성공의 정점의 에너지가 활발히 흐르고 있음을 알려줍니다. 이 흐름을 타고 원하는 방향으로 나아갈 최적의 시기입니다. 지금까지 망설이던 것이 있다면 용기를 내어 실천해보세요. 당신 내면의 힘과 현재의 기운이 잘 맞물려 있어 좋은 결과를 기대할 수 있습니다. 스스로를 믿고 오늘 하루를 충실히 살아가세요.
펜타클 왕,일반,역방향,펜타클 왕 카드 역방향은 물질적 집착과 신뢰 상실의 에너지가 삶의 흐름에 영향을 미치고 있음을 나타냅니다. 지금 당장 결과가 나오지 않더라도 조급해하지 마세요. 멈춘 것처럼 보이는 이 시간이 사실은 더 단단해지는 준비 기간입니다. 내면을 돌아보고 방향을 재정비하면 곧 다시 좋은 흐름이 찾아올 것입니다.
