id,zodiac,fortune
1,원숭이띠,오늘 하루 원숭이띠는 주변 사람과의 조화를 신경 쓰면 좋습니다.
2,닭띠,오늘은 닭띠에게 차분한 판단이 도움이 되는 흐름입니다.
3,말띠,말띠에게는 예상치 못한 도움이나 조언이 찾아올 수 있습니다.
4,개띠,오늘 하루 개띠는 주변 사람과의 조화를 신경 쓰면 좋습니다.
5,용띠,용띠에게는 자신감을 가지고 움직이는 것이 중요한 날입니다.
6,말띠,오늘 하루 말띠는 주변 사람과의 조화를 신경 쓰면 좋습니다.
7,닭띠,작은 노력 하나가 닭띠에게 좋은 결과로 이어질 수 있습니다.
8,용띠,용띠에게는 예상치 못한 도움이나 조언이 찾아올 수 있습니다.
9,토끼띠,오늘 하루 토끼띠는 주변 사람과의 조화를 신경 쓰면 좋습니다.
10,토끼띠,오늘은 토끼띠에게 차분한 판단이 도움이 되는 흐름입니다.
11,쥐띠,오늘 하루 쥐띠는 주변 사람과의 조화를 신경 쓰면 좋습니다.
12,뱀띠,뱀띠에게는 예상치 못한 도움이나 조언이 찾아올 수 있습니다.
13,호랑이띠,호랑이띠에게는 예상치 못한 도움이나 조언이 찾아올 수 있습니다.
14,닭띠,닭띠에게는 새로운 인연이나 협력 기회가 생길 수 있습니다.
15,개띠,작은 노력 하나가 개띠에게 좋은 결과로 이어질 수 있습니다.
16,쥐띠,쥐띠에게는 새로운 인연이나 협력 기회가 생길 수 있습니다.
17,쥐띠,쥐띠에게는 새로운 인연이나 협력 기회가 생길 수 있습니다.
18,용띠,작은 노력 하나가 용띠에게 좋은 결과로 이어질 수 있습니다.
19,말띠,말띠에게는 새로운 인연이나 협력 기회가 생길 수 있습니다.
20,돼지띠,오늘 하루 돼지띠는 주변 사람과의 조화를 신경 쓰면 좋습니다.
21,뱀띠,뱀띠에게는 새로운 인연이나 협력 기회가 생길 수 있습니다.
22,쥐띠,오늘은 쥐띠에게 차분한 판단이 도움이 되는 흐름입니다.
23,개띠,개띠에게는 예상치 못한 도움이나 조언이 찾아올 수 있습니다.
24,소띠,소띠에게는 예상치 못한 도움이나 조언이 찾아올 수 있습니다.
25,소띠,오늘은 소띠에게 차분한 판단이 도움이 되는 흐름입니다.
26,토끼띠,토끼띠에게는 자신감을 가지고 움직이는 것이 중요한 날입니다.
27,원숭이띠,원숭이띠에게는 새로운 인연이나 협력 기회가 생길 수 있습니다.
28,소띠,소띠에게는 새로운 인연이나 협력 기회가 생길 수 있습니다.
29,돼지띠,돼지띠에게는 자신감을 가지고 움직이는 것이 중요한 날입니다.
30,개띠,오늘 하루 개띠는 주변 사람과의 조화를 신경 쓰면 좋습니다.
31,용띠,작은 노력 하나가 용띠에게 좋은 결과로 이어질 수 있습니다.
32,소띠,오늘은 소띠에게 차분한 판단이 도움이 되는 흐름입니다.
33,개띠,개띠에게는 예상치 못한 도움이나 조언이 찾아올 수 있습니다.
34,뱀띠,작은 노력 하나가 뱀띠에게 좋은 결과로 이어질 수 있습니다.
35,호랑이띠,호랑이띠에게는 새로운 인연이나 협력 기회가 생길 수 있습니다.
36,뱀띠,작은 노력 하나가 뱀띠에게 좋은 결과로 이어질 수 있습니다.
37,소띠,오늘 하루 소띠는 주변 사람과의 조화를 신경 쓰면 좋습니다.
38,용띠,작은 노력 하나가 용띠에게 좋은 결과로 이어질 수 있습니다.
39,쥐띠,작은 노력 하나가 쥐띠에게 좋은 결과로 이어질 수 있습니다.
40,돼지띠,돼지띠에게는 예상치 못한 도움이나 조언이 찾아올 수 있습니다.
41,토끼띠,토끼띠에게는 새로운 인연이나 협력 기회가 생길 수 있습니다.
42,토끼띠,토끼띠에게는 예상치 못한 도움이나 조언이 찾아올 수 있습니다.
43,개띠,개띠에게는 새로운 인연이나 협력 기회가 생길 수 있습니다.
44,닭띠,닭띠에게는 예상치 못한 도움이나 조언이 찾아올 수 있습니다.
45,개띠,개띠에게는 자신감을 가지고 움직이는 것이 중요한 날입니다.
46,소띠,소띠에게는 새로운 인연이나 협력 기회가 생길 수 있습니다.
47,말띠,말띠에게는 새로운 인연이나 협력 기회가 생길 수 있습니다.
48,돼지띠,작은 노력 하나가 돼지띠에게 좋은 결과로 이어질 수 있습니다.
49,원숭이띠,오늘은 원숭이띠에게 차분한 판단이 도움이 되는 흐름입니다.
50,양띠,양띠에게는 새로운 인연이나 협력 기회가 생길 수 있습니다.
51,쥐띠,쥐띠에게는 예상치 못한 도움이나 조언이 찾아올 수 있습니다.
52,토끼띠,토끼띠에게는 자신감을 가지고 움직이는 것이 중요한 날입니다.
53,닭띠,오늘 하루 닭띠는 주변 사람과의 조화를 신경 쓰면 좋습니다.
54,개띠,작은 노력 하나가 개띠에게 좋은 결과로 이어질 수 있습니다.
55,토끼띠,작은 노력 하나가 토끼띠에게 좋은 결과로 이어질 수 있습니다.
56,토끼띠,오늘 하루 토끼띠는 주변 사람과의 조화를 신경 쓰면 좋습니다.
57,소띠,오늘 하루 소띠는 주변 사람과의 조화를 신경 쓰면 좋습니다.
58,개띠,오늘은 개띠에게 차분한 판단이 도움이 되는 흐름입니다.
59,토끼띠,토끼띠에게는 자신감을 가지고 움직이는 것이 중요한 날입니다.
60,쥐띠,오늘 하루 쥐띠는 주변 사람과의 조화를 신경 쓰면 좋습니다.
61,용띠,용띠에게는 자신감을 가지고 움직이는 것이 중요한 날입니다.
62,돼지띠,작은 노력 하나가 돼지띠에게 좋은 결과로 이어질 수 있습니다.
63,양띠,양띠에게는 자신감을 가지고 움직이는 것이 중요한 날입니다.
64,용띠,용띠에게는 예상치 못한 도움이나 조언이 찾아올 수 있습니다.
65,호랑이띠,호랑이띠에게는 자신감을 가지고 움직이는 것이 중요한 날입니다.
66,토끼띠,토끼띠에게는 예상치 못한 도움이나 조언이 찾아올 수 있습니다.
67,양띠,오늘은 양띠에게 차분한 판단이 도움이 되는 흐름입니다.
68,말띠,작은 노력 하나가 말띠에게 좋은 결과로 이어질 수 있습니다.
69,호랑이띠,호랑이띠에게는 자신감을 가지고 움직이는 것이 중요한 날입니다.
70,원숭이띠,오늘은 원숭이띠에게 차분한 판단이 도움이 되는 흐름입니다.
71,호랑이띠,호랑이띠에게는 새로운 인연이나 협력 기회가 생길 수 있습니다.
72,뱀띠,뱀띠에게는 자신감을 가지고 움직이는 것이 중요한 날입니다.
73,개띠,작은 노력 하나가 개띠에게 좋은 결과로 이어질 수 있습니다.
74,뱀띠,오늘은 뱀띠에게 차분한 판단이 도움이 되는 흐름입니다.
75,양띠,양띠에게는 자신감을 가지고 움직이는 것이 중요한 날입니다.
76,토끼띠,작은 노력 하나가 토끼띠에게 좋은 결과로 이어질 수 있습니다.
77,쥐띠,오늘은 쥐띠에게 차분한 판단이 도움이 되는 흐름입니다.
78,양띠,오늘은 양띠에게 차분한 판단이 도움이 되는 흐름입니다.
79,호랑이띠,오늘 하루 호랑이띠는 주변 사람과의 조화를 신경 쓰면 좋습니다.
80,돼지띠,돼지띠에게는 새로운 인연이나 협력 기회가 생길 수 있습니다.
81,양띠,작은 노력 하나가 양띠에게 좋은 결과로 이어질 수 있습니다.
82,닭띠,오늘 하루 닭띠는 주변 사람과의 조화를 신경 쓰면 좋습니다.
83,소띠,오늘은 소띠에게 차분한 판단이 도움이 되는 흐름입니다.
84,돼지띠,작은 노력 하나가 돼지띠에게 좋은 결과로 이어질 수 있습니다.
85,호랑이띠,오늘은 호랑이띠에게 차분한 판단이 도움이 되는 흐름입니다.
86,양띠,오늘 하루 양띠는 주변 사람과의 조화를 신경 쓰면 좋습니다.
87,소띠,작은 노력 하나가 소띠에게 좋은 결과로 이어질 수 있습니다.
88,호랑이띠,작은 노력 하나가 호랑이띠에게 좋은 결과로 이어질 수 있습니다.
89,뱀띠,작은 노력 하나가 뱀띠에게 좋은 결과로 이어질 수 있습니다.
90,토끼띠,토끼띠에게는 자신감을 가지고 움직이는 것이 중요한 날입니다.
91,뱀띠,뱀띠에게는 자신감을 가지고 움직이는 것이 중요한 날입니다.
92,양띠,오늘 하루 양띠는 주변 사람과의 조화를 신경 쓰면 좋습니다.
93,용띠,오늘 하루 용띠는 주변 사람과의 조화를 신경 쓰면 좋습니다.
94,뱀띠,작은 노력 하나가 뱀띠에게 좋은 결과로 이어질 수 있습니다.
95,용띠,용띠에게는 자신감을 가지고 움직이는 것이 중요한 날입니다.
96,용띠,작은 노력 하나가 용띠에게 좋은 결과로 이어질 수 있습니다.
97,말띠,말띠에게는 예상치 못한 도움이나 조언이 찾아올 수 있습니다.
98,말띠,작은 노력 하나가 말띠에게 좋은 결과로 이어질 수 있습니다.
99,돼지띠,돼지띠에게는 자신감을 가지고 움직이는 것이 중요한 날입니다.
100,말띠,오늘 하루 말띠는 주변 사람과의 조화를 신경 쓰면 좋습니다.
101,용띠,오늘 하루 용띠는 주변 사람과의 조화를 신경 쓰면 좋습니다.
102,개띠,개띠에게는 새로운 인연이나 협력 기회가 생길 수 있습니다.
103,닭띠,닭띠에게는 예상치 못한 도움이나 조언이 찾아올 수 있습니다.
104,쥐띠,오늘은 쥐띠에게 차분한 판단이 도움이 되는 흐름입니다.
105,호랑이띠,호랑이띠에게는 자신감을 가지고 움직이는 것이 중요한 날입니다.
106,호랑이띠,오늘 하루 호랑이띠는 주변 사람과의 조화를 신경 쓰면 좋습니다.
107,닭띠,오늘은 닭띠에게 차분한 판단이 도움이 되는 흐름입니다.
108,돼지띠,돼지띠에게는 자신감을 가지고 움직이는 것이 중요한 날입니다.
109,개띠,개띠에게는 새로운 인연이나 협력 기회가 생길 수 있습니다.
110,양띠,양띠에게는 새로운 인연이나 협력 기회가 생길 수 있습니다.
111,토끼띠,토끼띠에게는 예상치 못한 도움이나 조언이 찾아올 수 있습니다.
112,용띠,작은 노력 하나가 용띠에게 좋은 결과로 이어질 수 있습니다.
113,양띠,오늘은 양띠에게 차분한 판단이 도움이 되는 흐름입니다.
114,뱀띠,오늘 하루 뱀띠는 주변 사람과의 조화를 신경 쓰면 좋습니다.
115,돼지띠,작은 노력 하나가 돼지띠에게 좋은 결과로 이어질 수 있습니다.
116,양띠,오늘 하루 양띠는 주변 사람과의 조화를 신경 쓰면 좋습니다.
117,쥐띠,오늘 하루 쥐띠는 주변 사람과의 조화를 신경 쓰면 좋습니다.
118,말띠,말띠에게는 새로운 인연이나 협력 기회가 생길 수 있습니다.
119,닭띠,닭띠에게는 자신감을 가지고 움직이는 것이 중요한 날입니다.
120,토끼띠,토끼띠에게는 새로운 인연이나 협력 기회가 생길 수 있습니다.
121,용띠,작은 노력 하나가 용띠에게 좋은 결과로 이어질 수 있습니다.
122,돼지띠,작은 노력 하나가 돼지띠에게 좋은 결과로 이어질 수 있습니다.
123,원숭이띠,원숭이띠에게는 새로운 인연이나 협력 기회가 생길 수 있습니다.
124,말띠,말띠에게는 자신감을 가지고 움직이는 것이 중요한 날입니다.
125,토끼띠,오늘은 토끼띠에게 차분한 판단이 도움이 되는 흐름입니다.
126,닭띠,닭띠에게는 자신감을 가지고 움직이는 것이 중요한 날입니다.
127,쥐띠,작은 노력 하나가 쥐띠에게 좋은 결과로 이어질 수 있습니다.
128,뱀띠,뱀띠에게는 자신감을 가지고 움직이는 것이 중요한 날입니다.
129,양띠,오늘 하루 양띠는 주변 사람과의 조화를 신경 쓰면 좋습니다.
130,말띠,말띠에게는 예상치 못한 도움이나 조언이 찾아올 수 있습니다.
131,말띠,오늘 하루 말띠는 주변 사람과의 조화를 신경 쓰면 좋습니다.
132,소띠,소띠에게는 새로운 인연이나 협력 기회가 생길 수 있습니다.
133,말띠,오늘 하루 말띠는 주변 사람과의 조화를 신경 쓰면 좋습니다.
134,개띠,오늘 하루 개띠는 주변 사람과의 조화를 신경 쓰면 좋습니다.
135,토끼띠,토끼띠에게는 예상치 못한 도움이나 조언이 찾아올 수 있습니다.
136,원숭이띠,오늘 하루 원숭이띠는 주변 사람과의 조화를 신경 쓰면 좋습니다.
137,용띠,작은 노력 하나가 용띠에게 좋은 결과로 이어질 수 있습니다.
138,호랑이띠,호랑이띠에게는 새로운 인연이나 협력 기회가 생길 수 있습니다.
139,뱀띠,오늘 하루 뱀띠는 주변 사람과의 조화를 신경 쓰면 좋습니다.
140,돼지띠,돼지띠에게는 새로운 인연이나 협력 기회가 생길 수 있습니다.
141,개띠,오늘은 개띠에게 차분한 판단이 도움이 되는 흐름입니다.
142,말띠,말띠에게는 새로운 인연이나 협력 기회가 생길 수 있습니다.
143,용띠,오늘은 용띠에게 차분한 판단이 도움이 되는 흐름입니다.
144,용띠,용띠에게는 새로운 인연이나 협력 기회가 생길 수 있습니다.
145,양띠,오늘 하루 양띠는 주변 사람과의 조화를 신경 쓰면 좋습니다.
146,돼지띠,돼지띠에게는 새로운 인연이나 협력 기회가 생길 수 있습니다.
147,뱀띠,뱀띠에게는 예상치 못한 도움이나 조언이 찾아올 수 있습니다.
148,쥐띠,작은 노력 하나가 쥐띠에게 좋은 결과로 이어질 수 있습니다.
149,토끼띠,토끼띠에게는 새로운 인연이나 협력 기회가 생길 수 있습니다.
150,돼지띠,돼지띠에게는 자신감을 가지고 움직이는 것이 중요한 날입니다.
151,쥐띠,쥐띠에게는 새로운 인연이나 협력 기회가 생길 수 있습니다.
152,개띠,개띠에게는 새로운 인연이나 협력 기회가 생길 수 있습니다.
153,용띠,용띠에게는 자신감을 가지고 움직이는 것이 중요한 날입니다.
154,양띠,작은 노력 하나가 양띠에게 좋은 결과로 이어질 수 있습니다.
155,소띠,소띠에게는 자신감을 가지고 움직이는 것이 중요한 날입니다.
156,토끼띠,작은 노력 하나가 토끼띠에게 좋은 결과로 이어질 수 있습니다.
157,원숭이띠,원숭이띠에게는 자신감을 가지고 움직이는 것이 중요한 날입니다.
158,양띠,오늘은 양띠에게 차분한 판단이 도움이 되는 흐름입니다.
159,쥐띠,작은 노력 하나가 쥐띠에게 좋은 결과로 이어질 수 있습니다.
160,양띠,오늘 하루 양띠는 주변 사람과의 조화를 신경 쓰면 좋습니다.
161,쥐띠,작은 노력 하나가 쥐띠에게 좋은 결과로 이어질 수 있습니다.
162,소띠,오늘 하루 소띠는 주변 사람과의 조화를 신경 쓰면 좋습니다.
163,쥐띠,작은 노력 하나가 쥐띠에게 좋은 결과로 이어질 수 있습니다.
164,쥐띠,작은 노력 하나가 쥐띠에게 좋은 결과로 이어질 수 있습니다.
165,뱀띠,오늘은 뱀띠에게 차분한 판단이 도움이 되는 흐름입니다.
166,뱀띠,뱀띠에게는 자신감을 가지고 움직이는 것이 중요한 날입니다.
167,토끼띠,토끼띠에게는 예상치 못한 도움이나 조언이 찾아올 수 있습니다.
168,쥐띠,작은 노력 하나가 쥐띠에게 좋은 결과로 이어질 수 있습니다.
169,쥐띠,작은 노력 하나가 쥐띠에게 좋은 결과로 이어질 수 있습니다.
170,돼지띠,작은 노력 하나가 돼지띠에게 좋은 결과로 이어질 수 있습니다.
171,뱀띠,작은 노력 하나가 뱀띠에게 좋은 결과로 이어질 수 있습니다.
172,돼지띠,오늘은 돼지띠에게 차분한 판단이 도움이 되는 흐름입니다.
173,말띠,말띠에게는 자신감을 가지고 움직이는 것이 중요한 날입니다.
174,소띠,작은 노력 하나가 소띠에게 좋은 결과로 이어질 수 있습니다.
175,돼지띠,돼지띠에게는 예상치 못한 도움이나 조언이 찾아올 수 있습니다.
176,원숭이띠,오늘 하루 원숭이띠는 주변 사람과의 조화를 신경 쓰면 좋습니다.
177,닭띠,닭띠에게는 새로운 인연이나 협력 기회가 생길 수 있습니다.
178,말띠,말띠에게는 새로운 인연이나 협력 기회가 생길 수 있습니다.
179,뱀띠,작은 노력 하나가 뱀띠에게 좋은 결과로 이어질 수 있습니다.
180,말띠,작은 노력 하나가 말띠에게 좋은 결과로 이어질 수 있습니다.
181,소띠,오늘은 소띠에게 차분한 판단이 도움이 되는 흐름입니다.
182,뱀띠,뱀띠에게는 새로운 인연이나 협력 기회가 생길 수 있습니다.
183,원숭이띠,원숭이띠에게는 예상치 못한 도움이나 조언이 찾아올 수 있습니다.
184,토끼띠,작은 노력 하나가 토끼띠에게 좋은 결과로 이어질 수 있습니다.
185,원숭이띠,오늘 하루 원숭이띠는 주변 사람과의 조화를 신경 쓰면 좋습니다.
186,원숭이띠,오늘은 원숭이띠에게 차분한 판단이 도움이 되는 흐름입니다.
187,토끼띠,오늘은 토끼띠에게 차분한 판단이 도움이 되는 흐름입니다.
188,닭띠,닭띠에게는 예상치 못한 도움이나 조언이 찾아올 수 있습니다.
189,개띠,개띠에게는 새로운 인연이나 협력 기회가 생길 수 있습니다.
190,뱀띠,작은 노력 하나가 뱀띠에게 좋은 결과로 이어질 수 있습니다.
191,닭띠,오늘은 닭띠에게 차분한 판단이 도움이 되는 흐름입니다.
192,돼지띠,돼지띠에게는 예상치 못한 도움이나 조언이 찾아올 수 있습니다.
193,양띠,양띠에게는 예상치 못한 도움이나 조언이 찾아올 수 있습니다.
194,소띠,소띠에게는 새로운 인연이나 협력 기회가 생길 수 있습니다.
195,원숭이띠,오늘은 원숭이띠에게 차분한 판단이 도움이 되는 흐름입니다.
196,돼지띠,작은 노력 하나가 돼지띠에게 좋은 결과로 이어질 수 있습니다.
197,호랑이띠,호랑이띠에게는 새로운 인연이나 협력 기회가 생길 수 있습니다.
198,뱀띠,뱀띠에게는 예상치 못한 도움이나 조언이 찾아올 수 있습니다.
199,소띠,오늘은 소띠에게 차분한 판단이 도움이 되는 흐름입니다.
200,호랑이띠,호랑이띠에게는 자신감을 가지고 움직이는 것이 중요한 날입니다.
201,쥐띠,쥐띠에게는 새로운 인연이나 협력 기회가 생길 수 있습니다.
202,닭띠,닭띠에게는 새로운 인연이나 협력 기회가 생길 수 있습니다.
203,호랑이띠,오늘 하루 호랑이띠는 주변 사람과의 조화를 신경 쓰면 좋습니다.
204,원숭이띠,작은 노력 하나가 원숭이띠에게 좋은 결과로 이어질 수 있습니다.
205,개띠,오늘 하루 개띠는 주변 사람과의 조화를 신경 쓰면 좋습니다.
206,소띠,소띠에게는 새로운 인연이나 협력 기회가 생길 수 있습니다.
207,개띠,작은 노력 하나가 개띠에게 좋은 결과로 이어질 수 있습니다.
208,양띠,양띠에게는 새로운 인연이나 협력 기회가 생길 수 있습니다.
209,소띠,소띠에게는 예상치 못한 도움이나 조언이 찾아올 수 있습니다.
210,말띠,말띠에게는 예상치 못한 도움이나 조언이 찾아올 수 있습니다.
211,양띠,양띠에게는 예상치 못한 도움이나 조언이 찾아올 수 있습니다.
212,쥐띠,작은 노력 하나가 쥐띠에게 좋은 결과로 이어질 수 있습니다.
213,돼지띠,오늘은 돼지띠에게 차분한 판단이 도움이 되는 흐름입니다.
214,양띠,양띠에게는 새로운 인연이나 협력 기회가 생길 수 있습니다.
215,소띠,작은 노력 하나가 소띠에게 좋은 결과로 이어질 수 있습니다.
216,용띠,오늘은 용띠에게 차분한 판단이 도움이 되는 흐름입니다.
217,원숭이띠,원숭이띠에게는 자신감을 가지고 움직이는 것이 중요한 날입니다.
218,양띠,오늘은 양띠에게 차분한 판단이 도움이 되는 흐름입니다.
219,호랑이띠,작은 노력 하나가 호랑이띠에게 좋은 결과로 이어질 수 있습니다.
220,개띠,오늘은 개띠에게 차분한 판단이 도움이 되는 흐름입니다.
221,쥐띠,쥐띠에게는 예상치 못한 도움이나 조언이 찾아올 수 있습니다.
222,돼지띠,돼지띠에게는 새로운 인연이나 협력 기회가 생길 수 있습니다.
223,토끼띠,토끼띠에게는 자신감을 가지고 움직이는 것이 중요한 날입니다.
224,뱀띠,오늘 하루 뱀띠는 주변 사람과의 조화를 신경 쓰면 좋습니다.
225,개띠,개띠에게는 자신감을 가지고 움직이는 것이 중요한 날입니다.
226,뱀띠,뱀띠에게는 자신감을 가지고 움직이는 것이 중요한 날입니다.
227,호랑이띠,작은 노력 하나가 호랑이띠에게 좋은 결과로 이어질 수 있습니다.
228,뱀띠,오늘은 뱀띠에게 차분한 판단이 도움이 되는 흐름입니다.
229,쥐띠,쥐띠에게는 자신감을 가지고 움직이는 것이 중요한 날입니다.
230,원숭이띠,작은 노력 하나가 원숭이띠에게 좋은 결과로 이어질 수 있습니다.
231,닭띠,오늘 하루 닭띠는 주변 사람과의 조화를 신경 쓰면 좋습니다.
232,개띠,개띠에게는 자신감을 가지고 움직이는 것이 중요한 날입니다.
233,호랑이띠,호랑이띠에게는 새로운 인연이나 협력 기회가 생길 수 있습니다.
234,원숭이띠,원숭이띠에게는 예상치 못한 도움이나 조언이 찾아올 수 있습니다.
235,뱀띠,뱀띠에게는 새로운 인연이나 협력 기회가 생길 수 있습니다.
236,소띠,소띠에게는 새로운 인연이나 협력 기회가 생길 수 있습니다.
237,닭띠,작은 노력 하나가 닭띠에게 좋은 결과로 이어질 수 있습니다.
238,쥐띠,작은 노력 하나가 쥐띠에게 좋은 결과로 이어질 수 있습니다.
239,돼지띠,돼지띠에게는 예상치 못한 도움이나 조언이 찾아올 수 있습니다.
240,원숭이띠,원숭이띠에게는 예상치 못한 도움이나 조언이 찾아올 수 있습니다.
241,호랑이띠,오늘은 호랑이띠에게 차분한 판단이 도움이 되는 흐름입니다.
242,말띠,말띠에게는 새로운 인연이나 협력 기회가 생길 수 있습니다.
243,뱀띠,뱀띠에게는 예상치 못한 도움이나 조언이 찾아올 수 있습니다.
244,원숭이띠,오늘 하루 원숭이띠는 주변 사람과의 조화를 신경 쓰면 좋습니다.
245,닭띠,오늘은 닭띠에게 차분한 판단이 도움이 되는 흐름입니다.
246,말띠,오늘은 말띠에게 차분한 판단이 도움이 되는 흐름입니다.
247,토끼띠,오늘은 토끼띠에게 차분한 판단이 도움이 되는 흐름입니다.
248,양띠,오늘 하루 양띠는 주변 사람과의 조화를 신경 쓰면 좋습니다.
249,쥐띠,작은 노력 하나가 쥐띠에게 좋은 결과로 이어질 수 있습니다.
250,용띠,용띠에게는 새로운 인연이나 협력 기회가 생길 수 있습니다.
251,소띠,오늘 하루 소띠는 주변 사람과의 조화를 신경 쓰면 좋습니다.
252,용띠,용띠에게는 새로운 인연이나 협력 기회가 생길 수 있습니다.
253,원숭이띠,원숭이띠에게는 자신감을 가지고 움직이는 것이 중요한 날입니다.
254,말띠,말띠에게는 예상치 못한 도움이나 조언이 찾아올 수 있습니다.
255,용띠,용띠에게는 예상치 못한 도움이나 조언이 찾아올 수 있습니다.
256,말띠,오늘 하루 말띠는 주변 사람과의 조화를 신경 쓰면 좋습니다.
257,뱀띠,작은 노력 하나가 뱀띠에게 좋은 결과로 이어질 수 있습니다.
258,소띠,소띠에게는 예상치 못한 도움이나 조언이 찾아올 수 있습니다.
259,원숭이띠,작은 노력 하나가 원숭이띠에게 좋은 결과로 이어질 수 있습니다.
260,뱀띠,뱀띠에게는 자신감을 가지고 움직이는 것이 중요한 날입니다.
261,호랑이띠,호랑이띠에게는 자신감을 가지고 움직이는 것이 중요한 날입니다.
262,양띠,오늘은 양띠에게 차분한 판단이 도움이 되는 흐름입니다.
263,쥐띠,작은 노력 하나가 쥐띠에게 좋은 결과로 이어질 수 있습니다.
264,닭띠,오늘 하루 닭띠는 주변 사람과의 조화를 신경 쓰면 좋습니다.
265,닭띠,작은 노력 하나가 닭띠에게 좋은 결과로 이어질 수 있습니다.
266,양띠,오늘 하루 양띠는 주변 사람과의 조화를 신경 쓰면 좋습니다.
267,원숭이띠,원숭이띠에게는 자신감을 가지고 움직이는 것이 중요한 날입니다.
268,쥐띠,쥐띠에게는 자신감을 가지고 움직이는 것이 중요한 날입니다.
269,양띠,작은 노력 하나가 양띠에게 좋은 결과로 이어질 수 있습니다.
270,호랑이띠,오늘 하루 호랑이띠는 주변 사람과의 조화를 신경 쓰면 좋습니다.
271,양띠,작은 노력 하나가 양띠에게 좋은 결과로 이어질 수 있습니다.
272,양띠,양띠에게는 새로운 인연이나 협력 기회가 생길 수 있습니다.
273,호랑이띠,호랑이띠에게는 자신감을 가지고 움직이는 것이 중요한 날입니다.
274,개띠,오늘은 개띠에게 차분한 판단이 도움이 되는 흐름입니다.
275,원숭이띠,오늘은 원숭이띠에게 차분한 판단이 도움이 되는 흐름입니다.
276,소띠,소띠에게는 예상치 못한 도움이나 조언이 찾아올 수 있습니다.
277,닭띠,작은 노력 하나가 닭띠에게 좋은 결과로 이어질 수 있습니다.
278,닭띠,오늘 하루 닭띠는 주변 사람과의 조화를 신경 쓰면 좋습니다.
279,양띠,작은 노력 하나가 양띠에게 좋은 결과로 이어질 수 있습니다.
280,소띠,오늘 하루 소띠는 주변 사람과의 조화를 신경 쓰면 좋습니다.
281,소띠,작은 노력 하나가 소띠에게 좋은 결과로 이어질 수 있습니다.
282,소띠,작은 노력 하나가 소띠에게 좋은 결과로 이어질 수 있습니다.
283,말띠,오늘은 말띠에게 차분한 판단이 도움이 되는 흐름입니다.
284,토끼띠,오늘 하루 토끼띠는 주변 사람과의 조화를 신경 쓰면 좋습니다.
285,소띠,오늘은 소띠에게 차분한 판단이 도움이 되는 흐름입니다.
286,쥐띠,쥐띠에게는 예상치 못한 도움이나 조언이 찾아올 수 있습니다.
287,개띠,오늘 하루 개띠는 주변 사람과의 조화를 신경 쓰면 좋습니다.
288,개띠,오늘 하루 개띠는 주변 사람과의 조화를 신경 쓰면 좋습니다.
289,뱀띠,오늘은 뱀띠에게 차분한 판단이 도움이 되는 흐름입니다.
290,뱀띠,뱀띠에게는 새로운 인연이나 협력 기회가 생길 수 있습니다.
291,양띠,양띠에게는 예상치 못한 도움이나 조언이 찾아올 수 있습니다.
292,호랑이띠,호랑이띠에게는 예상치 못한 도움이나 조언이 찾아올 수 있습니다.
293,용띠,오늘 하루 용띠는 주변 사람과의 조화를 신경 쓰면 좋습니다.
294,호랑이띠,오늘은 호랑이띠에게 차분한 판단이 도움이 되는 흐름입니다.
295,쥐띠,쥐띠에게는 자신감을 가지고 움직이는 것이 중요한 날입니다.
296,돼지띠,돼지띠에게는 자신감을 가지고 움직이는 것이 중요한 날입니다.
297,토끼띠,토끼띠에게는 새로운 인연이나 협력 기회가 생길 수 있습니다.
298,호랑이띠,오늘 하루 호랑이띠는 주변 사람과의 조화를 신경 쓰면 좋습니다.
299,양띠,오늘 하루 양띠는 주변 사람과의 조화를 신경 쓰면 좋습니다.
300,소띠,오늘은 소띠에게 차분한 판단이 도움이 되는 흐름입니다.
301,원숭이띠,오늘은 원숭이띠에게 차분한 판단이 도움이 되는 흐름입니다.
302,원숭이띠,작은 노력 하나가 원숭이띠에게 좋은 결과로 이어질 수 있습니다.
303,말띠,말띠에게는 자신감을 가지고 움직이는 것이 중요한 날입니다.
304,쥐띠,오늘은 쥐띠에게 차분한 판단이 도움이 되는 흐름입니다.
305,소띠,소띠에게는 새로운 인연이나 협력 기회가 생길 수 있습니다.
306,개띠,개띠에게는 자신감을 가지고 움직이는 것이 중요한 날입니다.
307,뱀띠,뱀띠에게는 새로운 인연이나 협력 기회가 생길 수 있습니다.
308,개띠,작은 노력 하나가 개띠에게 좋은 결과로 이어질 수 있습니다.
309,원숭이띠,원숭이띠에게는 새로운 인연이나 협력 기회가 생길 수 있습니다.
310,호랑이띠,호랑이띠에게는 예상치 못한 도움이나 조언이 찾아올 수 있습니다.
311,양띠,양띠에게는 자신감을 가지고 움직이는 것이 중요한 날입니다.
312,말띠,말띠에게는 예상치 못한 도움이나 조언이 찾아올 수 있습니다.
313,양띠,양띠에게는 예상치 못한 도움이나 조언이 찾아올 수 있습니다.
314,닭띠,닭띠에게는 자신감을 가지고 움직이는 것이 중요한 날입니다.
315,소띠,소띠에게는 새로운 인연이나 협력 기회가 생길 수 있습니다.
316,원숭이띠,원숭이띠에게는 새로운 인연이나 협력 기회가 생길 수 있습니다.
317,양띠,오늘은 양띠에게 차분한 판단이 도움이 되는 흐름입니다.
318,양띠,양띠에게는 예상치 못한 도움이나 조언이 찾아올 수 있습니다.
319,용띠,용띠에게는 예상치 못한 도움이나 조언이 찾아올 수 있습니다.
320,쥐띠,쥐띠에게는 새로운 인연이나 협력 기회가 생길 수 있습니다.
321,쥐띠,쥐띠에게는 새로운 인연이나 협력 기회가 생길 수 있습니다.
322,쥐띠,쥐띠에게는 새로운 인연이나 협력 기회가 생길 수 있습니다.
323,용띠,오늘 하루 용띠는 주변 사람과의 조화를 신경 쓰면 좋습니다.
324,뱀띠,오늘 하루 뱀띠는 주변 사람과의 조화를 신경 쓰면 좋습니다.
325,뱀띠,뱀띠에게는 자신감을 가지고 움직이는 것이 중요한 날입니다.
326,용띠,작은 노력 하나가 용띠에게 좋은 결과로 이어질 수 있습니다.
327,호랑이띠,호랑이띠에게는 자신감을 가지고 움직이는 것이 중요한 날입니다.
328,뱀띠,작은 노력 하나가 뱀띠에게 좋은 결과로 이어질 수 있습니다.
329,말띠,말띠에게는 새로운 인연이나 협력 기회가 생길 수 있습니다.
330,쥐띠,쥐띠에게는 자신감을 가지고 움직이는 것이 중요한 날입니다.
331,말띠,말띠에게는 새로운 인연이나 협력 기회가 생길 수 있습니다.
332,용띠,용띠에게는 예상치 못한 도움이나 조언이 찾아올 수 있습니다.
333,닭띠,닭띠에게는 자신감을 가지고 움직이는 것이 중요한 날입니다.
334,닭띠,닭띠에게는 새로운 인연이나 협력 기회가 생길 수 있습니다.
335,돼지띠,작은 노력 하나가 돼지띠에게 좋은 결과로 이어질 수 있습니다.
336,쥐띠,오늘 하루 쥐띠는 주변 사람과의 조화를 신경 쓰면 좋습니다.
337,돼지띠,돼지띠에게는 예상치 못한 도움이나 조언이 찾아올 수 있습니다.
338,뱀띠,오늘은 뱀띠에게 차분한 판단이 도움이 되는 흐름입니다.
339,개띠,작은 노력 하나가 개띠에게 좋은 결과로 이어질 수 있습니다.
340,용띠,오늘은 용띠에게 차분한 판단이 도움이 되는 흐름입니다.
341,돼지띠,작은 노력 하나가 돼지띠에게 좋은 결과로 이어질 수 있습니다.
342,원숭이띠,원숭이띠에게는 자신감을 가지고 움직이는 것이 중요한 날입니다.
343,소띠,소띠에게는 자신감을 가지고 움직이는 것이 중요한 날입니다.
344,양띠,양띠에게는 새로운 인연이나 협력 기회가 생길 수 있습니다.
345,호랑이띠,호랑이띠에게는 예상치 못한 도움이나 조언이 찾아올 수 있습니다.
346,쥐띠,작은 노력 하나가 쥐띠에게 좋은 결과로 이어질 수 있습니다.
347,쥐띠,오늘은 쥐띠에게 차분한 판단이 도움이 되는 흐름입니다.
348,양띠,오늘은 양띠에게 차분한 판단이 도움이 되는 흐름입니다.
349,양띠,양띠에게는 새로운 인연이나 협력 기회가 생길 수 있습니다.
350,토끼띠,토끼띠에게는 새로운 인연이나 협력 기회가 생길 수 있습니다.
351,돼지띠,돼지띠에게는 새로운 인연이나 협력 기회가 생길 수 있습니다.
352,뱀띠,오늘 하루 뱀띠는 주변 사람과의 조화를 신경 쓰면 좋습니다.
353,토끼띠,토끼띠에게는 예상치 못한 도움이나 조언이 찾아올 수 있습니다.
354,양띠,작은 노력 하나가 양띠에게 좋은 결과로 이어질 수 있습니다.
355,돼지띠,돼지띠에게는 새로운 인연이나 협력 기회가 생길 수 있습니다.
356,말띠,작은 노력 하나가 말띠에게 좋은 결과로 이어질 수 있습니다.
357,호랑이띠,호랑이띠에게는 새로운 인연이나 협력 기회가 생길 수 있습니다.
358,돼지띠,돼지띠에게는 새로운 인연이나 협력 기회가 생길 수 있습니다.
359,원숭이띠,원숭이띠에게는 예상치 못한 도움이나 조언이 찾아올 수 있습니다.
360,쥐띠,쥐띠에게는 자신감을 가지고 움직이는 것이 중요한 날입니다.
361,호랑이띠,오늘 하루 호랑이띠는 주변 사람과의 조화를 신경 쓰면 좋습니다.
362,원숭이띠,오늘 하루 원숭이띠는 주변 사람과의 조화를 신경 쓰면 좋습니다.
363,양띠,오늘 하루 양띠는 주변 사람과의 조화를 신경 쓰면 좋습니다.
364,쥐띠,쥐띠에게는 새로운 인연이나 협력 기회가 생길 수 있습니다.
365,쥐띠,쥐띠에게는 예상치 못한 도움이나 조언이 찾아올 수 있습니다.
366,원숭이띠,원숭이띠에게는 예상치 못한 도움이나 조언이 찾아올 수 있습니다.
367,닭띠,오늘 하루 닭띠는 주변 사람과의 조화를 신경 쓰면 좋습니다.
368,쥐띠,쥐띠에게는 자신감을 가지고 움직이는 것이 중요한 날입니다.
369,닭띠,오늘은 닭띠에게 차분한 판단이 도움이 되는 흐름입니다.
370,말띠,말띠에게는 새로운 인연이나 협력 기회가 생길 수 있습니다.
371,소띠,오늘은 소띠에게 차분한 판단이 도움이 되는 흐름입니다.
372,개띠,오늘은 개띠에게 차분한 판단이 도움이 되는 흐름입니다.
373,양띠,오늘은 양띠에게 차분한 판단이 도움이 되는 흐름입니다.
374,돼지띠,돼지띠에게는 새로운 인연이나 협력 기회가 생길 수 있습니다.
375,뱀띠,오늘은 뱀띠에게 차분한 판단이 도움이 되는 흐름입니다.
376,말띠,말띠에게는 자신감을 가지고 움직이는 것이 중요한 날입니다.
377,개띠,작은 노력 하나가 개띠에게 좋은 결과로 이어질 수 있습니다.
378,닭띠,오늘은 닭띠에게 차분한 판단이 도움이 되는 흐름입니다.
379,용띠,용띠에게는 새로운 인연이나 협력 기회가 생길 수 있습니다.
380,토끼띠,오늘 하루 토끼띠는 주변 사람과의 조화를 신경 쓰면 좋습니다.
381,토끼띠,토끼띠에게는 예상치 못한 도움이나 조언이 찾아올 수 있습니다.
382,말띠,오늘은 말띠에게 차분한 판단이 도움이 되는 흐름입니다.
383,말띠,작은 노력 하나가 말띠에게 좋은 결과로 이어질 수 있습니다.
384,용띠,작은 노력 하나가 용띠에게 좋은 결과로 이어질 수 있습니다.
385,토끼띠,토끼띠에게는 자신감을 가지고 움직이는 것이 중요한 날입니다.
386,쥐띠,쥐띠에게는 예상치 못한 도움이나 조언이 찾아올 수 있습니다.
387,양띠,오늘은 양띠에게 차분한 판단이 도움이 되는 흐름입니다.
388,닭띠,오늘 하루 닭띠는 주변 사람과의 조화를 신경 쓰면 좋습니다.
389,쥐띠,작은 노력 하나가 쥐띠에게 좋은 결과로 이어질 수 있습니다.
390,호랑이띠,오늘 하루 호랑이띠는 주변 사람과의 조화를 신경 쓰면 좋습니다.
391,호랑이띠,호랑이띠에게는 새로운 인연이나 협력 기회가 생길 수 있습니다.
392,돼지띠,작은 노력 하나가 돼지띠에게 좋은 결과로 이어질 수 있습니다.
393,소띠,오늘은 소띠에게 차분한 판단이 도움이 되는 흐름입니다.
394,닭띠,오늘 하루 닭띠는 주변 사람과의 조화를 신경 쓰면 좋습니다.
395,양띠,양띠에게는 새로운 인연이나 협력 기회가 생길 수 있습니다.
396,용띠,용띠에게는 새로운 인연이나 협력 기회가 생길 수 있습니다.
397,개띠,오늘은 개띠에게 차분한 판단이 도움이 되는 흐름입니다.
398,토끼띠,토끼띠에게는 자신감을 가지고 움직이는 것이 중요한 날입니다.
399,소띠,오늘 하루 소띠는 주변 사람과의 조화를 신경 쓰면 좋습니다.
400,개띠,개띠에게는 예상치 못한 도움이나 조언이 찾아올 수 있습니다.
401,쥐띠,오늘은 쥐띠에게 차분한 판단이 도움이 되는 흐름입니다.
402,호랑이띠,오늘 하루 호랑이띠는 주변 사람과의 조화를 신경 쓰면 좋습니다.
403,닭띠,오늘은 닭띠에게 차분한 판단이 도움이 되는 흐름입니다.
404,뱀띠,뱀띠에게는 예상치 못한 도움이나 조언이 찾아올 수 있습니다.
405,양띠,양띠에게는 예상치 못한 도움이나 조언이 찾아올 수 있습니다.
406,돼지띠,돼지띠에게는 새로운 인연이나 협력 기회가 생길 수 있습니다.
407,양띠,오늘은 양띠에게 차분한 판단이 도움이 되는 흐름입니다.
408,원숭이띠,작은 노력 하나가 원숭이띠에게 좋은 결과로 이어질 수 있습니다.
409,양띠,오늘은 양띠에게 차분한 판단이 도움이 되는 흐름입니다.
410,말띠,말띠에게는 자신감을 가지고 움직이는 것이 중요한 날입니다.
411,호랑이띠,오늘은 호랑이띠에게 차분한 판단이 도움이 되는 흐름입니다.
412,양띠,오늘은 양띠에게 차분한 판단이 도움이 되는 흐름입니다.
413,쥐띠,쥐띠에게는 새로운 인연이나 협력 기회가 생길 수 있습니다.
414,호랑이띠,호랑이띠에게는 새로운 인연이나 협력 기회가 생길 수 있습니다.
415,돼지띠,작은 노력 하나가 돼지띠에게 좋은 결과로 이어질 수 있습니다.
416,말띠,작은 노력 하나가 말띠에게 좋은 결과로 이어질 수 있습니다.
417,용띠,오늘 하루 용띠는 주변 사람과의 조화를 신경 쓰면 좋습니다.
418,양띠,양띠에게는 예상치 못한 도움이나 조언이 찾아올 수 있습니다.
419,소띠,소띠에게는 자신감을 가지고 움직이는 것이 중요한 날입니다.
420,용띠,용띠에게는 예상치 못한 도움이나 조언이 찾아올 수 있습니다.
421,쥐띠,쥐띠에게는 새로운 인연이나 협력 기회가 생길 수 있습니다.
422,원숭이띠,작은 노력 하나가 원숭이띠에게 좋은 결과로 이어질 수 있습니다.
423,뱀띠,뱀띠에게는 예상치 못한 도움이나 조언이 찾아올 수 있습니다.
424,용띠,오늘 하루 용띠는 주변 사람과의 조화를 신경 쓰면 좋습니다.
425,토끼띠,오늘 하루 토끼띠는 주변 사람과의 조화를 신경 쓰면 좋습니다.
426,닭띠,작은 노력 하나가 닭띠에게 좋은 결과로 이어질 수 있습니다.
427,원숭이띠,원숭이띠에게는 새로운 인연이나 협력 기회가 생길 수 있습니다.
428,뱀띠,뱀띠에게는 새로운 인연이나 협력 기회가 생길 수 있습니다.
429,원숭이띠,원숭이띠에게는 예상치 못한 도움이나 조언이 찾아올 수 있습니다.
430,뱀띠,뱀띠에게는 새로운 인연이나 협력 기회가 생길 수 있습니다.
431,원숭이띠,오늘 하루 원숭이띠는 주변 사람과의 조화를 신경 쓰면 좋습니다.
432,쥐띠,쥐띠에게는 자신감을 가지고 움직이는 것이 중요한 날입니다.
433,쥐띠,작은 노력 하나가 쥐띠에게 좋은 결과로 이어질 수 있습니다.
434,원숭이띠,오늘 하루 원숭이띠는 주변 사람과의 조화를 신경 쓰면 좋습니다.
435,쥐띠,쥐띠에게는 자신감을 가지고 움직이는 것이 중요한 날입니다.
436,말띠,말띠에게는 새로운 인연이나 협력 기회가 생길 수 있습니다.
437,호랑이띠,오늘 하루 호랑이띠는 주변 사람과의 조화를 신경 쓰면 좋습니다.
438,소띠,오늘 하루 소띠는 주변 사람과의 조화를 신경 쓰면 좋습니다.
439,개띠,개띠에게는 자신감을 가지고 움직이는 것이 중요한 날입니다.
440,닭띠,오늘은 닭띠에게 차분한 판단이 도움이 되는 흐름입니다.
441,쥐띠,쥐띠에게는 자신감을 가지고 움직이는 것이 중요한 날입니다.
442,말띠,작은 노력 하나가 말띠에게 좋은 결과로 이어질 수 있습니다.
443,돼지띠,오늘 하루 돼지띠는 주변 사람과의 조화를 신경 쓰면 좋습니다.
444,돼지띠,작은 노력 하나가 돼지띠에게 좋은 결과로 이어질 수 있습니다.
445,닭띠,닭띠에게는 예상치 못한 도움이나 조언이 찾아올 수 있습니다.
446,뱀띠,작은 노력 하나가 뱀띠에게 좋은 결과로 이어질 수 있습니다.
447,원숭이띠,원숭이띠에게는 새로운 인연이나 협력 기회가 생길 수 있습니다.
448,호랑이띠,오늘은 호랑이띠에게 차분한 판단이 도움이 되는 흐름입니다.
449,토끼띠,작은 노력 하나가 토끼띠에게 좋은 결과로 이어질 수 있습니다.
450,원숭이띠,원숭이띠에게는 예상치 못한 도움이나 조언이 찾아올 수 있습니다.
451,양띠,오늘 하루 양띠는 주변 사람과의 조화를 신경 쓰면 좋습니다.
452,말띠,말띠에게는 자신감을 가지고 움직이는 것이 중요한 날입니다.
453,원숭이띠,원숭이띠에게는 자신감을 가지고 움직이는 것이 중요한 날입니다.
454,토끼띠,토끼띠에게는 예상치 못한 도움이나 조언이 찾아올 수 있습니다.
455,원숭이띠,원숭이띠에게는 자신감을 가지고 움직이는 것이 중요한 날입니다.
456,개띠,개띠에게는 예상치 못한 도움이나 조언이 찾아올 수 있습니다.
457,돼지띠,돼지띠에게는 자신감을 가지고 움직이는 것이 중요한 날입니다.
458,쥐띠,쥐띠에게는 자신감을 가지고 움직이는 것이 중요한 날입니다.
459,닭띠,작은 노력 하나가 닭띠에게 좋은 결과로 이어질 수 있습니다.
460,소띠,소띠에게는 예상치 못한 도움이나 조언이 찾아올 수 있습니다.
461,뱀띠,뱀띠에게는 새로운 인연이나 협력 기회가 생길 수 있습니다.
462,돼지띠,돼지띠에게는 자신감을 가지고 움직이는 것이 중요한 날입니다.
463,뱀띠,뱀띠에게는 자신감을 가지고 움직이는 것이 중요한 날입니다.
464,쥐띠,작은 노력 하나가 쥐띠에게 좋은 결과로 이어질 수 있습니다.
465,말띠,오늘은 말띠에게 차분한 판단이 도움이 되는 흐름입니다.
466,원숭이띠,오늘은 원숭이띠에게 차분한 판단이 도움이 되는 흐름입니다.
467,양띠,양띠에게는 자신감을 가지고 움직이는 것이 중요한 날입니다.
468,용띠,작은 노력 하나가 용띠에게 좋은 결과로 이어질 수 있습니다.
469,뱀띠,뱀띠에게는 자신감을 가지고 움직이는 것이 중요한 날입니다.
470,토끼띠,작은 노력 하나가 토끼띠에게 좋은 결과로 이어질 수 있습니다.
471,뱀띠,뱀띠에게는 새로운 인연이나 협력 기회가 생길 수 있습니다.
472,뱀띠,뱀띠에게는 자신감을 가지고 움직이는 것이 중요한 날입니다.
473,토끼띠,토끼띠에게는 자신감을 가지고 움직이는 것이 중요한 날입니다.
474,개띠,작은 노력 하나가 개띠에게 좋은 결과로 이어질 수 있습니다.
475,소띠,오늘 하루 소띠는 주변 사람과의 조화를 신경 쓰면 좋습니다.
476,호랑이띠,오늘 하루 호랑이띠는 주변 사람과의 조화를 신경 쓰면 좋습니다.
477,호랑이띠,작은 노력 하나가 호랑이띠에게 좋은 결과로 이어질 수 있습니다.
478,호랑이띠,호랑이띠에게는 예상치 못한 도움이나 조언이 찾아올 수 있습니다.
479,토끼띠,오늘 하루 토끼띠는 주변 사람과의 조화를 신경 쓰면 좋습니다.
480,원숭이띠,원숭이띠에게는 예상치 못한 도움이나 조언이 찾아올 수 있습니다.
481,소띠,소띠에게는 자신감을 가지고 움직이는 것이 중요한 날입니다.
482,개띠,개띠에게는 예상치 못한 도움이나 조언이 찾아올 수 있습니다.
483,토끼띠,작은 노력 하나가 토끼띠에게 좋은 결과로 이어질 수 있습니다.
484,용띠,용띠에게는 자신감을 가지고 움직이는 것이 중요한 날입니다.
485,돼지띠,작은 노력 하나가 돼지띠에게 좋은 결과로 이어질 수 있습니다.
486,개띠,개띠에게는 자신감을 가지고 움직이는 것이 중요한 날입니다.
487,뱀띠,뱀띠에게는 예상치 못한 도움이나 조언이 찾아올 수 있습니다.
488,소띠,오늘 하루 소띠는 주변 사람과의 조화를 신경 쓰면 좋습니다.
489,닭띠,오늘은 닭띠에게 차분한 판단이 도움이 되는 흐름입니다.
490,호랑이띠,오늘 하루 호랑이띠는 주변 사람과의 조화를 신경 쓰면 좋습니다.
491,닭띠,오늘은 닭띠에게 차분한 판단이 도움이 되는 흐름입니다.
492,원숭이띠,원숭이띠에게는 자신감을 가지고 움직이는 것이 중요한 날입니다.
493,개띠,오늘 하루 개띠는 주변 사람과의 조화를 신경 쓰면 좋습니다.
494,돼지띠,작은 노력 하나가 돼지띠에게 좋은 결과로 이어질 수 있습니다.
495,개띠,개띠에게는 새로운 인연이나 협력 기회가 생길 수 있습니다.
496,소띠,소띠에게는 예상치 못한 도움이나 조언이 찾아올 수 있습니다.
497,말띠,오늘 하루 말띠는 주변 사람과의 조화를 신경 쓰면 좋습니다.
498,소띠,오늘 하루 소띠는 주변 사람과의 조화를 신경 쓰면 좋습니다.
499,쥐띠,오늘은 쥐띠에게 차분한 판단이 도움이 되는 흐름입니다.
500,양띠,오늘 하루 양띠는 주변 사람과의 조화를 신경 쓰면 좋습니다.
501,호랑이띠,호랑이띠에게는 새로운 인연이나 협력 기회가 생길 수 있습니다.
502,닭띠,오늘 하루 닭띠는 주변 사람과의 조화를 신경 쓰면 좋습니다.
503,토끼띠,오늘은 토끼띠에게 차분한 판단이 도움이 되는 흐름입니다.
504,소띠,작은 노력 하나가 소띠에게 좋은 결과로 이어질 수 있습니다.
505,호랑이띠,호랑이띠에게는 예상치 못한 도움이나 조언이 찾아올 수 있습니다.
506,토끼띠,토끼띠에게는 예상치 못한 도움이나 조언이 찾아올 수 있습니다.
507,토끼띠,작은 노력 하나가 토끼띠에게 좋은 결과로 이어질 수 있습니다.
508,개띠,오늘 하루 개띠는 주변 사람과의 조화를 신경 쓰면 좋습니다.
509,돼지띠,작은 노력 하나가 돼지띠에게 좋은 결과로 이어질 수 있습니다.
510,개띠,개띠에게는 예상치 못한 도움이나 조언이 찾아올 수 있습니다.
511,양띠,작은 노력 하나가 양띠에게 좋은 결과로 이어질 수 있습니다.
512,개띠,개띠에게는 자신감을 가지고 움직이는 것이 중요한 날입니다.
513,말띠,말띠에게는 자신감을 가지고 움직이는 것이 중요한 날입니다.
514,개띠,오늘은 개띠에게 차분한 판단이 도움이 되는 흐름입니다.
515,닭띠,오늘 하루 닭띠는 주변 사람과의 조화를 신경 쓰면 좋습니다.
516,소띠,소띠에게는 예상치 못한 도움이나 조언이 찾아올 수 있습니다.
517,토끼띠,오늘은 토끼띠에게 차분한 판단이 도움이 되는 흐름입니다.
518,양띠,오늘 하루 양띠는 주변 사람과의 조화를 신경 쓰면 좋습니다.
519,토끼띠,토끼띠에게는 새로운 인연이나 협력 기회가 생길 수 있습니다.
520,말띠,오늘 하루 말띠는 주변 사람과의 조화를 신경 쓰면 좋습니다.
521,원숭이띠,작은 노력 하나가 원숭이띠에게 좋은 결과로 이어질 수 있습니다.
522,소띠,오늘 하루 소띠는 주변 사람과의 조화를 신경 쓰면 좋습니다.
523,토끼띠,오늘 하루 토끼띠는 주변 사람과의 조화를 신경 쓰면 좋습니다.
524,돼지띠,오늘 하루 돼지띠는 주변 사람과의 조화를 신경 쓰면 좋습니다.
525,양띠,양띠에게는 새로운 인연이나 협력 기회가 생길 수 있습니다.
526,돼지띠,돼지띠에게는 새로운 인연이나 협력 기회가 생길 수 있습니다.
527,뱀띠,뱀띠에게는 예상치 못한 도움이나 조언이 찾아올 수 있습니다.
528,돼지띠,돼지띠에게는 예상치 못한 도움이나 조언이 찾아올 수 있습니다.
529,소띠,작은 노력 하나가 소띠에게 좋은 결과로 이어질 수 있습니다.
530,닭띠,닭띠에게는 예상치 못한 도움이나 조언이 찾아올 수 있습니다.
531,뱀띠,뱀띠에게는 예상치 못한 도움이나 조언이 찾아올 수 있습니다.
532,개띠,오늘은 개띠에게 차분한 판단이 도움이 되는 흐름입니다.
533,용띠,작은 노력 하나가 용띠에게 좋은 결과로 이어질 수 있습니다.
534,닭띠,오늘은 닭띠에게 차분한 판단이 도움이 되는 흐름입니다.
535,소띠,소띠에게는 새로운 인연이나 협력 기회가 생길 수 있습니다.
536,뱀띠,오늘 하루 뱀띠는 주변 사람과의 조화를 신경 쓰면 좋습니다.
537,뱀띠,오늘 하루 뱀띠는 주변 사람과의 조화를 신경 쓰면 좋습니다.
538,용띠,오늘은 용띠에게 차분한 판단이 도움이 되는 흐름입니다.
539,양띠,오늘 하루 양띠는 주변 사람과의 조화를 신경 쓰면 좋습니다.
540,뱀띠,오늘 하루 뱀띠는 주변 사람과의 조화를 신경 쓰면 좋습니다.
541,소띠,오늘은 소띠에게 차분한 판단이 도움이 되는 흐름입니다.
542,말띠,말띠에게는 예상치 못한 도움이나 조언이 찾아올 수 있습니다.
543,개띠,작은 노력 하나가 개띠에게 좋은 결과로 이어질 수 있습니다.
544,용띠,오늘 하루 용띠는 주변 사람과의 조화를 신경 쓰면 좋습니다.
545,호랑이띠,작은 노력 하나가 호랑이띠에게 좋은 결과로 이어질 수 있습니다.
546,양띠,오늘 하루 양띠는 주변 사람과의 조화를 신경 쓰면 좋습니다.
547,소띠,소띠에게는 새로운 인연이나 협력 기회가 생길 수 있습니다.
548,소띠,오늘은 소띠에게 차분한 판단이 도움이 되는 흐름입니다.
549,호랑이띠,호랑이띠에게는 새로운 인연이나 협력 기회가 생길 수 있습니다.
550,뱀띠,뱀띠에게는 자신감을 가지고 움직이는 것이 중요한 날입니다.
551,쥐띠,쥐띠에게는 새로운 인연이나 협력 기회가 생길 수 있습니다.
552,용띠,오늘은 용띠에게 차분한 판단이 도움이 되는 흐름입니다.
553,쥐띠,쥐띠에게는 새로운 인연이나 협력 기회가 생길 수 있습니다.
554,원숭이띠,원숭이띠에게는 자신감을 가지고 움직이는 것이 중요한 날입니다.
555,닭띠,오늘은 닭띠에게 차분한 판단이 도움이 되는 흐름입니다.
556,말띠,말띠에게는 예상치 못한 도움이나 조언이 찾아올 수 있습니다.
557,양띠,양띠에게는 자신감을 가지고 움직이는 것이 중요한 날입니다.
558,양띠,작은 노력 하나가 양띠에게 좋은 결과로 이어질 수 있습니다.
559,토끼띠,토끼띠에게는 새로운 인연이나 협력 기회가 생길 수 있습니다.
560,말띠,오늘은 말띠에게 차분한 판단이 도움이 되는 흐름입니다.
561,토끼띠,오늘은 토끼띠에게 차분한 판단이 도움이 되는 흐름입니다.
562,말띠,말띠에게는 예상치 못한 도움이나 조언이 찾아올 수 있습니다.
563,양띠,양띠에게는 자신감을 가지고 움직이는 것이 중요한 날입니다.
564,원숭이띠,오늘은 원숭이띠에게 차분한 판단이 도움이 되는 흐름입니다.
565,토끼띠,오늘 하루 토끼띠는 주변 사람과의 조화를 신경 쓰면 좋습니다.
566,뱀띠,작은 노력 하나가 뱀띠에게 좋은 결과로 이어질 수 있습니다.
567,뱀띠,뱀띠에게는 자신감을 가지고 움직이는 것이 중요한 날입니다.
568,개띠,개띠에게는 예상치 못한 도움이나 조언이 찾아올 수 있습니다.
569,호랑이띠,호랑이띠에게는 예상치 못한 도움이나 조언이 찾아올 수 있습니다.
570,호랑이띠,작은 노력 하나가 호랑이띠에게 좋은 결과로 이어질 수 있습니다.
571,양띠,작은 노력 하나가 양띠에게 좋은 결과로 이어질 수 있습니다.
572,닭띠,작은 노력 하나가 닭띠에게 좋은 결과로 이어질 수 있습니다.
573,돼지띠,작은 노력 하나가 돼지띠에게 좋은 결과로 이어질 수 있습니다.
574,닭띠,오늘은 닭띠에게 차분한 판단이 도움이 되는 흐름입니다.
575,닭띠,닭띠에게는 자신감을 가지고 움직이는 것이 중요한 날입니다.
576,말띠,오늘은 말띠에게 차분한 판단이 도움이 되는 흐름입니다.
577,돼지띠,돼지띠에게는 예상치 못한 도움이나 조언이 찾아올 수 있습니다.
578,돼지띠,작은 노력 하나가 돼지띠에게 좋은 결과로 이어질 수 있습니다.
579,쥐띠,오늘은 쥐띠에게 차분한 판단이 도움이 되는 흐름입니다.
580,말띠,오늘 하루 말띠는 주변 사람과의 조화를 신경 쓰면 좋습니다.
581,말띠,오늘은 말띠에게 차분한 판단이 도움이 되는 흐름입니다.
582,닭띠,닭띠에게는 자신감을 가지고 움직이는 것이 중요한 날입니다.
583,양띠,양띠에게는 새로운 인연이나 협력 기회가 생길 수 있습니다.
584,개띠,개띠에게는 자신감을 가지고 움직이는 것이 중요한 날입니다.
585,양띠,양띠에게는 새로운 인연이나 협력 기회가 생길 수 있습니다.
586,쥐띠,오늘 하루 쥐띠는 주변 사람과의 조화를 신경 쓰면 좋습니다.
587,쥐띠,쥐띠에게는 새로운 인연이나 협력 기회가 생길 수 있습니다.
588,쥐띠,작은 노력 하나가 쥐띠에게 좋은 결과로 이어질 수 있습니다.
589,닭띠,닭띠에게는 자신감을 가지고 움직이는 것이 중요한 날입니다.
590,호랑이띠,오늘 하루 호랑이띠는 주변 사람과의 조화를 신경 쓰면 좋습니다.
591,토끼띠,토끼띠에게는 새로운 인연이나 협력 기회가 생길 수 있습니다.
592,뱀띠,뱀띠에게는 자신감을 가지고 움직이는 것이 중요한 날입니다.
593,닭띠,닭띠에게는 새로운 인연이나 협력 기회가 생길 수 있습니다.
594,쥐띠,오늘 하루 쥐띠는 주변 사람과의 조화를 신경 쓰면 좋습니다.
595,토끼띠,토끼띠에게는 자신감을 가지고 움직이는 것이 중요한 날입니다.
596,쥐띠,오늘은 쥐띠에게 차분한 판단이 도움이 되는 흐름입니다.
597,토끼띠,토끼띠에게는 예상치 못한 도움이나 조언이 찾아올 수 있습니다.
598,토끼띠,토끼띠에게는 자신감을 가지고 움직이는 것이 중요한 날입니다.
599,용띠,작은 노력 하나가 용띠에게 좋은 결과로 이어질 수 있습니다.
600,말띠,오늘은 말띠에게 차분한 판단이 도움이 되는 흐름입니다.
601,양띠,양띠에게는 예상치 못한 도움이나 조언이 찾아올 수 있습니다.
602,소띠,소띠에게는 새로운 인연이나 협력 기회가 생길 수 있습니다.
603,쥐띠,쥐띠에게는 예상치 못한 도움이나 조언이 찾아올 수 있습니다.
604,뱀띠,오늘은 뱀띠에게 차분한 판단이 도움이 되는 흐름입니다.
605,말띠,말띠에게는 자신감을 가지고 움직이는 것이 중요한 날입니다.
606,양띠,양띠에게는 새로운 인연이나 협력 기회가 생길 수 있습니다.
607,원숭이띠,오늘 하루 원숭이띠는 주변 사람과의 조화를 신경 쓰면 좋습니다.
608,말띠,작은 노력 하나가 말띠에게 좋은 결과로 이어질 수 있습니다.
609,양띠,양띠에게는 새로운 인연이나 협력 기회가 생길 수 있습니다.
610,호랑이띠,호랑이띠에게는 예상치 못한 도움이나 조언이 찾아올 수 있습니다.
611,토끼띠,작은 노력 하나가 토끼띠에게 좋은 결과로 이어질 수 있습니다.
612,원숭이띠,원숭이띠에게는 새로운 인연이나 협력 기회가 생길 수 있습니다.
613,양띠,오늘은 양띠에게 차분한 판단이 도움이 되는 흐름입니다.
614,용띠,용띠에게는 자신감을 가지고 움직이는 것이 중요한 날입니다.
615,쥐띠,오늘은 쥐띠에게 차분한 판단이 도움이 되는 흐름입니다.
616,호랑이띠,작은 노력 하나가 호랑이띠에게 좋은 결과로 이어질 수 있습니다.
617,쥐띠,쥐띠에게는 자신감을 가지고 움직이는 것이 중요한 날입니다.
618,말띠,말띠에게는 자신감을 가지고 움직이는 것이 중요한 날입니다.
619,말띠,말띠에게는 자신감을 가지고 움직이는 것이 중요한 날입니다.
620,원숭이띠,오늘은 원숭이띠에게 차분한 판단이 도움이 되는 흐름입니다.
621,원숭이띠,오늘 하루 원숭이띠는 주변 사람과의 조화를 신경 쓰면 좋습니다.
622,토끼띠,오늘 하루 토끼띠는 주변 사람과의 조화를 신경 쓰면 좋습니다.
623,양띠,오늘 하루 양띠는 주변 사람과의 조화를 신경 쓰면 좋습니다.
624,닭띠,닭띠에게는 예상치 못한 도움이나 조언이 찾아올 수 있습니다.
625,닭띠,오늘은 닭띠에게 차분한 판단이 도움이 되는 흐름입니다.
626,원숭이띠,원숭이띠에게는 자신감을 가지고 움직이는 것이 중요한 날입니다.
627,양띠,양띠에게는 새로운 인연이나 협력 기회가 생길 수 있습니다.
628,용띠,작은 노력 하나가 용띠에게 좋은 결과로 이어질 수 있습니다.
629,뱀띠,뱀띠에게는 예상치 못한 도움이나 조언이 찾아올 수 있습니다.
630,쥐띠,오늘 하루 쥐띠는 주변 사람과의 조화를 신경 쓰면 좋습니다.
631,뱀띠,작은 노력 하나가 뱀띠에게 좋은 결과로 이어질 수 있습니다.
632,토끼띠,오늘 하루 토끼띠는 주변 사람과의 조화를 신경 쓰면 좋습니다.
633,개띠,개띠에게는 예상치 못한 도움이나 조언이 찾아올 수 있습니다.
634,호랑이띠,작은 노력 하나가 호랑이띠에게 좋은 결과로 이어질 수 있습니다.
635,호랑이띠,오늘 하루 호랑이띠는 주변 사람과의 조화를 신경 쓰면 좋습니다.
636,뱀띠,뱀띠에게는 예상치 못한 도움이나 조언이 찾아올 수 있습니다.
637,뱀띠,오늘 하루 뱀띠는 주변 사람과의 조화를 신경 쓰면 좋습니다.
638,뱀띠,작은 노력 하나가 뱀띠에게 좋은 결과로 이어질 수 있습니다.
639,말띠,오늘 하루 말띠는 주변 사람과의 조화를 신경 쓰면 좋습니다.
640,돼지띠,돼지띠에게는 새로운 인연이나 협력 기회가 생길 수 있습니다.
641,말띠,오늘은 말띠에게 차분한 판단이 도움이 되는 흐름입니다.
642,원숭이띠,오늘 하루 원숭이띠는 주변 사람과의 조화를 신경 쓰면 좋습니다.
643,뱀띠,작은 노력 하나가 뱀띠에게 좋은 결과로 이어질 수 있습니다.
644,돼지띠,돼지띠에게는 새로운 인연이나 협력 기회가 생길 수 있습니다.
645,호랑이띠,오늘 하루 호랑이띠는 주변 사람과의 조화를 신경 쓰면 좋습니다.
646,쥐띠,오늘 하루 쥐띠는 주변 사람과의 조화를 신경 쓰면 좋습니다.
647,닭띠,닭띠에게는 자신감을 가지고 움직이는 것이 중요한 날입니다.
648,호랑이띠,오늘 하루 호랑이띠는 주변 사람과의 조화를 신경 쓰면 좋습니다.
649,호랑이띠,호랑이띠에게는 예상치 못한 도움이나 조언이 찾아올 수 있습니다.
650,말띠,오늘은 말띠에게 차분한 판단이 도움이 되는 흐름입니다.
651,용띠,용띠에게는 예상치 못한 도움이나 조언이 찾아올 수 있습니다.
652,말띠,오늘은 말띠에게 차분한 판단이 도움이 되는 흐름입니다.
653,뱀띠,뱀띠에게는 예상치 못한 도움이나 조언이 찾아올 수 있습니다.
654,닭띠,오늘 하루 닭띠는 주변 사람과의 조화를 신경 쓰면 좋습니다.
655,토끼띠,작은 노력 하나가 토끼띠에게 좋은 결과로 이어질 수 있습니다.
656,돼지띠,돼지띠에게는 예상치 못한 도움이나 조언이 찾아올 수 있습니다.
657,원숭이띠,원숭이띠에게는 새로운 인연이나 협력 기회가 생길 수 있습니다.
658,용띠,용띠에게는 자신감을 가지고 움직이는 것이 중요한 날입니다.
659,말띠,오늘 하루 말띠는 주변 사람과의 조화를 신경 쓰면 좋습니다.
660,소띠,오늘 하루 소띠는 주변 사람과의 조화를 신경 쓰면 좋습니다.
661,돼지띠,오늘 하루 돼지띠는 주변 사람과의 조화를 신경 쓰면 좋습니다.
662,소띠,소띠에게는 새로운 인연이나 협력 기회가 생길 수 있습니다.
663,돼지띠,돼지띠에게는 새로운 인연이나 협력 기회가 생길 수 있습니다.
664,개띠,개띠에게는 자신감을 가지고 움직이는 것이 중요한 날입니다.
665,닭띠,닭띠에게는 자신감을 가지고 움직이는 것이 중요한 날입니다.
666,뱀띠,오늘 하루 뱀띠는 주변 사람과의 조화를 신경 쓰면 좋습니다.
667,닭띠,오늘 하루 닭띠는 주변 사람과의 조화를 신경 쓰면 좋습니다.
668,호랑이띠,작은 노력 하나가 호랑이띠에게 좋은 결과로 이어질 수 있습니다.
669,뱀띠,오늘은 뱀띠에게 차분한 판단이 도움이 되는 흐름입니다.
670,토끼띠,토끼띠에게는 새로운 인연이나 협력 기회가 생길 수 있습니다.
671,쥐띠,오늘 하루 쥐띠는 주변 사람과의 조화를 신경 쓰면 좋습니다.
672,말띠,말띠에게는 새로운 인연이나 협력 기회가 생길 수 있습니다.
673,양띠,양띠에게는 새로운 인연이나 협력 기회가 생길 수 있습니다.
674,뱀띠,오늘 하루 뱀띠는 주변 사람과의 조화를 신경 쓰면 좋습니다.
675,원숭이띠,오늘 하루 원숭이띠는 주변 사람과의 조화를 신경 쓰면 좋습니다.
676,돼지띠,돼지띠에게는 예상치 못한 도움이나 조언이 찾아올 수 있습니다.
677,닭띠,닭띠에게는 새로운 인연이나 협력 기회가 생길 수 있습니다.
678,닭띠,오늘 하루 닭띠는 주변 사람과의 조화를 신경 쓰면 좋습니다.
679,닭띠,닭띠에게는 예상치 못한 도움이나 조언이 찾아올 수 있습니다.
680,쥐띠,작은 노력 하나가 쥐띠에게 좋은 결과로 이어질 수 있습니다.
681,소띠,소띠에게는 예상치 못한 도움이나 조언이 찾아올 수 있습니다.
682,토끼띠,오늘 하루 토끼띠는 주변 사람과의 조화를 신경 쓰면 좋습니다.
683,닭띠,닭띠에게는 자신감을 가지고 움직이는 것이 중요한 날입니다.
684,말띠,오늘 하루 말띠는 주변 사람과의 조화를 신경 쓰면 좋습니다.
685,돼지띠,오늘은 돼지띠에게 차분한 판단이 도움이 되는 흐름입니다.
686,소띠,소띠에게는 새로운 인연이나 협력 기회가 생길 수 있습니다.
687,쥐띠,쥐띠에게는 예상치 못한 도움이나 조언이 찾아올 수 있습니다.
688,소띠,소띠에게는 새로운 인연이나 협력 기회가 생길 수 있습니다.
689,닭띠,오늘 하루 닭띠는 주변 사람과의 조화를 신경 쓰면 좋습니다.
690,호랑이띠,작은 노력 하나가 호랑이띠에게 좋은 결과로 이어질 수 있습니다.
691,호랑이띠,오늘은 호랑이띠에게 차분한 판단이 도움이 되는 흐름입니다.
692,토끼띠,작은 노력 하나가 토끼띠에게 좋은 결과로 이어질 수 있습니다.
693,뱀띠,뱀띠에게는 자신감을 가지고 움직이는 것이 중요한 날입니다.
694,토끼띠,오늘 하루 토끼띠는 주변 사람과의 조화를 신경 쓰면 좋습니다.
695,용띠,용띠에게는 새로운 인연이나 협력 기회가 생길 수 있습니다.
696,말띠,말띠에게는 자신감을 가지고 움직이는 것이 중요한 날입니다.
697,쥐띠,쥐띠에게는 새로운 인연이나 협력 기회가 생길 수 있습니다.
698,개띠,작은 노력 하나가 개띠에게 좋은 결과로 이어질 수 있습니다.
699,소띠,오늘은 소띠에게 차분한 판단이 도움이 되는 흐름입니다.
700,소띠,오늘은 소띠에게 차분한 판단이 도움이 되는 흐름입니다.
701,소띠,소띠에게는 새로운 인연이나 협력 기회가 생길 수 있습니다.
702,원숭이띠,원숭이띠에게는 새로운 인연이나 협력 기회가 생길 수 있습니다.
703,쥐띠,작은 노력 하나가 쥐띠에게 좋은 결과로 이어질 수 있습니다.
704,토끼띠,오늘 하루 토끼띠는 주변 사람과의 조화를 신경 쓰면 좋습니다.
705,돼지띠,오늘 하루 돼지띠는 주변 사람과의 조화를 신경 쓰면 좋습니다.
706,말띠,오늘은 말띠에게 차분한 판단이 도움이 되는 흐름입니다.
707,토끼띠,작은 노력 하나가 토끼띠에게 좋은 결과로 이어질 수 있습니다.
708,닭띠,작은 노력 하나가 닭띠에게 좋은 결과로 이어질 수 있습니다.
709,닭띠,오늘은 닭띠에게 차분한 판단이 도움이 되는 흐름입니다.
710,닭띠,닭띠에게는 예상치 못한 도움이나 조언이 찾아올 수 있습니다.
711,개띠,개띠에게는 자신감을 가지고 움직이는 것이 중요한 날입니다.
712,원숭이띠,작은 노력 하나가 원숭이띠에게 좋은 결과로 이어질 수 있습니다.
713,호랑이띠,오늘 하루 호랑이띠는 주변 사람과의 조화를 신경 쓰면 좋습니다.
714,쥐띠,오늘 하루 쥐띠는 주변 사람과의 조화를 신경 쓰면 좋습니다.
715,용띠,용띠에게는 새로운 인연이나 협력 기회가 생길 수 있습니다.
716,양띠,오늘은 양띠에게 차분한 판단이 도움이 되는 흐름입니다.
717,용띠,오늘은 용띠에게 차분한 판단이 도움이 되는 흐름입니다.
718,원숭이띠,원숭이띠에게는 예상치 못한 도움이나 조언이 찾아올 수 있습니다.
719,호랑이띠,작은 노력 하나가 호랑이띠에게 좋은 결과로 이어질 수 있습니다.
720,돼지띠,작은 노력 하나가 돼지띠에게 좋은 결과로 이어질 수 있습니다.
721,양띠,오늘 하루 양띠는 주변 사람과의 조화를 신경 쓰면 좋습니다.
722,원숭이띠,원숭이띠에게는 예상치 못한 도움이나 조언이 찾아올 수 있습니다.
723,양띠,오늘 하루 양띠는 주변 사람과의 조화를 신경 쓰면 좋습니다.
724,돼지띠,돼지띠에게는 자신감을 가지고 움직이는 것이 중요한 날입니다.
725,소띠,작은 노력 하나가 소띠에게 좋은 결과로 이어질 수 있습니다.
726,뱀띠,뱀띠에게는 예상치 못한 도움이나 조언이 찾아올 수 있습니다.
727,토끼띠,오늘은 토끼띠에게 차분한 판단이 도움이 되는 흐름입니다.
728,말띠,말띠에게는 새로운 인연이나 협력 기회가 생길 수 있습니다.
729,말띠,오늘은 말띠에게 차분한 판단이 도움이 되는 흐름입니다.
730,말띠,말띠에게는 새로운 인연이나 협력 기회가 생길 수 있습니다.
731,원숭이띠,원숭이띠에게는 예상치 못한 도움이나 조언이 찾아올 수 있습니다.
732,용띠,용띠에게는 자신감을 가지고 움직이는 것이 중요한 날입니다.
733,소띠,소띠에게는 예상치 못한 도움이나 조언이 찾아올 수 있습니다.
734,개띠,오늘 하루 개띠는 주변 사람과의 조화를 신경 쓰면 좋습니다.
735,호랑이띠,오늘 하루 호랑이띠는 주변 사람과의 조화를 신경 쓰면 좋습니다.
736,원숭이띠,원숭이띠에게는 예상치 못한 도움이나 조언이 찾아올 수 있습니다.
737,개띠,개띠에게는 새로운 인연이나 협력 기회가 생길 수 있습니다.
738,호랑이띠,작은 노력 하나가 호랑이띠에게 좋은 결과로 이어질 수 있습니다.
739,양띠,작은 노력 하나가 양띠에게 좋은 결과로 이어질 수 있습니다.
740,토끼띠,토끼띠에게는 예상치 못한 도움이나 조언이 찾아올 수 있습니다.
741,소띠,오늘은 소띠에게 차분한 판단이 도움이 되는 흐름입니다.
742,소띠,소띠에게는 새로운 인연이나 협력 기회가 생길 수 있습니다.
743,닭띠,닭띠에게는 새로운 인연이나 협력 기회가 생길 수 있습니다.
744,호랑이띠,호랑이띠에게는 자신감을 가지고 움직이는 것이 중요한 날입니다.
745,개띠,오늘은 개띠에게 차분한 판단이 도움이 되는 흐름입니다.
746,호랑이띠,오늘은 호랑이띠에게 차분한 판단이 도움이 되는 흐름입니다.
747,용띠,오늘은 용띠에게 차분한 판단이 도움이 되는 흐름입니다.
748,말띠,말띠에게는 예상치 못한 도움이나 조언이 찾아올 수 있습니다.
749,쥐띠,쥐띠에게는 자신감을 가지고 움직이는 것이 중요한 날입니다.
750,원숭이띠,작은 노력 하나가 원숭이띠에게 좋은 결과로 이어질 수 있습니다.
751,뱀띠,오늘은 뱀띠에게 차분한 판단이 도움이 되는 흐름입니다.
752,원숭이띠,원숭이띠에게는 자신감을 가지고 움직이는 것이 중요한 날입니다.
753,말띠,오늘은 말띠에게 차분한 판단이 도움이 되는 흐름입니다.
754,토끼띠,토끼띠에게는 자신감을 가지고 움직이는 것이 중요한 날입니다.
755,닭띠,작은 노력 하나가 닭띠에게 좋은 결과로 이어질 수 있습니다.
756,닭띠,오늘은 닭띠에게 차분한 판단이 도움이 되는 흐름입니다.
757,소띠,오늘 하루 소띠는 주변 사람과의 조화를 신경 쓰면 좋습니다.
758,돼지띠,작은 노력 하나가 돼지띠에게 좋은 결과로 이어질 수 있습니다.
759,뱀띠,뱀띠에게는 자신감을 가지고 움직이는 것이 중요한 날입니다.
760,개띠,오늘 하루 개띠는 주변 사람과의 조화를 신경 쓰면 좋습니다.
761,소띠,오늘은 소띠에게 차분한 판단이 도움이 되는 흐름입니다.
762,닭띠,작은 노력 하나가 닭띠에게 좋은 결과로 이어질 수 있습니다.
763,말띠,말띠에게는 자신감을 가지고 움직이는 것이 중요한 날입니다.
764,개띠,오늘은 개띠에게 차분한 판단이 도움이 되는 흐름입니다.
765,토끼띠,오늘 하루 토끼띠는 주변 사람과의 조화를 신경 쓰면 좋습니다.
766,토끼띠,오늘은 토끼띠에게 차분한 판단이 도움이 되는 흐름입니다.
767,쥐띠,쥐띠에게는 새로운 인연이나 협력 기회가 생길 수 있습니다.
768,말띠,오늘 하루 말띠는 주변 사람과의 조화를 신경 쓰면 좋습니다.
769,돼지띠,돼지띠에게는 자신감을 가지고 움직이는 것이 중요한 날입니다.
770,용띠,오늘 하루 용띠는 주변 사람과의 조화를 신경 쓰면 좋습니다.
771,용띠,용띠에게는 새로운 인연이나 협력 기회가 생길 수 있습니다.
772,개띠,작은 노력 하나가 개띠에게 좋은 결과로 이어질 수 있습니다.
773,닭띠,작은 노력 하나가 닭띠에게 좋은 결과로 이어질 수 있습니다.
774,용띠,용띠에게는 예상치 못한 도움이나 조언이 찾아올 수 있습니다.
775,돼지띠,작은 노력 하나가 돼지띠에게 좋은 결과로 이어질 수 있습니다.
776,토끼띠,오늘은 토끼띠에게 차분한 판단이 도움이 되는 흐름입니다.
777,소띠,소띠에게는 자신감을 가지고 움직이는 것이 중요한 날입니다.
778,호랑이띠,오늘 하루 호랑이띠는 주변 사람과의 조화를 신경 쓰면 좋습니다.
779,닭띠,오늘은 닭띠에게 차분한 판단이 도움이 되는 흐름입니다.
780,말띠,말띠에게는 예상치 못한 도움이나 조언이 찾아올 수 있습니다.
781,닭띠,오늘은 닭띠에게 차분한 판단이 도움이 되는 흐름입니다.
782,양띠,양띠에게는 새로운 인연이나 협력 기회가 생길 수 있습니다.
783,개띠,작은 노력 하나가 개띠에게 좋은 결과로 이어질 수 있습니다.
784,뱀띠,뱀띠에게는 자신감을 가지고 움직이는 것이 중요한 날입니다.
785,개띠,개띠에게는 자신감을 가지고 움직이는 것이 중요한 날입니다.
786,개띠,작은 노력 하나가 개띠에게 좋은 결과로 이어질 수 있습니다.
787,원숭이띠,원숭이띠에게는 자신감을 가지고 움직이는 것이 중요한 날입니다.
788,뱀띠,작은 노력 하나가 뱀띠에게 좋은 결과로 이어질 수 있습니다.
789,원숭이띠,오늘 하루 원숭이띠는 주변 사람과의 조화를 신경 쓰면 좋습니다.
790,용띠,작은 노력 하나가 용띠에게 좋은 결과로 이어질 수 있습니다.
791,양띠,오늘 하루 양띠는 주변 사람과의 조화를 신경 쓰면 좋습니다.
792,호랑이띠,오늘은 호랑이띠에게 차분한 판단이 도움이 되는 흐름입니다.
793,닭띠,오늘은 닭띠에게 차분한 판단이 도움이 되는 흐름입니다.
794,토끼띠,오늘 하루 토끼띠는 주변 사람과의 조화를 신경 쓰면 좋습니다.
795,소띠,작은 노력 하나가 소띠에게 좋은 결과로 이어질 수 있습니다.
796,돼지띠,오늘 하루 돼지띠는 주변 사람과의 조화를 신경 쓰면 좋습니다.
797,용띠,용띠에게는 새로운 인연이나 협력 기회가 생길 수 있습니다.
798,돼지띠,오늘 하루 돼지띠는 주변 사람과의 조화를 신경 쓰면 좋습니다.
799,원숭이띠,오늘은 원숭이띠에게 차분한 판단이 도움이 되는 흐름입니다.
800,토끼띠,토끼띠에게는 예상치 못한 도움이나 조언이 찾아올 수 있습니다.
801,소띠,오늘 하루 소띠는 주변 사람과의 조화를 신경 쓰면 좋습니다.
802,용띠,용띠에게는 자신감을 가지고 움직이는 것이 중요한 날입니다.
803,닭띠,닭띠에게는 예상치 못한 도움이나 조언이 찾아올 수 있습니다.
804,소띠,오늘 하루 소띠는 주변 사람과의 조화를 신경 쓰면 좋습니다.
805,원숭이띠,원숭이띠에게는 예상치 못한 도움이나 조언이 찾아올 수 있습니다.
806,개띠,작은 노력 하나가 개띠에게 좋은 결과로 이어질 수 있습니다.
807,호랑이띠,호랑이띠에게는 자신감을 가지고 움직이는 것이 중요한 날입니다.
808,양띠,양띠에게는 자신감을 가지고 움직이는 것이 중요한 날입니다.
809,개띠,작은 노력 하나가 개띠에게 좋은 결과로 이어질 수 있습니다.
810,말띠,오늘은 말띠에게 차분한 판단이 도움이 되는 흐름입니다.
811,용띠,오늘은 용띠에게 차분한 판단이 도움이 되는 흐름입니다.
812,개띠,오늘 하루 개띠는 주변 사람과의 조화를 신경 쓰면 좋습니다.
813,원숭이띠,오늘은 원숭이띠에게 차분한 판단이 도움이 되는 흐름입니다.
814,원숭이띠,원숭이띠에게는 새로운 인연이나 협력 기회가 생길 수 있습니다.
815,원숭이띠,작은 노력 하나가 원숭이띠에게 좋은 결과로 이어질 수 있습니다.
816,용띠,작은 노력 하나가 용띠에게 좋은 결과로 이어질 수 있습니다.
817,호랑이띠,작은 노력 하나가 호랑이띠에게 좋은 결과로 이어질 수 있습니다.
818,닭띠,닭띠에게는 예상치 못한 도움이나 조언이 찾아올 수 있습니다.
819,돼지띠,오늘 하루 돼지띠는 주변 사람과의 조화를 신경 쓰면 좋습니다.
820,용띠,용띠에게는 예상치 못한 도움이나 조언이 찾아올 수 있습니다.
821,양띠,양띠에게는 새로운 인연이나 협력 기회가 생길 수 있습니다.
822,원숭이띠,원숭이띠에게는 예상치 못한 도움이나 조언이 찾아올 수 있습니다.
823,소띠,오늘 하루 소띠는 주변 사람과의 조화를 신경 쓰면 좋습니다.
824,돼지띠,오늘 하루 돼지띠는 주변 사람과의 조화를 신경 쓰면 좋습니다.
825,개띠,작은 노력 하나가 개띠에게 좋은 결과로 이어질 수 있습니다.
826,말띠,오늘 하루 말띠는 주변 사람과의 조화를 신경 쓰면 좋습니다.
827,용띠,오늘은 용띠에게 차분한 판단이 도움이 되는 흐름입니다.
828,개띠,작은 노력 하나가 개띠에게 좋은 결과로 이어질 수 있습니다.
829,소띠,소띠에게는 자신감을 가지고 움직이는 것이 중요한 날입니다.
830,양띠,작은 노력 하나가 양띠에게 좋은 결과로 이어질 수 있습니다.
831,원숭이띠,원숭이띠에게는 자신감을 가지고 움직이는 것이 중요한 날입니다.
832,양띠,오늘 하루 양띠는 주변 사람과의 조화를 신경 쓰면 좋습니다.
833,말띠,오늘 하루 말띠는 주변 사람과의 조화를 신경 쓰면 좋습니다.
834,토끼띠,토끼띠에게는 새로운 인연이나 협력 기회가 생길 수 있습니다.
835,토끼띠,토끼띠에게는 새로운 인연이나 협력 기회가 생길 수 있습니다.
836,닭띠,닭띠에게는 자신감을 가지고 움직이는 것이 중요한 날입니다.
837,호랑이띠,오늘은 호랑이띠에게 차분한 판단이 도움이 되는 흐름입니다.
838,닭띠,작은 노력 하나가 닭띠에게 좋은 결과로 이어질 수 있습니다.
839,뱀띠,뱀띠에게는 새로운 인연이나 협력 기회가 생길 수 있습니다.
840,소띠,작은 노력 하나가 소띠에게 좋은 결과로 이어질 수 있습니다.
841,말띠,말띠에게는 자신감을 가지고 움직이는 것이 중요한 날입니다.
842,호랑이띠,작은 노력 하나가 호랑이띠에게 좋은 결과로 이어질 수 있습니다.
843,개띠,개띠에게는 예상치 못한 도움이나 조언이 찾아올 수 있습니다.
844,돼지띠,돼지띠에게는 예상치 못한 도움이나 조언이 찾아올 수 있습니다.
845,원숭이띠,작은 노력 하나가 원숭이띠에게 좋은 결과로 이어질 수 있습니다.
846,뱀띠,오늘 하루 뱀띠는 주변 사람과의 조화를 신경 쓰면 좋습니다.
847,돼지띠,작은 노력 하나가 돼지띠에게 좋은 결과로 이어질 수 있습니다.
848,용띠,용띠에게는 예상치 못한 도움이나 조언이 찾아올 수 있습니다.
849,소띠,소띠에게는 자신감을 가지고 움직이는 것이 중요한 날입니다.
850,토끼띠,오늘 하루 토끼띠는 주변 사람과의 조화를 신경 쓰면 좋습니다.
851,소띠,오늘은 소띠에게 차분한 판단이 도움이 되는 흐름입니다.
852,말띠,말띠에게는 새로운 인연이나 협력 기회가 생길 수 있습니다.
853,호랑이띠,작은 노력 하나가 호랑이띠에게 좋은 결과로 이어질 수 있습니다.
854,닭띠,오늘 하루 닭띠는 주변 사람과의 조화를 신경 쓰면 좋습니다.
855,원숭이띠,원숭이띠에게는 자신감을 가지고 움직이는 것이 중요한 날입니다.
856,호랑이띠,호랑이띠에게는 새로운 인연이나 협력 기회가 생길 수 있습니다.
857,용띠,용띠에게는 자신감을 가지고 움직이는 것이 중요한 날입니다.
858,소띠,오늘 하루 소띠는 주변 사람과의 조화를 신경 쓰면 좋습니다.
859,호랑이띠,호랑이띠에게는 새로운 인연이나 협력 기회가 생길 수 있습니다.
860,용띠,용띠에게는 예상치 못한 도움이나 조언이 찾아올 수 있습니다.
861,돼지띠,돼지띠에게는 예상치 못한 도움이나 조언이 찾아올 수 있습니다.
862,용띠,오늘 하루 용띠는 주변 사람과의 조화를 신경 쓰면 좋습니다.
863,양띠,양띠에게는 자신감을 가지고 움직이는 것이 중요한 날입니다.
864,돼지띠,오늘 하루 돼지띠는 주변 사람과의 조화를 신경 쓰면 좋습니다.
865,말띠,오늘 하루 말띠는 주변 사람과의 조화를 신경 쓰면 좋습니다.
866,쥐띠,쥐띠에게는 새로운 인연이나 협력 기회가 생길 수 있습니다.
867,쥐띠,오늘 하루 쥐띠는 주변 사람과의 조화를 신경 쓰면 좋습니다.
868,소띠,오늘은 소띠에게 차분한 판단이 도움이 되는 흐름입니다.
869,토끼띠,토끼띠에게는 새로운 인연이나 협력 기회가 생길 수 있습니다.
870,양띠,양띠에게는 새로운 인연이나 협력 기회가 생길 수 있습니다.
871,닭띠,작은 노력 하나가 닭띠에게 좋은 결과로 이어질 수 있습니다.
872,호랑이띠,호랑이띠에게는 자신감을 가지고 움직이는 것이 중요한 날입니다.
873,양띠,양띠에게는 예상치 못한 도움이나 조언이 찾아올 수 있습니다.
874,닭띠,닭띠에게는 예상치 못한 도움이나 조언이 찾아올 수 있습니다.
875,돼지띠,오늘은 돼지띠에게 차분한 판단이 도움이 되는 흐름입니다.
876,용띠,작은 노력 하나가 용띠에게 좋은 결과로 이어질 수 있습니다.
877,용띠,작은 노력 하나가 용띠에게 좋은 결과로 이어질 수 있습니다.
878,뱀띠,오늘은 뱀띠에게 차분한 판단이 도움이 되는 흐름입니다.
879,말띠,말띠에게는 예상치 못한 도움이나 조언이 찾아올 수 있습니다.
880,호랑이띠,호랑이띠에게는 자신감을 가지고 움직이는 것이 중요한 날입니다.
881,양띠,양띠에게는 예상치 못한 도움이나 조언이 찾아올 수 있습니다.
882,원숭이띠,오늘은 원숭이띠에게 차분한 판단이 도움이 되는 흐름입니다.
883,개띠,작은 노력 하나가 개띠에게 좋은 결과로 이어질 수 있습니다.
884,원숭이띠,원숭이띠에게는 예상치 못한 도움이나 조언이 찾아올 수 있습니다.
885,말띠,말띠에게는 새로운 인연이나 협력 기회가 생길 수 있습니다.
886,호랑이띠,오늘 하루 호랑이띠는 주변 사람과의 조화를 신경 쓰면 좋습니다.
887,호랑이띠,오늘 하루 호랑이띠는 주변 사람과의 조화를 신경 쓰면 좋습니다.
888,말띠,오늘은 말띠에게 차분한 판단이 도움이 되는 흐름입니다.
889,호랑이띠,호랑이띠에게는 자신감을 가지고 움직이는 것이 중요한 날입니다.
890,호랑이띠,오늘 하루 호랑이띠는 주변 사람과의 조화를 신경 쓰면 좋습니다.
891,돼지띠,돼지띠에게는 예상치 못한 도움이나 조언이 찾아올 수 있습니다.
892,토끼띠,토끼띠에게는 자신감을 가지고 움직이는 것이 중요한 날입니다.
893,토끼띠,오늘 하루 토끼띠는 주변 사람과의 조화를 신경 쓰면 좋습니다.
894,원숭이띠,원숭이띠에게는 새로운 인연이나 협력 기회가 생길 수 있습니다.
895,호랑이띠,작은 노력 하나가 호랑이띠에게 좋은 결과로 이어질 수 있습니다.
896,용띠,용띠에게는 새로운 인연이나 협력 기회가 생길 수 있습니다.
897,토끼띠,토끼띠에게는 자신감을 가지고 움직이는 것이 중요한 날입니다.
898,용띠,용띠에게는 새로운 인연이나 협력 기회가 생길 수 있습니다.
899,원숭이띠,오늘은 원숭이띠에게 차분한 판단이 도움이 되는 흐름입니다.
900,토끼띠,토끼띠에게는 새로운 인연이나 협력 기회가 생길 수 있습니다.
901,말띠,오늘은 말띠에게 차분한 판단이 도움이 되는 흐름입니다.
902,닭띠,작은 노력 하나가 닭띠에게 좋은 결과로 이어질 수 있습니다.
903,뱀띠,작은 노력 하나가 뱀띠에게 좋은 결과로 이어질 수 있습니다.
904,토끼띠,토끼띠에게는 새로운 인연이나 협력 기회가 생길 수 있습니다.
905,닭띠,오늘 하루 닭띠는 주변 사람과의 조화를 신경 쓰면 좋습니다.
906,말띠,말띠에게는 자신감을 가지고 움직이는 것이 중요한 날입니다.
907,돼지띠,돼지띠에게는 새로운 인연이나 협력 기회가 생길 수 있습니다.
908,소띠,오늘은 소띠에게 차분한 판단이 도움이 되는 흐름입니다.
909,양띠,양띠에게는 새로운 인연이나 협력 기회가 생길 수 있습니다.
910,양띠,양띠에게는 자신감을 가지고 움직이는 것이 중요한 날입니다.
911,쥐띠,작은 노력 하나가 쥐띠에게 좋은 결과로 이어질 수 있습니다.
912,소띠,오늘 하루 소띠는 주변 사람과의 조화를 신경 쓰면 좋습니다.
913,말띠,말띠에게는 새로운 인연이나 협력 기회가 생길 수 있습니다.
914,호랑이띠,오늘 하루 호랑이띠는 주변 사람과의 조화를 신경 쓰면 좋습니다.
915,닭띠,닭띠에게는 자신감을 가지고 움직이는 것이 중요한 날입니다.
916,뱀띠,뱀띠에게는 새로운 인연이나 협력 기회가 생길 수 있습니다.
917,양띠,양띠에게는 예상치 못한 도움이나 조언이 찾아올 수 있습니다.
918,소띠,소띠에게는 자신감을 가지고 움직이는 것이 중요한 날입니다.
919,소띠,오늘 하루 소띠는 주변 사람과의 조화를 신경 쓰면 좋습니다.
920,소띠,오늘 하루 소띠는 주변 사람과의 조화를 신경 쓰면 좋습니다.
921,쥐띠,쥐띠에게는 새로운 인연이나 협력 기회가 생길 수 있습니다.
922,토끼띠,오늘 하루 토끼띠는 주변 사람과의 조화를 신경 쓰면 좋습니다.
923,뱀띠,오늘 하루 뱀띠는 주변 사람과의 조화를 신경 쓰면 좋습니다.
924,뱀띠,뱀띠에게는 새로운 인연이나 협력 기회가 생길 수 있습니다.
925,토끼띠,토끼띠에게는 자신감을 가지고 움직이는 것이 중요한 날입니다.
926,말띠,말띠에게는 예상치 못한 도움이나 조언이 찾아올 수 있습니다.
927,양띠,양띠에게는 자신감을 가지고 움직이는 것이 중요한 날입니다.
928,호랑이띠,오늘 하루 호랑이띠는 주변 사람과의 조화를 신경 쓰면 좋습니다.
929,돼지띠,돼지띠에게는 새로운 인연이나 협력 기회가 생길 수 있습니다.
930,용띠,작은 노력 하나가 용띠에게 좋은 결과로 이어질 수 있습니다.
931,닭띠,닭띠에게는 새로운 인연이나 협력 기회가 생길 수 있습니다.
932,용띠,오늘 하루 용띠는 주변 사람과의 조화를 신경 쓰면 좋습니다.
933,말띠,작은 노력 하나가 말띠에게 좋은 결과로 이어질 수 있습니다.
934,토끼띠,토끼띠에게는 자신감을 가지고 움직이는 것이 중요한 날입니다.
935,개띠,개띠에게는 예상치 못한 도움이나 조언이 찾아올 수 있습니다.
936,돼지띠,오늘 하루 돼지띠는 주변 사람과의 조화를 신경 쓰면 좋습니다.
937,돼지띠,오늘 하루 돼지띠는 주변 사람과의 조화를 신경 쓰면 좋습니다.
938,토끼띠,토끼띠에게는 새로운 인연이나 협력 기회가 생길 수 있습니다.
939,토끼띠,오늘 하루 토끼띠는 주변 사람과의 조화를 신경 쓰면 좋습니다.
940,용띠,용띠에게는 예상치 못한 도움이나 조언이 찾아올 수 있습니다.
941,양띠,작은 노력 하나가 양띠에게 좋은 결과로 이어질 수 있습니다.
942,말띠,말띠에게는 예상치 못한 도움이나 조언이 찾아올 수 있습니다.
943,닭띠,닭띠에게는 자신감을 가지고 움직이는 것이 중요한 날입니다.
944,닭띠,닭띠에게는 예상치 못한 도움이나 조언이 찾아올 수 있습니다.
945,호랑이띠,호랑이띠에게는 예상치 못한 도움이나 조언이 찾아올 수 있습니다.
946,용띠,용띠에게는 자신감을 가지고 움직이는 것이 중요한 날입니다.
947,말띠,말띠에게는 자신감을 가지고 움직이는 것이 중요한 날입니다.
948,돼지띠,돼지띠에게는 자신감을 가지고 움직이는 것이 중요한 날입니다.
949,개띠,오늘은 개띠에게 차분한 판단이 도움이 되는 흐름입니다.
950,말띠,말띠에게는 새로운 인연이나 협력 기회가 생길 수 있습니다.
951,토끼띠,작은 노력 하나가 토끼띠에게 좋은 결과로 이어질 수 있습니다.
952,원숭이띠,원숭이띠에게는 예상치 못한 도움이나 조언이 찾아올 수 있습니다.
953,말띠,오늘 하루 말띠는 주변 사람과의 조화를 신경 쓰면 좋습니다.
954,개띠,작은 노력 하나가 개띠에게 좋은 결과로 이어질 수 있습니다.
955,양띠,양띠에게는 자신감을 가지고 움직이는 것이 중요한 날입니다.
956,용띠,오늘 하루 용띠는 주변 사람과의 조화를 신경 쓰면 좋습니다.
957,말띠,오늘 하루 말띠는 주변 사람과의 조화를 신경 쓰면 좋습니다.
958,뱀띠,작은 노력 하나가 뱀띠에게 좋은 결과로 이어질 수 있습니다.
959,말띠,말띠에게는 예상치 못한 도움이나 조언이 찾아올 수 있습니다.
960,소띠,오늘 하루 소띠는 주변 사람과의 조화를 신경 쓰면 좋습니다.
961,돼지띠,작은 노력 하나가 돼지띠에게 좋은 결과로 이어질 수 있습니다.
962,개띠,작은 노력 하나가 개띠에게 좋은 결과로 이어질 수 있습니다.
963,쥐띠,쥐띠에게는 예상치 못한 도움이나 조언이 찾아올 수 있습니다.
964,개띠,작은 노력 하나가 개띠에게 좋은 결과로 이어질 수 있습니다.
965,뱀띠,작은 노력 하나가 뱀띠에게 좋은 결과로 이어질 수 있습니다.
966,호랑이띠,호랑이띠에게는 예상치 못한 도움이나 조언이 찾아올 수 있습니다.
967,개띠,개띠에게는 자신감을 가지고 움직이는 것이 중요한 날입니다.
968,개띠,오늘 하루 개띠는 주변 사람과의 조화를 신경 쓰면 좋습니다.
969,토끼띠,토끼띠에게는 예상치 못한 도움이나 조언이 찾아올 수 있습니다.
970,용띠,오늘 하루 용띠는 주변 사람과의 조화를 신경 쓰면 좋습니다.
971,닭띠,오늘은 닭띠에게 차분한 판단이 도움이 되는 흐름입니다.
972,말띠,작은 노력 하나가 말띠에게 좋은 결과로 이어질 수 있습니다.
973,닭띠,오늘은 닭띠에게 차분한 판단이 도움이 되는 흐름입니다.
974,돼지띠,오늘 하루 돼지띠는 주변 사람과의 조화를 신경 쓰면 좋습니다.
975,원숭이띠,작은 노력 하나가 원숭이띠에게 좋은 결과로 이어질 수 있습니다.
976,뱀띠,작은 노력 하나가 뱀띠에게 좋은 결과로 이어질 수 있습니다.
977,용띠,작은 노력 하나가 용띠에게 좋은 결과로 이어질 수 있습니다.
978,소띠,소띠에게는 새로운 인연이나 협력 기회가 생길 수 있습니다.
979,용띠,용띠에게는 새로운 인연이나 협력 기회가 생길 수 있습니다.
980,뱀띠,뱀띠에게는 새로운 인연이나 협력 기회가 생길 수 있습니다.
981,개띠,오늘은 개띠에게 차분한 판단이 도움이 되는 흐름입니다.
982,호랑이띠,오늘은 호랑이띠에게 차분한 판단이 도움이 되는 흐름입니다.
983,소띠,작은 노력 하나가 소띠에게 좋은 결과로 이어질 수 있습니다.
984,쥐띠,쥐띠에게는 예상치 못한 도움이나 조언이 찾아올 수 있습니다.
985,뱀띠,뱀띠에게는 새로운 인연이나 협력 기회가 생길 수 있습니다.
986,호랑이띠,호랑이띠에게는 예상치 못한 도움이나 조언이 찾아올 수 있습니다.
987,뱀띠,작은 노력 하나가 뱀띠에게 좋은 결과로 이어질 수 있습니다.
988,호랑이띠,작은 노력 하나가 호랑이띠에게 좋은 결과로 이어질 수 있습니다.
989,양띠,양띠에게는 예상치 못한 도움이나 조언이 찾아올 수 있습니다.
990,말띠,오늘 하루 말띠는 주변 사람과의 조화를 신경 쓰면 좋습니다.
991,호랑이띠,호랑이띠에게는 자신감을 가지고 움직이는 것이 중요한 날입니다.
992,개띠,작은 노력 하나가 개띠에게 좋은 결과로 이어질 수 있습니다.
993,쥐띠,작은 노력 하나가 쥐띠에게 좋은 결과로 이어질 수 있습니다.
994,용띠,작은 노력 하나가 용띠에게 좋은 결과로 이어질 수 있습니다.
995,토끼띠,토끼띠에게는 자신감을 가지고 움직이는 것이 중요한 날입니다.
996,호랑이띠,오늘은 호랑이띠에게 차분한 판단이 도움이 되는 흐름입니다.
997,쥐띠,오늘은 쥐띠에게 차분한 판단이 도움이 되는 흐름입니다.
998,개띠,개띠에게는 새로운 인연이나 협력 기회가 생길 수 있습니다.
999,호랑이띠,오늘은 호랑이띠에게 차분한 판단이 도움이 되는 흐름입니다.
1000,돼지띠,돼지띠에게는 예상치 못한 도움이나 조언이 찾아올 수 있습니다.
